{"type": "FeatureCollection", "features": [{"type": "Feature", "properties": {"shapeID": "36957248B55328686942733", "shapeName": "Kilimanjaro"}, "geometry": {"type": "Polygon", "coordinates": [[[37.95057, -4.5618], [37.86491, -4.56346], [37.8187, -4.5748], [37.79204, -4.57171], [37.71787, -4.51339], [37.60218, -4.46098], [37.57491, -4.43722], [37.54438, -4.38542], [37.54287, -4.36337], [37.55295, -4.33596], [37.55501, -4.25979], [37.54584, -4.16512], [37.56131, -4.11575], [37.55337, -4.06195], [37.51295, -3.94389], [37.50793, -3.89889], [37.51154, -3.78097], [37.47544, -3.73232], [37.44412, -3.67179], [37.39923, -3.62578], [37.32645, -3.4743], [37.30022, -3.47351], [37.24782, -3.43704], [37.22211, -3.43212], [37.10873, -3.47107], [37.11119, -3.33754], [37.05072, -3.31795], [36.99684, -3.28789], [36.97409, -3.23895], [36.97906, -3.15318], [36.99157, -3.08678], [36.97818, -2.9659], [37.13385, -2.90132], [37.16692, -2.87558], [37.21325, -2.85643], [37.27184, -2.84846], [37.33231, -2.89926], [37.36068, -2.91063], [37.38876, -2.91099], [37.40866, -2.89709], [37.51209, -2.95466], [37.67272, -3.06079], [37.70477, -3.23038], [37.71145, -3.30907], [37.61351, -3.40488], [37.59164, -3.44039], [37.59513, -3.4581], [37.61826, -3.45481], [37.62675, -3.461], [37.62565, -3.47297], [37.60469, -3.5064], [37.60839, -3.51997], [37.6789, -3.50456], [37.73766, -3.53568], [37.75467, -3.55404], [37.81128, -3.68916], [37.99162, -3.81239], [38.47091, -4.15765], [38.38588, -4.26991], [38.2558, -4.40916], [38.15663, -4.54422], [38.11881, -4.57954], [38.06754, -4.62112], [38.03849, -4.62396], [37.97322, -4.58595], [37.95057, -4.5618]]]}}, {"type": "Feature", "properties": {"shapeID": "36957248B94562559517692", "shapeName": "Mara"}, "geometry": {"type": "Polygon", "coordinates": [[[34.60269, -2.52488], [34.52322, -2.51285], [34.46558, -2.4575], [34.43736, -2.40527], [34.42461, -2.39593], [34.32392, -2.35563], [34.28647, -2.33542], [34.25878, -2.30936], [34.22865, -2.292], [34.11431, -2.27218], [34.07061, -2.23904], [33.98769, -2.21182], [33.93607, -2.2153], [33.82896, -2.20033], [33.63527, -2.25494], [33.35872, -2.29661], [33.33998, -2.29724], [33.27189, -2.26239], [33.20966, -2.1648], [33.19147, -2.08635], [33.19434, -2.02033], [33.25466, -1.93804], [33.27859, -1.83374], [33.36476, -1.78111], [33.42316, -1.77632], [33.45093, -1.75718], [33.46816, -1.46625], [32.74476, -1.46219], [32.75025, -1.0], [34.01892, -1.0], [34.02814, -1.01417], [34.0293, -1.03547], [34.03754, -1.04518], [34.04609, -1.04585], [34.08033, -1.02186], [35.31452, -1.71863], [35.31985, -1.82807], [35.28731, -1.94102], [35.27564, -2.04369], [35.25042, -2.09845], [35.30072, -2.21338], [35.22448, -2.4975], [34.60269, -2.52488]]]}}, {"type": "Feature", "properties": {"shapeID": "36957248B99133684808243", "shapeName": "Manyara"}, "geometry": {"type": "Polygon", "coordinates": [[[37.22211, -3.43212], [37.24782, -3.43704], [37.30022, -3.47351], [37.32645, -3.4743], [37.39923, -3.62578], [37.44412, -3.67179], [37.47544, -3.73232], [37.51154, -3.78097], [37.50793, -3.89889], [37.51295, -3.94389], [37.55337, -4.06195], [37.56131, -4.11575], [37.54584, -4.16512], [37.55501, -4.25979], [37.55295, -4.33596], [37.54287, -4.36337], [37.54438, -4.38542], [37.57491, -4.43722], [37.60218, -4.46098], [37.71787, -4.51339], [37.79204, -4.57171], [37.8187, -4.5748], [37.86491, -4.56346], [37.95057, -4.5618], [37.97322, -4.58595], [37.97337, -4.60707], [37.99758, -4.68127], [38.00519, -4.7571], [37.99712, -4.80382], [37.98514, -4.83534], [38.01839, -4.88992], [38.0391, -4.95265], [37.99578, -4.95481], [37.94053, -4.98624], [37.85579, -4.98745], [37.7837, -5.06105], [37.65205, -5.06519], [37.57718, -5.04309], [37.47836, -5.10383], [37.36507, -5.29057], [37.35978, -5.3667], [37.32224, -5.53697], [37.29654, -5.59264], [37.23721, -5.68139], [37.21473, -5.76785], [37.28828, -5.80596], [36.99975, -5.98084], [36.8595, -5.93912], [36.72541, -5.9466], [36.58578, -5.77086], [36.47484, -5.70841], [36.43454, -5.66291], [36.25748, -5.4968], [36.2787, -5.43235], [36.30568, -5.38312], [36.30406, -5.33766], [36.289, -5.298], [36.22119, -5.30723], [36.36079, -4.65494], [36.31534, -4.4625], [36.30552, -4.38022], [36.30974, -4.28297], [36.29974, -4.21307], [35.95803, -4.34229], [35.86494, -4.28695], [35.84435, -4.33947], [35.8092, -4.38079], [35.68125, -4.4705], [35.66063, -4.52532], [35.68251, -4.57058], [35.69079, -4.60189], [35.65358, -4.65788], [35.59792, -4.71592], [35.56068, -4.77374], [35.4951, -4.8491], [35.32267, -4.83451], [35.19702, -4.77003], [35.17796, -4.65963], [35.14099, -4.63805], [35.10329, -4.63481], [35.03735, -4.54952], [35.00506, -4.49173], [34.92235, -4.48104], [34.85234, -4.46287], [34.97515, -4.18337], [35.01759, -4.1169], [35.08721, -4.04893], [34.78854, -3.82527], [34.9008, -3.81306], [34.93884, -3.81847], [34.96472, -3.83572], [34.99491, -3.83572], [35.03804, -3.82278], [35.06823, -3.82278], [35.11137, -3.87454], [35.17725, -3.89561], [35.27324, -3.88601], [35.3184, -3.83141], [35.36153, -3.81847], [35.41329, -3.75809], [35.4478, -3.73652], [35.51681, -3.72789], [35.55131, -3.75809], [35.60919, -3.7881], [35.73336, -3.7891], [35.75018, -3.71129], [35.75318, -3.63375], [35.76196, -3.60082], [35.79346, -3.55761], [35.82019, -3.43265], [35.86173, -3.39508], [35.88709, -3.39265], [35.9192, -3.4004], [35.92945, -3.54603], [35.89746, -3.59107], [35.91082, -3.62153], [35.97883, -3.6302], [36.04734, -3.66319], [36.08616, -3.71927], [36.12066, -3.80984], [36.17242, -3.80984], [36.20261, -3.80122], [36.23712, -3.80553], [36.31044, -3.84004], [36.34495, -3.87023], [36.40102, -3.98237], [36.41827, -4.09452], [36.4332, -4.09931], [36.45169, -4.08924], [36.45922, -4.07786], [36.47773, -4.01062], [36.48818, -3.92768], [36.51894, -3.87207], [36.56622, -3.85064], [36.58418, -3.85041], [36.64154, -3.83232], [36.76196, -3.69249], [36.79404, -3.64103], [36.79663, -3.62132], [36.81876, -3.61977], [36.85403, -3.60048], [36.8732, -3.55024], [36.90666, -3.5603], [36.92807, -3.57572], [36.94584, -3.55759], [36.97166, -3.5547], [37.01613, -3.50616], [37.0374, -3.5], [37.06904, -3.47745], [37.10873, -3.47107], [37.22211, -3.43212]]]}}, {"type": "Feature", "properties": {"shapeID": "36957248B12876867554617", "shapeName": "Arusha"}, "geometry": {"type": "Polygon", "coordinates": [[[37.38876, -2.91099], [37.36068, -2.91063], [37.33231, -2.89926], [37.27184, -2.84846], [37.22756, -2.85386], [37.16692, -2.87558], [37.13385, -2.90132], [36.97818, -2.9659], [36.99157, -3.08678], [36.97906, -3.15318], [36.97409, -3.23895], [36.99684, -3.28789], [37.05072, -3.31795], [37.11119, -3.33754], [37.10873, -3.47107], [37.06904, -3.47745], [37.0374, -3.5], [37.01613, -3.50616], [36.97166, -3.5547], [36.94584, -3.55759], [36.92807, -3.57572], [36.90666, -3.5603], [36.8732, -3.55024], [36.85403, -3.60048], [36.81876, -3.61977], [36.79663, -3.62132], [36.79404, -3.64103], [36.76196, -3.69249], [36.64154, -3.83232], [36.58418, -3.85041], [36.56622, -3.85064], [36.51894, -3.87207], [36.48818, -3.92768], [36.47773, -4.01062], [36.45922, -4.07786], [36.45169, -4.08924], [36.4332, -4.09931], [36.41827, -4.09452], [36.40102, -3.98237], [36.34495, -3.87023], [36.31044, -3.84004], [36.23712, -3.80553], [36.20261, -3.80122], [36.17242, -3.80984], [36.12066, -3.80984], [36.08616, -3.71927], [36.04734, -3.66319], [35.97883, -3.6302], [35.91082, -3.62153], [35.89746, -3.59107], [35.92945, -3.54603], [35.9192, -3.4004], [35.88709, -3.39265], [35.86173, -3.39508], [35.82019, -3.43265], [35.79346, -3.55761], [35.76196, -3.60082], [35.75318, -3.63375], [35.75018, -3.71129], [35.73336, -3.7891], [35.60919, -3.7881], [35.55131, -3.75809], [35.51681, -3.72789], [35.4478, -3.73652], [35.41329, -3.75809], [35.36153, -3.81847], [35.3184, -3.83141], [35.27324, -3.88601], [35.17725, -3.89561], [35.11137, -3.87454], [35.06823, -3.82278], [35.03804, -3.82278], [34.99491, -3.83572], [34.96472, -3.83572], [34.93884, -3.81847], [34.9008, -3.81306], [34.78854, -3.82527], [34.77356, -3.81085], [34.79999, -3.78436], [34.77232, -3.75914], [34.77088, -3.72864], [34.78242, -3.68705], [34.82403, -3.65363], [34.82553, -3.62565], [34.83445, -3.61885], [34.88083, -3.62725], [34.8819, -2.90025], [34.97863, -2.9801], [34.98637, -3.01649], [35.0269, -3.04217], [35.0721, -3.03577], [35.05224, -2.99933], [35.0053, -2.97604], [35.13614, -2.90821], [35.22448, -2.4975], [35.30072, -2.21338], [35.25042, -2.09845], [35.27564, -2.04369], [35.28731, -1.94102], [35.31985, -1.82807], [35.31452, -1.71863], [37.40454, -2.89704], [37.38876, -2.91099]]]}}, {"type": "Feature", "properties": {"shapeID": "36957248B48065738140082", "shapeName": "Kagera"}, "geometry": {"type": "Polygon", "coordinates": [[[32.74476, -1.46219], [31.86348, -2.15983], [31.79537, -2.17684], [31.75226, -2.20786], [31.71001, -2.30327], [31.63623, -2.35449], [31.60092, -2.40567], [31.52495, -2.40457], [31.55302, -2.47112], [31.56348, -2.47882], [31.56789, -2.51072], [31.56073, -2.51952], [31.5321, -2.52667], [31.49522, -2.51017], [31.4721, -2.51072], [31.45558, -2.52117], [31.43741, -2.56627], [31.41484, -2.59652], [31.41209, -2.65096], [31.39062, -2.6823], [31.40053, -2.69385], [31.42475, -2.67956], [31.44237, -2.67736], [31.45173, -2.6856], [31.45558, -2.70265], [31.471, -2.71145], [31.49302, -2.7076], [31.52935, -2.72025], [31.53871, -2.712], [31.55467, -2.71035], [31.57009, -2.72135], [31.60092, -2.76479], [31.62294, -2.76864], [31.67193, -2.74444], [31.70772, -2.77524], [31.71377, -2.79613], [31.69552, -2.84815], [31.58585, -2.88395], [31.57055, -2.9358], [31.52355, -2.90358], [31.4989, -2.89483], [31.47692, -2.91032], [31.46752, -2.93654], [31.4662, -2.97404], [31.49446, -3.00297], [31.50216, -3.084], [31.52074, -3.10632], [31.57267, -3.11439], [31.56493, -3.19392], [31.55411, -3.22184], [31.51681, -3.22524], [31.49856, -3.27743], [31.47556, -3.27799], [31.45351, -3.25846], [31.4423, -3.21798], [31.42157, -3.20646], [31.36058, -3.21005], [31.32031, -3.22577], [31.28267, -3.26752], [31.24339, -3.27712], [31.16826, -3.34409], [31.1784, -3.28225], [31.16733, -3.22199], [31.15538, -3.19016], [31.124, -3.16406], [31.09868, -3.16374], [31.0557, -3.17512], [31.02087, -3.19488], [30.98329, -3.18338], [30.99345, -3.15092], [31.0488, -3.08232], [31.12986, -2.95759], [31.14649, -2.92337], [31.12755, -2.89651], [31.08917, -2.9075], [31.06907, -2.9279], [31.04267, -2.93858], [31.03128, -2.93017], [31.02341, -2.90253], [31.02357, -2.86477], [31.01116, -2.85969], [30.88937, -2.93755], [30.84985, -2.97952], [30.83715, -2.9762], [30.80589, -2.98845], [30.74755, -2.99774], [30.72646, -2.99087], [30.70398, -2.9718], [30.66963, -2.99393], [30.64901, -2.97516], [30.64677, -2.95344], [30.61939, -2.92729], [30.59844, -2.92276], [30.57567, -2.89404], [30.56601, -2.89584], [30.53888, -2.93473], [30.53192, -2.93249], [30.50634, -2.95418], [30.4827, -2.94635], [30.47248, -2.92797], [30.45766, -2.92214], [30.46394, -2.91947], [30.45759, -2.91003], [30.45015, -2.9139], [30.43742, -2.90348], [30.43464, -2.87496], [30.42647, -2.86932], [30.41835, -2.87494], [30.41186, -2.86461], [30.41571, -2.85994], [30.40595, -2.86097], [30.41597, -2.85093], [30.41479, -2.84285], [30.42217, -2.8396], [30.42438, -2.8166], [30.44237, -2.79385], [30.44708, -2.7687], [30.43665, -2.75706], [30.44209, -2.75243], [30.44043, -2.74511], [30.46398, -2.73553], [30.46599, -2.71943], [30.47781, -2.71565], [30.48434, -2.7222], [30.49758, -2.7117], [30.50456, -2.69722], [30.50889, -2.69936], [30.50863, -2.69316], [30.52141, -2.68761], [30.52941, -2.66544], [30.52646, -2.65398], [30.51167, -2.65661], [30.4593, -2.69121], [30.44346, -2.67815], [30.43114, -2.679], [30.41978, -2.66254], [30.4848, -2.55696], [30.48337, -2.5279], [30.49615, -2.52333], [30.50717, -2.50543], [30.52485, -2.44673], [30.53683, -2.43331], [30.5432, -2.41365], [30.57432, -2.41855], [30.59114, -2.40503], [30.60994, -2.39929], [30.64035, -2.40388], [30.65721, -2.41366], [30.68258, -2.39114], [30.69505, -2.36417], [30.71582, -2.35567], [30.73213, -2.36329], [30.74796, -2.38021], [30.76337, -2.38261], [30.76756, -2.39191], [30.78088, -2.38971], [30.78365, -2.37881], [30.79212, -2.37589], [30.7964, -2.36665], [30.81896, -2.36354], [30.83613, -2.3434], [30.83794, -2.32939], [30.85687, -2.31378], [30.8507, -2.31251], [30.85291, -2.27395], [30.84178, -2.24081], [30.84363, -2.20557], [30.85953, -2.17982], [30.86554, -2.14388], [30.87559, -2.13526], [30.87346, -2.12064], [30.89907, -2.07752], [30.88422, -2.05314], [30.87702, -2.05014], [30.87556, -2.03708], [30.86245, -2.03084], [30.80783, -1.93813], [30.83177, -1.81443], [30.82136, -1.69282], [30.83988, -1.65094], [30.7451, -1.52339], [30.73808, -1.44562], [30.73605, -1.45101], [30.67943, -1.39477], [30.62947, -1.38506], [30.61263, -1.34976], [30.56872, -1.33714], [30.55451, -1.30574], [30.56217, -1.29027], [30.55189, -1.27161], [30.55151, -1.25157], [30.52409, -1.21248], [30.50932, -1.17178], [30.50095, -1.1638], [30.47017, -1.15555], [30.46894, -1.13067], [30.47646, -1.12183], [30.45898, -1.11727], [30.45127, -1.08891], [30.46802, -1.06056], [30.48622, -1.05755], [30.50921, -1.07295], [30.52751, -1.07596], [30.58379, -1.06081], [30.63129, -1.0688], [30.64901, -1.06584], [30.66463, -1.05646], [30.67288, -1.03665], [30.69763, -1.01577], [30.73519, -1.00771], [30.76533, -0.98551], [30.79964, -1.0], [32.75025, -1.0], [32.74476, -1.46219]]]}}, {"type": "Feature", "properties": {"shapeID": "36957248B75876472342648", "shapeName": "Mbeya"}, "geometry": {"type": "Polygon", "coordinates": [[[34.62516, -8.6743], [34.56659, -8.7424], [34.46105, -8.81083], [34.41901, -8.82039], [34.37948, -8.81622], [34.3406, -8.83041], [34.27789, -8.86725], [34.24783, -8.86499], [34.24199, -8.85385], [34.15097, -8.79587], [34.11216, -8.80501], [34.08177, -8.83584], [34.06243, -8.8668], [34.03603, -8.87702], [33.97791, -8.88455], [33.94446, -8.87402], [33.902, -8.88083], [33.86796, -8.87902], [33.83779, -8.89516], [33.81261, -8.94716], [33.72761, -9.02778], [33.75498, -9.04465], [33.80975, -9.04581], [33.87618, -9.06731], [33.91583, -9.12519], [33.97206, -9.24432], [33.99059, -9.29609], [34.14727, -9.47238], [34.17667, -9.52456], [34.18109, -9.5376], [34.14731, -9.56188], [34.134, -9.57906], [34.08049, -9.52973], [34.06475, -9.52525], [34.05964, -9.51231], [34.04, -9.4935], [34.017, -9.4995], [33.97028, -9.52733], [33.94516, -9.57313], [33.9545, -9.5925], [33.9565, -9.61475], [33.96755, -9.61901], [33.95331, -9.63526], [33.95575, -9.6525], [33.94332, -9.67817], [33.93892, -9.71867], [33.93312, -9.70958], [33.91549, -9.71446], [33.90717, -9.69286], [33.90007, -9.69654], [33.88986, -9.67945], [33.88078, -9.68326], [33.88385, -9.67759], [33.87481, -9.67505], [33.86994, -9.66301], [33.86823, -9.66693], [33.86607, -9.66037], [33.85279, -9.66169], [33.85084, -9.65218], [33.84451, -9.65232], [33.84704, -9.64721], [33.8445, -9.65057], [33.84014, -9.64249], [33.82647, -9.64222], [33.81372, -9.6324], [33.81369, -9.61702], [33.80078, -9.61377], [33.80104, -9.60614], [33.78919, -9.60704], [33.77336, -9.58636], [33.74207, -9.5827], [33.72697, -9.58778], [33.72249, -9.58366], [33.70999, -9.60927], [33.69889, -9.61447], [33.68616, -9.60577], [33.66395, -9.6126], [33.65085, -9.60401], [33.62812, -9.60406], [33.58656, -9.57929], [33.57153, -9.5897], [33.55378, -9.58753], [33.54198, -9.61006], [33.51078, -9.62587], [33.49724, -9.61879], [33.48525, -9.62429], [33.46112, -9.6147], [33.44405, -9.61447], [33.42052, -9.5939], [33.42559, -9.57744], [33.41259, -9.55724], [33.39902, -9.54849], [33.39415, -9.53462], [33.38182, -9.53606], [33.37252, -9.52329], [33.36333, -9.52661], [33.326, -9.48611], [33.31393, -9.4913], [33.30521, -9.48364], [33.28665, -9.48991], [33.28856, -9.4938], [33.27824, -9.50082], [33.24483, -9.48812], [33.24074, -9.49377], [33.22719, -9.49362], [33.21245, -9.50975], [33.18778, -9.49598], [33.14429, -9.4933], [33.12478, -9.48207], [33.1168, -9.46585], [33.06141, -9.43506], [33.022, -9.40017], [33.00992, -9.37768], [32.9974, -9.36834], [32.95413, -9.40118], [32.93153, -9.39966], [32.91109, -9.37881], [32.90382, -9.3907], [32.89595, -9.38926], [32.89244, -9.36579], [32.86137, -9.37196], [32.80952, -9.3428], [32.79049, -9.32218], [32.76545, -9.32314], [32.75568, -9.28513], [32.7185, -9.27709], [32.64853, -9.27576], [32.61909, -9.25792], [32.58449, -9.24634], [32.54091, -9.25466], [32.5355, -9.23967], [32.48663, -9.17233], [32.49352, -9.1531], [32.46086, -9.13371], [32.44769, -9.1322], [32.4314, -9.11825], [32.3619, -9.1295], [32.26702, -9.13357], [32.21499, -9.10686], [32.17073, -9.0751], [32.16139, -9.06168], [32.12209, -9.06078], [32.10274, -9.05405], [32.098, -9.01393], [32.12019, -8.94628], [32.11539, -8.92924], [32.09021, -8.91974], [32.06992, -8.89102], [32.06768, -8.85611], [32.08658, -8.82376], [32.07503, -8.79562], [32.07211, -8.74463], [32.07993, -8.71444], [32.14099, -8.69548], [32.15524, -8.69658], [32.27188, -8.59387], [32.29649, -8.5492], [32.28979, -8.5046], [32.26594, -8.46849], [32.26239, -8.39776], [32.26807, -8.35698], [32.31404, -8.30019], [32.3665, -8.30178], [32.46959, -8.21221], [32.49314, -8.08445], [32.48846, -8.05914], [32.36207, -7.95243], [32.27053, -7.88563], [31.97183, -7.74505], [32.00432, -7.67707], [32.06519, -7.5787], [32.08747, -7.50463], [32.12083, -7.49082], [32.19243, -7.47475], [32.20407, -7.46618], [32.26537, -7.27785], [32.25256, -7.24143], [32.37206, -7.16308], [32.40014, -7.16344], [32.45623, -7.13799], [32.48963, -7.15173], [32.52075, -7.13331], [32.58963, -7.08415], [32.58648, -7.04877], [32.60159, -7.02326], [32.62833, -7.02039], [32.65567, -7.0088], [32.86595, -7.01744], [32.91084, -7.00195], [32.96699, -6.97237], [32.99834, -6.9388], [33.05647, -6.93082], [33.10795, -6.90577], [33.20458, -6.9093], [33.28144, -6.94195], [33.32412, -6.95075], [33.47485, -6.9389], [33.62973, -6.98769], [33.68481, -7.06091], [33.72651, -7.10412], [33.76854, -7.12623], [33.78064, -7.14796], [33.77198, -7.54167], [33.95493, -7.56098], [33.99578, -7.50779], [34.03033, -7.50685], [34.05922, -7.48335], [34.08371, -7.44695], [34.16086, -7.45986], [34.17471, -7.45728], [34.1863, -7.51343], [34.26034, -7.58092], [34.32092, -7.68543], [34.54911, -7.66584], [34.89001, -7.86755], [34.99577, -7.87623], [35.00074, -7.91302], [34.99281, -7.95101], [34.94951, -7.98305], [34.88733, -8.10802], [34.80482, -8.29883], [34.76277, -8.30886], [34.71479, -8.34588], [34.67183, -8.35543], [34.63651, -8.37794], [34.62944, -8.38886], [34.61724, -8.4346], [34.61879, -8.4539], [34.65145, -8.48645], [34.6825, -8.50382], [34.68618, -8.53508], [34.62874, -8.65048], [34.62516, -8.6743]]]}}, {"type": "Feature", "properties": {"shapeID": "36957248B4897898165843", "shapeName": "Singida"}, "geometry": {"type": "Polygon", "coordinates": [[[35.08721, -4.04893], [35.01759, -4.1169], [34.97515, -4.18337], [34.85234, -4.46287], [34.92235, -4.48104], [35.00506, -4.49173], [35.03735, -4.54952], [35.10329, -4.63481], [35.14099, -4.63805], [35.17796, -4.65963], [35.19702, -4.77003], [35.32267, -4.83451], [35.34348, -4.95136], [35.34797, -5.05102], [35.36954, -5.08618], [35.33096, -5.11047], [35.30043, -5.08943], [35.27109, -5.08125], [35.11948, -5.18214], [35.11922, -5.23033], [35.15465, -5.32396], [35.15584, -5.36758], [35.18367, -5.41521], [35.21775, -5.44501], [35.23072, -5.47088], [35.23264, -5.49615], [35.25886, -5.52816], [35.37114, -5.6246], [35.36484, -5.64563], [35.34315, -5.67978], [35.28883, -5.74014], [35.27053, -5.91661], [35.21462, -6.23766], [35.25004, -6.23949], [35.29085, -6.43508], [35.09456, -6.72221], [35.11113, -6.78392], [35.10042, -6.85355], [35.13055, -6.90121], [35.12516, -6.92272], [35.10603, -6.93991], [35.09513, -6.92968], [35.05833, -6.92783], [35.01992, -6.91036], [34.94599, -6.86673], [34.92284, -6.87516], [34.75218, -7.01196], [34.72531, -7.0252], [34.72297, -7.03574], [34.69133, -7.04529], [34.67716, -7.05735], [34.66865, -7.09362], [34.62686, -7.14771], [34.6007, -7.20337], [34.54967, -7.22934], [34.52535, -7.25474], [34.50973, -7.28346], [34.44659, -7.34875], [34.41013, -7.35471], [34.32514, -7.34261], [34.29417, -7.35094], [34.19819, -7.45758], [34.16086, -7.45986], [34.08371, -7.44695], [34.05922, -7.48335], [34.03033, -7.50685], [33.99578, -7.50779], [33.95493, -7.56098], [33.77198, -7.54167], [33.78064, -7.14796], [33.76854, -7.12623], [33.72651, -7.10412], [33.68481, -7.06091], [33.62973, -6.98769], [33.47485, -6.9389], [33.43931, -6.94487], [33.51756, -6.88436], [33.49329, -6.75324], [33.45123, -6.64117], [33.47154, -6.63776], [33.4911, -6.6224], [33.58917, -6.53001], [33.67546, -6.48659], [33.71259, -6.43611], [33.83096, -6.30956], [33.90514, -6.27516], [33.95588, -6.23817], [33.9744, -6.23152], [34.04299, -6.17043], [34.06721, -6.12116], [34.06853, -5.69478], [34.06694, -5.67823], [34.02614, -5.63594], [34.00542, -5.60539], [34.05779, -5.58264], [34.0923, -5.55325], [34.13998, -5.47445], [34.21596, -5.41207], [34.24136, -5.40053], [34.21647, -5.3469], [34.18685, -5.32679], [34.1566, -5.31769], [34.08009, -5.23134], [34.02604, -5.21275], [33.94333, -5.14055], [33.94074, -5.09829], [33.97291, -5.01012], [33.91742, -4.90292], [33.90342, -4.85409], [33.90689, -4.80686], [33.92293, -4.78136], [33.94313, -4.72378], [33.94338, -4.67651], [33.91946, -4.61378], [33.92884, -4.57122], [33.95148, -4.53524], [33.94838, -4.49665], [33.96174, -4.46515], [34.03644, -4.39587], [34.12306, -4.2377], [34.1796, -4.15167], [34.1717, -4.14091], [34.18712, -4.11092], [34.20685, -4.1153], [34.2023, -4.0754], [34.26322, -4.06355], [34.30931, -4.00599], [34.35546, -3.99877], [34.39978, -4.01147], [34.4724, -3.93784], [34.56853, -3.9129], [34.68239, -3.87304], [34.77356, -3.81085], [35.08721, -4.04893]]]}}, {"type": "Feature", "properties": {"shapeID": "36957248B12364491601158", "shapeName": "Mtwara"}, "geometry": {"type": "Polygon", "coordinates": [[[38.07109, -11.20359], [38.06886, -11.16776], [38.03712, -11.07418], [38.01971, -11.06175], [38.01344, -11.03246], [38.02098, -10.9528], [38.01335, -10.9091], [37.99862, -10.87816], [37.9776, -10.86508], [37.97247, -10.84111], [38.0494, -10.83796], [38.1728, -10.80694], [38.21715, -10.76619], [38.29535, -10.67814], [38.34973, -10.64395], [38.52001, -10.58737], [38.60157, -10.55214], [38.63742, -10.52506], [38.67663, -10.45854], [38.71486, -10.5187], [38.73901, -10.53553], [38.78722, -10.54486], [38.82269, -10.54348], [38.86473, -10.50316], [38.89056, -10.49982], [38.9446, -10.45736], [39.02364, -10.4368], [39.06672, -10.41944], [39.09991, -10.3859], [39.13154, -10.36427], [39.22673, -10.37191], [39.26931, -10.3876], [39.34755, -10.3583], [39.38481, -10.33031], [39.42643, -10.31753], [39.429, -10.36163], [39.4574, -10.37117], [39.50478, -10.37361], [39.50938, -10.40442], [39.49179, -10.47213], [39.49627, -10.5112], [39.53223, -10.50844], [39.56467, -10.52446], [39.60136, -10.56486], [39.6283, -10.58438], [39.64172, -10.54472], [39.63985, -10.51578], [39.65082, -10.42871], [39.64111, -10.3703], [39.66101, -10.33291], [39.70891, -10.30093], [39.76258, -10.2828], [39.83184, -10.26945], [39.88241, -10.24393], [39.9299, -10.20873], [39.97553, -10.16355], [39.98207, -10.17615], [39.97458, -10.19151], [39.96574, -10.19631], [39.96214, -10.20998], [39.96733, -10.2061], [39.96672, -10.21718], [39.95829, -10.22648], [39.96065, -10.23112], [39.97391, -10.22798], [39.97851, -10.20258], [39.98687, -10.21248], [40.00197, -10.21604], [40.00491, -10.24], [40.01063, -10.23947], [40.0039, -10.20959], [39.98972, -10.20835], [39.99251, -10.18463], [39.98833, -10.18052], [39.9977, -10.18178], [39.99493, -10.16993], [39.97184, -10.14809], [39.97833, -10.14137], [39.97831, -10.13789], [39.97054, -10.14603], [39.98375, -10.12963], [39.99103, -10.12806], [40.12898, -10.17829], [40.13667, -10.19221], [40.12289, -10.21088], [40.12956, -10.25579], [40.12656, -10.25891], [40.11535, -10.24613], [40.11589, -10.26092], [40.10933, -10.27235], [40.11621, -10.28016], [40.13736, -10.28035], [40.12884, -10.2644], [40.13244, -10.26107], [40.15451, -10.28556], [40.14796, -10.29407], [40.15394, -10.30187], [40.16504, -10.2809], [40.15307, -10.27626], [40.1567, -10.26836], [40.1511, -10.27455], [40.1561, -10.26243], [40.18403, -10.25365], [40.18994, -10.25465], [40.18611, -10.25909], [40.19, -10.26594], [40.21536, -10.27739], [40.20918, -10.2802], [40.21563, -10.28348], [40.21135, -10.29207], [40.21903, -10.30318], [40.22082, -10.29648], [40.2237, -10.29904], [40.22217, -10.30704], [40.23133, -10.32221], [40.2403, -10.31023], [40.23375, -10.29563], [40.21995, -10.29015], [40.21918, -10.28264], [40.24598, -10.29553], [40.23648, -10.28764], [40.23629, -10.28034], [40.22009, -10.27319], [40.25531, -10.28391], [40.25431, -10.2765], [40.25822, -10.27778], [40.25825, -10.28499], [40.2611, -10.28215], [40.26034, -10.28782], [40.26843, -10.29294], [40.27272, -10.28137], [40.26067, -10.27261], [40.26663, -10.26486], [40.23701, -10.26082], [40.23262, -10.2512], [40.22034, -10.24816], [40.19263, -10.26004], [40.20292, -10.24139], [40.23544, -10.20789], [40.24512, -10.24495], [40.26451, -10.26135], [40.29104, -10.26719], [40.29369, -10.28947], [40.29937, -10.29758], [40.29277, -10.29526], [40.29021, -10.30258], [40.30305, -10.29984], [40.29751, -10.29324], [40.30384, -10.29641], [40.30198, -10.28869], [40.33009, -10.35708], [40.36855, -10.35523], [40.38818, -10.36606], [40.40548, -10.35849], [40.41544, -10.34722], [40.40976, -10.33291], [40.41306, -10.32731], [40.39703, -10.32805], [40.39734, -10.32041], [40.38151, -10.32624], [40.40202, -10.29547], [40.42342, -10.31726], [40.44556, -10.35226], [40.43863, -10.3676], [40.41997, -10.37282], [40.41217, -10.38275], [40.42258, -10.38986], [40.41866, -10.42709], [40.43107, -10.46543], [40.39442, -10.50933], [40.39444, -10.51768], [40.37967, -10.52777], [40.37093, -10.55055], [40.35206, -10.56546], [40.33913, -10.5712], [40.30547, -10.57071], [40.29813, -10.56581], [40.23318, -10.59623], [40.21268, -10.61357], [40.19963, -10.6421], [40.18168, -10.64655], [40.17325, -10.6706], [40.13435, -10.68991], [40.0904, -10.73008], [40.07791, -10.75129], [40.05542, -10.7544], [40.04131, -10.76505], [40.03215, -10.78213], [39.9991, -10.80691], [39.90993, -10.8296], [39.89507, -10.84821], [39.86515, -10.84973], [39.81094, -10.88724], [39.80635, -10.89653], [39.79402, -10.89654], [39.7636, -10.91404], [39.72766, -10.91947], [39.70498, -10.93246], [39.6797, -10.93394], [39.66483, -10.9419], [39.6415, -10.94032], [39.59849, -10.95001], [39.56357, -10.97175], [39.54119, -10.97285], [39.52308, -10.98096], [39.49411, -11.01], [39.46701, -11.02292], [39.46638, -11.02931], [39.43786, -11.04842], [39.34833, -11.08718], [39.3064, -11.13186], [39.29421, -11.13605], [39.29124, -11.14411], [39.24604, -11.17543], [39.20373, -11.16803], [39.16393, -11.14585], [39.15613, -11.15081], [39.12425, -11.14343], [39.07852, -11.15895], [39.02716, -11.15927], [39.00975, -11.17045], [38.99394, -11.164], [38.97429, -11.17266], [38.93511, -11.16626], [38.883, -11.17176], [38.86597, -11.18296], [38.84959, -11.20836], [38.83223, -11.21165], [38.80711, -11.2344], [38.76919, -11.24847], [38.7667, -11.25931], [38.75241, -11.27319], [38.73174, -11.2651], [38.70672, -11.26524], [38.68513, -11.27639], [38.6622, -11.27295], [38.63639, -11.2861], [38.60525, -11.31356], [38.59826, -11.33127], [38.574, -11.35033], [38.52825, -11.37112], [38.49687, -11.41013], [38.47742, -11.41824], [38.44852, -11.41029], [38.43094, -11.39192], [38.40457, -11.38898], [38.36867, -11.37373], [38.36006, -11.36704], [38.3573, -11.35161], [38.34609, -11.34784], [38.33356, -11.33143], [38.3162, -11.32636], [38.28405, -11.32871], [38.27589, -11.29738], [38.26533, -11.2873], [38.25498, -11.29055], [38.21569, -11.27124], [38.18292, -11.27704], [38.13144, -11.26273], [38.12597, -11.27066], [38.11173, -11.26063], [38.05792, -11.27749], [38.07109, -11.20359]]]}}, {"type": "Feature", "properties": {"shapeID": "36957248B77241623821364", "shapeName": "Iringa"}, "geometry": {"type": "Polygon", "coordinates": [[[34.68618, -8.53508], [34.6825, -8.50382], [34.65145, -8.48645], [34.61879, -8.4539], [34.61724, -8.4346], [34.62944, -8.38886], [34.63651, -8.37794], [34.67183, -8.35543], [34.71479, -8.34588], [34.76277, -8.30886], [34.80482, -8.29883], [34.88733, -8.10802], [34.94951, -7.98305], [34.99281, -7.95101], [35.00074, -7.91302], [34.99577, -7.87623], [34.89001, -7.86755], [34.54911, -7.66584], [34.32092, -7.68543], [34.26034, -7.58092], [34.1863, -7.51343], [34.17471, -7.45728], [34.19819, -7.45758], [34.29417, -7.35094], [34.32514, -7.34261], [34.41013, -7.35471], [34.44659, -7.34875], [34.50973, -7.28346], [34.52535, -7.25474], [34.54967, -7.22934], [34.6007, -7.20337], [34.62686, -7.14771], [34.66865, -7.09362], [34.67716, -7.05735], [34.69133, -7.04529], [34.72297, -7.03574], [34.72531, -7.0252], [34.75218, -7.01196], [34.92284, -6.87516], [34.94599, -6.86673], [35.01992, -6.91036], [35.05833, -6.92783], [35.09513, -6.92968], [35.13605, -6.96416], [35.16909, -6.97147], [35.19945, -6.97323], [35.26766, -6.93784], [35.29012, -6.94455], [35.40014, -6.94549], [35.43122, -6.96058], [35.46714, -6.96011], [35.52809, -7.00954], [35.569, -7.01419], [35.65258, -7.05932], [35.68843, -7.06299], [35.73104, -7.04609], [35.78576, -7.05092], [35.85451, -7.07153], [35.96688, -7.13033], [36.00765, -7.14416], [36.04503, -7.13867], [36.14955, -7.1377], [36.18224, -7.16841], [36.21024, -7.17428], [36.23434, -7.19386], [36.30045, -7.26814], [36.31744, -7.33262], [36.33611, -7.34662], [36.39342, -7.33129], [36.44641, -7.3595], [36.46443, -7.38589], [36.47412, -7.41494], [36.47512, -7.44019], [36.49038, -7.46655], [36.52304, -7.50225], [36.52304, -7.51245], [36.58547, -7.51182], [36.59589, -7.52424], [36.65633, -7.54531], [36.67585, -7.56392], [36.70188, -7.57802], [36.76514, -7.59581], [36.79107, -7.648], [36.81899, -7.65892], [36.85375, -7.64329], [36.95304, -7.65374], [36.87435, -7.74362], [36.82946, -7.82062], [36.79093, -7.90274], [36.74937, -7.94169], [36.69423, -7.93456], [36.63105, -7.91081], [36.57644, -7.8991], [36.50873, -7.90099], [36.44312, -7.91668], [36.37523, -7.96126], [36.22043, -8.12223], [36.13206, -8.18169], [36.06754, -8.21667], [36.01668, -8.26193], [35.96185, -8.3002], [35.8931, -8.3673], [35.70738, -8.59397], [35.6893, -8.66397], [35.68523, -8.78142], [35.65926, -8.82469], [35.6394, -8.79874], [35.63744, -8.74501], [35.62928, -8.70543], [35.3851, -8.65551], [35.30757, -8.75963], [35.31771, -8.79006], [35.33211, -8.81181], [35.31676, -8.85293], [35.34393, -8.91432], [35.35643, -9.00169], [35.24685, -9.03242], [35.19094, -9.01564], [35.16093, -9.02123], [35.13796, -9.01772], [35.13378, -8.95892], [35.12682, -8.93175], [35.11823, -8.92109], [35.12465, -8.89225], [35.12308, -8.81282], [35.10716, -8.79977], [35.06886, -8.80571], [34.85395, -8.76855], [34.81645, -8.75155], [34.86284, -8.69706], [34.7009, -8.68949], [34.62874, -8.65048], [34.68618, -8.53508]]]}}, {"type": "Feature", "properties": {"shapeID": "36957248B2633782293100", "shapeName": "Dar es Salaam"}, "geometry": {"type": "MultiPolygon", "coordinates": [[[[39.92484, -6.90701], [39.92362, -6.90088], [39.92985, -6.89967], [39.93024, -6.90698], [39.92484, -6.90701]]], [[[39.41769, -7.12561], [39.40619, -7.09406], [39.39304, -7.08576], [39.40999, -7.06531], [39.40846, -7.05273], [39.40003, -7.04379], [39.40608, -7.01135], [39.40124, -6.99858], [39.3849, -6.99675], [39.38487, -6.968], [39.37131, -6.97311], [39.35989, -6.97001], [39.35434, -6.96124], [39.32757, -6.94802], [39.31376, -6.95294], [39.31826, -6.9577], [39.31422, -6.96007], [39.29822, -6.94816], [39.26716, -6.95928], [39.18381, -7.02757], [39.12117, -7.01758], [39.07917, -7.09723], [39.05117, -7.09096], [39.01898, -7.06141], [39.11121, -6.87613], [39.09088, -6.87573], [39.07126, -6.86771], [39.05656, -6.84656], [39.05996, -6.82741], [39.05144, -6.80942], [39.05414, -6.79011], [39.00873, -6.79119], [39.01243, -6.78317], [39.0079, -6.77912], [39.02736, -6.7715], [39.03014, -6.75388], [39.04368, -6.74311], [39.05196, -6.72423], [39.06041, -6.72111], [39.05681, -6.71384], [39.06124, -6.7107], [39.06693, -6.65753], [39.09625, -6.63679], [39.13751, -6.61758], [39.17101, -6.6155], [39.1789, -6.62667], [39.19364, -6.62802], [39.2222, -6.67188], [39.24608, -6.75078], [39.26849, -6.7597], [39.27643, -6.7325], [39.28638, -6.74076], [39.28997, -6.75147], [39.2824, -6.76868], [39.28737, -6.78169], [39.28139, -6.7959], [39.30104, -6.8173], [39.28908, -6.81952], [39.28416, -6.82766], [39.29311, -6.83208], [39.30082, -6.85284], [39.28658, -6.86783], [39.299, -6.87049], [39.29659, -6.86639], [39.307, -6.85208], [39.2947, -6.82513], [39.31414, -6.81516], [39.33463, -6.82823], [39.34643, -6.82895], [39.3666, -6.85318], [39.3859, -6.85183], [39.39068, -6.84552], [39.43075, -6.86343], [39.44121, -6.8498], [39.44804, -6.86325], [39.45952, -6.86939], [39.46899, -6.87187], [39.4753, -6.86439], [39.47947, -6.87801], [39.49078, -6.88763], [39.50197, -6.93347], [39.51988, -6.9686], [39.53366, -6.98675], [39.54723, -6.98962], [39.54622, -7.00957], [39.55149, -7.01852], [39.54496, -7.03214], [39.54721, -7.0684], [39.5358, -7.08539], [39.54181, -7.08477], [39.5428, -7.1105], [39.53673, -7.11918], [39.54331, -7.12246], [39.52458, -7.13101], [39.51496, -7.15809], [39.51925, -7.1685], [39.50198, -7.18468], [39.48982, -7.16072], [39.47678, -7.15944], [39.47871, -7.15403], [39.47227, -7.16177], [39.48827, -7.16536], [39.46705, -7.16961], [39.44977, -7.18283], [39.4457, -7.18165], [39.45344, -7.17623], [39.44517, -7.16283], [39.4333, -7.1716], [39.4369, -7.15716], [39.42541, -7.15537], [39.42709, -7.1515], [39.40775, -7.1715], [39.4054, -7.14198], [39.41769, -7.12561]]], [[[39.4001, -6.8175], [39.39795, -6.81311], [39.40303, -6.81593], [39.4045, -6.82048], [39.4001, -6.8175]]], [[[39.35654, -6.82604], [39.34862, -6.82462], [39.35291, -6.8165], [39.35654, -6.82604]]], [[[39.33502, -6.79644], [39.33012, -6.80276], [39.33482, -6.79248], [39.3315, -6.78137], [39.34523, -6.79754], [39.33502, -6.79644]]], [[[39.26961, -6.7029], [39.25679, -6.69299], [39.26188, -6.69125], [39.27653, -6.71056], [39.26961, -6.7029]]], [[[39.25436, -6.66224], [39.24421, -6.65664], [39.25092, -6.65138], [39.25436, -6.66224]]], [[[39.22835, -6.59435], [39.22869, -6.59265], [39.2371, -6.59316], [39.23913, -6.60899], [39.22835, -6.59435]]]]}}, {"type": "Feature", "properties": {"shapeID": "36957248B69769580879919", "shapeName": "Lindi"}, "geometry": {"type": "Polygon", "coordinates": [[[39.9299, -10.20873], [39.88241, -10.24393], [39.83184, -10.26945], [39.76258, -10.2828], [39.70891, -10.30093], [39.66101, -10.33291], [39.64111, -10.3703], [39.65082, -10.42871], [39.63985, -10.51578], [39.64172, -10.54472], [39.6283, -10.58438], [39.60136, -10.56486], [39.56467, -10.52446], [39.53223, -10.50844], [39.49627, -10.5112], [39.49179, -10.47213], [39.50938, -10.40442], [39.50478, -10.37361], [39.4574, -10.37117], [39.429, -10.36163], [39.42643, -10.31753], [39.38481, -10.33031], [39.34755, -10.3583], [39.26931, -10.3876], [39.22673, -10.37191], [39.13154, -10.36427], [39.09991, -10.3859], [39.06672, -10.41944], [39.02364, -10.4368], [38.9446, -10.45736], [38.89056, -10.49982], [38.86473, -10.50316], [38.82269, -10.54348], [38.78722, -10.54486], [38.73901, -10.53553], [38.71486, -10.5187], [38.67663, -10.45854], [38.63742, -10.52506], [38.60157, -10.55214], [38.52001, -10.58737], [38.34973, -10.64395], [38.29535, -10.67814], [38.21715, -10.76619], [38.1728, -10.80694], [38.0494, -10.83796], [38.00469, -10.84198], [37.97247, -10.84111], [37.92573, -10.76524], [37.88361, -10.71834], [37.83844, -10.62964], [37.81382, -10.55222], [37.70841, -10.55088], [36.81631, -10.14733], [36.86791, -10.04677], [36.86821, -9.96553], [36.87584, -9.91697], [36.89171, -9.87173], [36.94769, -9.82287], [37.00617, -9.76119], [37.06519, -9.72431], [37.07891, -9.6997], [37.1106, -9.6744], [37.12725, -9.63835], [37.11746, -9.58498], [37.12413, -9.56992], [37.16422, -9.50663], [37.21675, -9.44212], [37.24501, -9.43054], [37.26574, -9.39868], [37.25652, -9.36873], [37.26653, -9.34636], [37.27327, -9.2955], [37.32691, -9.24937], [37.33282, -9.22374], [37.31422, -9.17439], [37.36386, -9.14932], [37.38551, -9.11792], [37.33188, -9.08426], [37.35197, -9.03826], [37.33488, -9.01443], [37.35214, -9.01342], [37.35792, -8.98956], [37.3256, -8.95471], [37.30997, -8.95641], [37.28597, -8.8425], [37.32157, -8.77161], [37.32039, -8.75626], [37.33143, -8.74757], [37.3333, -8.73222], [37.34401, -8.7203], [37.34171, -8.71039], [37.3499, -8.70469], [37.34508, -8.69092], [37.35017, -8.66842], [37.37534, -8.64063], [37.371, -8.61492], [37.37746, -8.60821], [37.3649, -8.6025], [37.36624, -8.59006], [37.35124, -8.55484], [37.35436, -8.54298], [37.34322, -8.52053], [37.40763, -8.47148], [37.44886, -8.45456], [37.47543, -8.43241], [37.51218, -8.37642], [37.59566, -8.30496], [37.62734, -8.24983], [37.6821, -8.18994], [37.72039, -8.09266], [37.75132, -8.05633], [37.80803, -8.02079], [37.83191, -7.99356], [37.82986, -7.94626], [37.83446, -7.93569], [37.98576, -8.11164], [38.06769, -8.1439], [38.17913, -8.20315], [38.34254, -8.26719], [38.49571, -8.33799], [38.60129, -8.38982], [38.68508, -8.45101], [38.79316, -8.43672], [38.82347, -8.40228], [38.84241, -8.36764], [39.06441, -8.36129], [39.14913, -8.33069], [39.23843, -8.28827], [39.24293, -8.29575], [39.24966, -8.28904], [39.24474, -8.2942], [39.25044, -8.29755], [39.24941, -8.30528], [39.24449, -8.30116], [39.24268, -8.31096], [39.24967, -8.3076], [39.252, -8.31611], [39.24691, -8.31259], [39.2445, -8.32127], [39.25123, -8.31714], [39.26495, -8.32873], [39.26341, -8.35116], [39.27637, -8.36572], [39.28067, -8.36377], [39.27796, -8.35676], [39.28181, -8.35954], [39.29294, -8.3797], [39.2858, -8.38269], [39.29113, -8.38233], [39.29023, -8.39033], [39.28235, -8.40039], [39.28444, -8.42642], [39.27501, -8.45453], [39.28757, -8.46663], [39.28551, -8.47643], [39.29665, -8.48931], [39.2889, -8.51097], [39.29202, -8.52283], [39.28865, -8.52734], [39.28088, -8.52503], [39.27882, -8.53083], [39.28633, -8.54165], [39.29125, -8.53623], [39.29345, -8.54113], [39.27263, -8.57182], [39.28687, -8.5682], [39.28636, -8.58187], [39.29465, -8.57529], [39.30216, -8.58057], [39.29697, -8.56562], [39.30707, -8.56033], [39.3138, -8.56406], [39.31458, -8.55968], [39.31355, -8.57282], [39.31977, -8.57385], [39.32859, -8.59318], [39.33091, -8.58415], [39.33128, -8.60211], [39.34025, -8.6009], [39.33612, -8.60915], [39.34336, -8.60554], [39.35115, -8.61661], [39.34672, -8.58981], [39.35245, -8.58841], [39.3646, -8.62252], [39.35694, -8.66942], [39.35991, -8.68991], [39.37048, -8.70885], [39.3649, -8.72086], [39.38698, -8.71813], [39.41457, -8.74608], [39.43032, -8.7394], [39.43736, -8.74643], [39.44895, -8.79095], [39.46158, -8.81387], [39.47757, -8.8285], [39.48672, -8.82604], [39.49276, -8.81585], [39.49902, -8.82097], [39.49512, -8.82851], [39.51759, -8.89692], [39.55647, -8.92542], [39.52862, -8.93448], [39.52879, -8.95075], [39.54457, -8.95124], [39.53495, -8.97642], [39.55034, -8.98095], [39.55272, -8.99114], [39.53893, -9.01675], [39.62834, -9.06389], [39.61136, -9.12616], [39.61959, -9.15324], [39.63794, -9.1787], [39.63826, -9.21298], [39.64334, -9.222], [39.64, -9.24262], [39.61252, -9.25273], [39.61875, -9.25581], [39.62445, -9.24961], [39.62966, -9.26172], [39.63536, -9.25926], [39.63563, -9.2648], [39.64836, -9.27019], [39.64606, -9.29004], [39.65205, -9.3006], [39.64663, -9.31685], [39.65418, -9.35936], [39.6506, -9.37129], [39.62624, -9.38197], [39.61665, -9.39906], [39.60511, -9.41009], [39.59904, -9.40934], [39.58085, -9.40151], [39.5668, -9.37808], [39.55693, -9.37809], [39.55643, -9.38737], [39.54266, -9.37786], [39.53901, -9.36987], [39.54366, -9.35311], [39.52873, -9.34823], [39.53793, -9.34126], [39.52884, -9.33895], [39.52366, -9.34502], [39.51354, -9.34426], [39.51536, -9.35057], [39.50732, -9.35368], [39.5242, -9.35572], [39.51772, -9.36758], [39.53304, -9.37194], [39.53721, -9.38302], [39.52293, -9.37634], [39.52475, -9.38201], [39.51957, -9.38356], [39.52385, -9.38484], [39.51697, -9.38692], [39.52387, -9.39541], [39.51932, -9.39413], [39.51907, -9.40212], [39.50818, -9.40987], [39.52324, -9.40959], [39.52634, -9.40121], [39.5432, -9.3959], [39.54841, -9.4071], [39.56112, -9.39948], [39.55724, -9.40954], [39.56217, -9.40721], [39.56143, -9.42861], [39.54338, -9.44934], [39.54935, -9.45303], [39.56065, -9.43119], [39.58367, -9.43082], [39.58495, -9.44403], [39.5947, -9.45175], [39.60118, -9.44787], [39.5952, -9.44067], [39.59053, -9.44299], [39.59661, -9.43474], [39.58766, -9.43501], [39.60218, -9.42419], [39.63074, -9.42901], [39.61671, -9.42465], [39.62865, -9.42334], [39.65591, -9.45742], [39.65647, -9.47914], [39.65081, -9.47356], [39.65275, -9.46763], [39.65209, -9.46273], [39.63596, -9.4899], [39.64865, -9.47921], [39.66972, -9.49535], [39.67922, -9.49015], [39.68813, -9.49735], [39.69222, -9.5167], [39.70358, -9.5241], [39.69847, -9.54106], [39.71276, -9.56196], [39.71651, -9.58279], [39.73035, -9.59736], [39.73026, -9.61516], [39.71731, -9.63659], [39.73648, -9.64228], [39.74765, -9.6528], [39.74892, -9.66317], [39.73237, -9.69159], [39.74713, -9.69533], [39.75785, -9.71077], [39.72083, -9.72472], [39.7183, -9.73546], [39.73002, -9.74626], [39.73982, -9.73834], [39.76086, -9.7473], [39.75671, -9.76845], [39.76245, -9.78416], [39.7864, -9.7911], [39.78543, -9.8023], [39.79094, -9.79563], [39.79722, -9.80222], [39.80613, -9.82347], [39.80907, -9.85335], [39.79468, -9.89179], [39.75955, -9.88998], [39.7526, -9.89239], [39.78229, -9.89572], [39.79054, -9.91587], [39.78855, -9.92704], [39.76817, -9.93735], [39.75269, -9.93027], [39.74457, -9.94272], [39.7174, -9.95121], [39.70633, -9.96552], [39.70811, -9.98147], [39.71894, -9.99622], [39.72809, -9.99018], [39.72814, -9.99645], [39.74142, -9.97951], [39.75678, -9.9759], [39.78662, -9.98283], [39.81441, -9.98146], [39.82907, -10.00573], [39.83946, -10.01211], [39.8755, -10.01666], [39.91699, -10.05337], [39.94505, -10.09677], [39.94159, -10.10084], [39.97489, -10.12814], [39.96922, -10.1405], [39.96045, -10.13558], [39.96519, -10.14218], [39.95755, -10.15149], [39.96147, -10.15869], [39.97553, -10.16355], [39.9299, -10.20873]]]}}, {"type": "Feature", "properties": {"shapeID": "36957248B64143865471040", "shapeName": "Tabora"}, "geometry": {"type": "Polygon", "coordinates": [[[33.32412, -6.95075], [33.28144, -6.94195], [33.20458, -6.9093], [33.10795, -6.90577], [33.05647, -6.93082], [32.99834, -6.9388], [32.96699, -6.97237], [32.91084, -7.00195], [32.86595, -7.01744], [32.65567, -7.0088], [32.69344, -6.97715], [32.71353, -6.92692], [32.72317, -6.83662], [32.72097, -6.76866], [32.74451, -6.61106], [32.69807, -6.36124], [32.54189, -6.33722], [32.50896, -6.32257], [32.44677, -6.2332], [32.40982, -6.21024], [32.34238, -6.19423], [32.3282, -6.15733], [32.28703, -6.13982], [32.22826, -6.09823], [32.1802, -6.0485], [32.15107, -5.99581], [32.11995, -5.92151], [32.12014, -5.87837], [32.10419, -5.83686], [32.07973, -5.80947], [32.05911, -5.77248], [32.05944, -5.74632], [32.03712, -5.73457], [31.97966, -5.72879], [31.94673, -5.71368], [31.86621, -5.71082], [31.81131, -5.68763], [31.77572, -5.69636], [31.75128, -5.73001], [31.71838, -5.74428], [31.66149, -5.79221], [31.60025, -5.79281], [31.58099, -5.78752], [31.45836, -5.79835], [31.40875, -5.79083], [31.24676, -5.78602], [31.20784, -5.77221], [31.18147, -5.74984], [31.16345, -5.72345], [31.15521, -5.68938], [31.16544, -5.62158], [31.15088, -5.60992], [31.11233, -5.60163], [31.08078, -5.587], [31.06553, -5.55972], [31.06647, -5.54765], [31.2373, -5.46506], [31.1652, -5.20711], [31.21495, -5.05214], [31.16787, -4.98667], [31.30117, -4.95134], [31.33576, -4.88615], [31.39338, -4.81987], [31.42905, -4.80517], [31.45621, -4.77477], [31.46962, -4.74005], [31.49048, -4.73068], [31.4699, -4.65973], [31.44621, -4.64291], [31.43728, -4.62443], [31.4409, -4.59832], [31.42817, -4.55685], [31.44643, -4.50567], [31.44571, -4.4616], [31.43813, -4.41423], [31.42621, -4.38057], [31.45615, -4.34882], [31.45945, -4.31306], [31.45227, -4.30012], [31.46406, -4.25115], [31.6515, -4.24711], [31.67386, -4.22995], [31.68364, -4.05547], [31.78519, -4.09028], [31.82847, -4.09139], [31.88312, -4.1021], [31.93991, -4.12672], [32.00078, -4.18868], [32.01094, -4.18867], [32.04103, -4.21355], [32.05658, -4.21566], [32.08183, -4.23828], [32.10273, -4.24737], [32.14652, -4.2465], [32.1788, -4.25516], [32.18586, -4.26207], [32.22346, -4.26265], [32.22852, -4.26869], [32.28652, -4.27737], [32.30881, -4.27021], [32.32616, -4.27143], [32.34901, -4.28218], [32.36651, -4.3075], [32.3843, -4.31151], [32.40068, -4.32664], [32.41628, -4.29822], [32.42008, -4.27599], [32.42043, -4.25346], [32.40772, -4.21346], [32.44659, -4.21382], [32.48761, -4.22963], [32.50289, -4.2172], [32.50297, -4.19437], [32.50786, -4.1879], [32.53734, -4.176], [32.54852, -4.19536], [32.58084, -4.2037], [32.59292, -4.25378], [32.59081, -4.28827], [32.74763, -4.23831], [32.73081, -4.18882], [32.69796, -4.19247], [32.67599, -4.17116], [32.66164, -4.16914], [32.63919, -4.1321], [32.67062, -4.1248], [32.67848, -4.09955], [32.69195, -4.08889], [32.68858, -4.04399], [32.7016, -4.00279], [32.70417, -3.94739], [32.74297, -3.94836], [32.75848, -3.95414], [32.81318, -3.95258], [32.83565, -3.93787], [32.84978, -3.91832], [32.92231, -3.92811], [32.93406, -3.91659], [33.01344, -3.9086], [33.02324, -3.91862], [33.0286, -3.93963], [33.07103, -3.96586], [33.10227, -3.96769], [33.13238, -3.95984], [33.17081, -3.9651], [33.19578, -3.95106], [33.20424, -3.95853], [33.21752, -3.95915], [33.22497, -3.93595], [33.24528, -3.93645], [33.27721, -3.91418], [33.29398, -3.91612], [33.30898, -3.90748], [33.31766, -3.91078], [33.35477, -3.89551], [33.36042, -3.89962], [33.37141, -3.89295], [33.38753, -3.89603], [33.40292, -3.8873], [33.40631, -3.89213], [33.4136, -3.88935], [33.41904, -3.8989], [33.44346, -3.91425], [33.45206, -3.9135], [33.46217, -3.9032], [33.49554, -3.91052], [33.51888, -3.90808], [33.53612, -3.89524], [33.55109, -3.89823], [33.56097, -3.88529], [33.57407, -3.88843], [33.60087, -3.87907], [33.61857, -3.88724], [33.61856, -3.88202], [33.63314, -3.88462], [33.66191, -3.89948], [33.64791, -3.92192], [33.67978, -3.93991], [33.7249, -3.94579], [33.75577, -3.92986], [33.77914, -3.94248], [33.78294, -3.93832], [33.79953, -3.95577], [33.80259, -3.95028], [33.81816, -3.94985], [33.82272, -3.95542], [33.82959, -3.95092], [33.83017, -3.95633], [33.84169, -3.96139], [33.84506, -3.95417], [33.86118, -3.95116], [33.87796, -3.95943], [33.8842, -3.95418], [33.89772, -3.96413], [33.90559, -3.9594], [33.92423, -3.96509], [33.92722, -3.9607], [33.93899, -3.97871], [33.94747, -3.97908], [33.95116, -3.99898], [33.98708, -4.02311], [34.01567, -4.02784], [34.04367, -4.04116], [34.09196, -4.02675], [34.121, -4.05363], [34.13323, -4.05465], [34.16683, -4.07707], [34.2023, -4.0754], [34.20685, -4.1153], [34.18712, -4.11092], [34.1717, -4.14091], [34.1796, -4.15167], [34.12306, -4.2377], [34.03644, -4.39587], [33.96174, -4.46515], [33.94838, -4.49665], [33.95148, -4.53524], [33.92884, -4.57122], [33.91946, -4.61378], [33.94338, -4.67651], [33.94313, -4.72378], [33.92293, -4.78136], [33.90689, -4.80686], [33.90342, -4.85409], [33.91742, -4.90292], [33.97291, -5.01012], [33.94074, -5.09829], [33.94333, -5.14055], [34.02604, -5.21275], [34.08009, -5.23134], [34.1566, -5.31769], [34.18685, -5.32679], [34.21647, -5.3469], [34.24136, -5.40053], [34.21596, -5.41207], [34.13998, -5.47445], [34.0923, -5.55325], [34.05779, -5.58264], [34.00542, -5.60539], [34.02614, -5.63594], [34.06694, -5.67823], [34.06721, -6.12116], [34.04299, -6.17043], [33.9744, -6.23152], [33.95588, -6.23817], [33.90514, -6.27516], [33.83096, -6.30956], [33.71259, -6.43611], [33.67546, -6.48659], [33.58917, -6.53001], [33.4911, -6.6224], [33.47154, -6.63776], [33.45123, -6.64117], [33.49329, -6.75324], [33.51756, -6.88436], [33.43931, -6.94487], [33.32412, -6.95075]]]}}, {"type": "Feature", "properties": {"shapeID": "36957248B83801093286412", "shapeName": "Pwani"}, "geometry": {"type": "MultiPolygon", "coordinates": [[[[39.90624, -7.7125], [39.89613, -7.76201], [39.87327, -7.82727], [39.85121, -7.84923], [39.8497, -7.86934], [39.85539, -7.87113], [39.85693, -7.8634], [39.8554, -7.87526], [39.83531, -7.91242], [39.82523, -7.91514], [39.82315, -7.90973], [39.82136, -7.91708], [39.81464, -7.91658], [39.81427, -7.90559], [39.80998, -7.91582], [39.80772, -7.88618], [39.80308, -7.89083], [39.79855, -7.8862], [39.80375, -7.90075], [39.78436, -7.90169], [39.78305, -7.89267], [39.78307, -7.90272], [39.76524, -7.90868], [39.74588, -7.92792], [39.74553, -7.92479], [39.74329, -7.92406], [39.74135, -7.92471], [39.74333, -7.93039], [39.73131, -7.94664], [39.7312, -7.96082], [39.74595, -7.96388], [39.7501, -7.97419], [39.74625, -7.97722], [39.68797, -7.99495], [39.64483, -7.99239], [39.61919, -7.9812], [39.58931, -7.94188], [39.61094, -7.94709], [39.62118, -7.92889], [39.64946, -7.91926], [39.66958, -7.90311], [39.70528, -7.85432], [39.7096, -7.85747], [39.70699, -7.85396], [39.71427, -7.84882], [39.72882, -7.85307], [39.73222, -7.83405], [39.72605, -7.83488], [39.7186, -7.82125], [39.70777, -7.82321], [39.70691, -7.81882], [39.75561, -7.814], [39.81644, -7.79124], [39.80769, -7.78457], [39.7824, -7.78542], [39.78225, -7.78107], [39.7707, -7.78494], [39.79987, -7.76787], [39.80502, -7.75523], [39.83394, -7.74487], [39.83032, -7.74281], [39.83729, -7.73687], [39.83472, -7.74461], [39.84082, -7.75099], [39.83812, -7.74582], [39.84839, -7.7335], [39.84837, -7.71932], [39.86668, -7.70278], [39.8718, -7.67932], [39.89888, -7.65426], [39.90247, -7.63981], [39.90958, -7.64392], [39.90624, -7.7125]]], [[[39.89821, -7.64446], [39.89911, -7.64163], [39.90041, -7.64291], [39.89821, -7.64446]]], [[[39.8968, -7.64988], [39.89705, -7.6455], [39.89808, -7.64524], [39.8968, -7.64988]]], [[[39.84245, -7.73544], [39.84245, -7.7317], [39.84477, -7.73196], [39.84245, -7.73544]]], [[[39.81055, -7.94288], [39.80771, -7.94263], [39.81648, -7.93282], [39.81817, -7.939], [39.81055, -7.94288]]], [[[39.77823, -8.02794], [39.75861, -8.01981], [39.76126, -7.99505], [39.76917, -7.98449], [39.77753, -7.98161], [39.77931, -7.98944], [39.79342, -7.98583], [39.80956, -7.96428], [39.81358, -7.97355], [39.77823, -8.02794]]], [[[39.8055, -7.93928], [39.80563, -7.93645], [39.80692, -7.93748], [39.8055, -7.93928]]], [[[39.76115, -8.02976], [39.75789, -8.02026], [39.76961, -8.02825], [39.76115, -8.02976]]], [[[39.76176, -8.03709], [39.76312, -8.03352], [39.76607, -8.03507], [39.76176, -8.03709]]], [[[39.76366, -7.98425], [39.75866, -7.98758], [39.75786, -7.9716], [39.7659, -7.97473], [39.76366, -7.98425]]], [[[39.72338, -8.06923], [39.71313, -8.04767], [39.72593, -8.05118], [39.74481, -8.05127], [39.72338, -8.06923]]], [[[39.7208, -8.07245], [39.72235, -8.07116], [39.72339, -8.07296], [39.7208, -8.07245]]], [[[39.7121, -7.83978], [39.70325, -7.83507], [39.70873, -7.82501], [39.71365, -7.82809], [39.7121, -7.83978]]], [[[39.13751, -6.61758], [39.06693, -6.65753], [39.06124, -6.7107], [39.05681, -6.71384], [39.06041, -6.72111], [39.05196, -6.72423], [39.04368, -6.74311], [39.03014, -6.75388], [39.02736, -6.7715], [39.0079, -6.77912], [39.01243, -6.78317], [39.00873, -6.79119], [39.05414, -6.79011], [39.05144, -6.80942], [39.05996, -6.82741], [39.05656, -6.84656], [39.07126, -6.86771], [39.09088, -6.87573], [39.11121, -6.87613], [39.01898, -7.06141], [39.05117, -7.09096], [39.07917, -7.09723], [39.12117, -7.01758], [39.18381, -7.02757], [39.26716, -6.95928], [39.29822, -6.94816], [39.31422, -6.96007], [39.31826, -6.9577], [39.31376, -6.95294], [39.32757, -6.94802], [39.35434, -6.96124], [39.35989, -6.97001], [39.37131, -6.97311], [39.38487, -6.968], [39.3849, -6.99675], [39.40124, -6.99858], [39.40608, -7.01135], [39.40003, -7.04379], [39.40846, -7.05273], [39.40999, -7.06531], [39.39304, -7.08576], [39.40619, -7.09406], [39.41769, -7.12561], [39.40655, -7.13459], [39.40052, -7.17086], [39.40182, -7.17756], [39.41059, -7.17962], [39.42684, -7.16362], [39.43151, -7.18475], [39.41757, -7.19224], [39.42106, -7.19585], [39.40752, -7.21185], [39.41399, -7.22653], [39.40857, -7.22112], [39.39567, -7.23647], [39.38973, -7.23403], [39.39426, -7.24305], [39.38975, -7.25169], [39.38458, -7.24925], [39.38149, -7.2544], [39.37154, -7.249], [39.37296, -7.24462], [39.36935, -7.24771], [39.37426, -7.25596], [39.36781, -7.26138], [39.37865, -7.26188], [39.37711, -7.26678], [39.36446, -7.26782], [39.37041, -7.28187], [39.35517, -7.27776], [39.35234, -7.28717], [39.36164, -7.28819], [39.35197, -7.31347], [39.34384, -7.31695], [39.34655, -7.30831], [39.34435, -7.30754], [39.33455, -7.32147], [39.34023, -7.32095], [39.33533, -7.32456], [39.33637, -7.33591], [39.3227, -7.35474], [39.3289, -7.36195], [39.32889, -7.34803], [39.33974, -7.34957], [39.32994, -7.36582], [39.34287, -7.39984], [39.35231, -7.39174], [39.34521, -7.41479], [39.33616, -7.40616], [39.32842, -7.41067], [39.31189, -7.40708], [39.30363, -7.41263], [39.30026, -7.40193], [39.28658, -7.40245], [39.28657, -7.39962], [39.2796, -7.40052], [39.27573, -7.39653], [39.27469, -7.39782], [39.27909, -7.40297], [39.29433, -7.40812], [39.30829, -7.42745], [39.31242, -7.42538], [39.30855, -7.4357], [39.31837, -7.43724], [39.32352, -7.42434], [39.32688, -7.4264], [39.33591, -7.41325], [39.3394, -7.41092], [39.30908, -7.45915], [39.29943, -7.51046], [39.29826, -7.50144], [39.2807, -7.503], [39.29814, -7.51046], [39.27891, -7.57194], [39.27663, -7.59633], [39.2694, -7.60664], [39.26812, -7.62753], [39.28806, -7.69403], [39.27745, -7.67779], [39.28859, -7.71955], [39.27619, -7.71827], [39.27671, -7.73219], [39.27309, -7.71994], [39.27619, -7.71723], [39.27696, -7.71466], [39.27463, -7.71388], [39.26999, -7.73013], [39.28707, -7.7626], [39.2832, -7.76827], [39.28695, -7.77961], [39.27623, -7.78452], [39.27469, -7.79535], [39.27105, -7.76854], [39.26175, -7.77267], [39.26019, -7.75952], [39.25219, -7.77474], [39.24637, -7.77113], [39.24391, -7.77526], [39.26253, -7.77808], [39.26409, -7.79278], [39.25866, -7.7902], [39.25841, -7.80258], [39.25091, -7.79923], [39.25271, -7.78892], [39.24729, -7.79949], [39.23708, -7.79614], [39.24264, -7.7982], [39.24536, -7.81109], [39.2367, -7.81239], [39.2411, -7.8205], [39.22882, -7.82219], [39.23826, -7.82631], [39.23607, -7.83688], [39.22999, -7.83946], [39.2362, -7.84306], [39.21423, -7.8539], [39.22148, -7.8722], [39.22458, -7.86808], [39.21915, -7.86344], [39.22716, -7.86344], [39.23052, -7.85544], [39.23492, -7.86988], [39.2282, -7.87272], [39.22975, -7.87658], [39.23647, -7.87245], [39.24708, -7.87786], [39.2525, -7.86729], [39.24837, -7.88018], [39.26466, -7.87347], [39.27035, -7.87939], [39.26827, -7.86599], [39.27422, -7.86521], [39.27008, -7.87037], [39.28404, -7.86121], [39.29102, -7.86211], [39.28904, -7.87182], [39.29387, -7.875], [39.30292, -7.87086], [39.30939, -7.87859], [39.30396, -7.87911], [39.30629, -7.88324], [39.31637, -7.88271], [39.3174, -7.87781], [39.32895, -7.88416], [39.35669, -7.86876], [39.3701, -7.83163], [39.37682, -7.8311], [39.36968, -7.83635], [39.35795, -7.86867], [39.36961, -7.86359], [39.35773, -7.87959], [39.36136, -7.88293], [39.36342, -7.87855], [39.36809, -7.88963], [39.37713, -7.88833], [39.3805, -7.89606], [39.37585, -7.89942], [39.38102, -7.90277], [39.36939, -7.90845], [39.38452, -7.90457], [39.38233, -7.91501], [39.37289, -7.91824], [39.37587, -7.92443], [39.37135, -7.92572], [39.36916, -7.93655], [39.37976, -7.93602], [39.38312, -7.93035], [39.4011, -7.94631], [39.38469, -7.9471], [39.41003, -7.95494], [39.39405, -8.00355], [39.38319, -8.00769], [39.392, -8.02108], [39.37339, -8.03476], [39.38115, -8.03527], [39.38478, -8.047], [39.37522, -8.05371], [39.37056, -8.04856], [39.34834, -8.08325], [39.35067, -8.0866], [39.35842, -8.07061], [39.3729, -8.06183], [39.36928, -8.06905], [39.37601, -8.07214], [39.37602, -8.07988], [39.36825, -8.07756], [39.36231, -8.08659], [39.37551, -8.09251], [39.38119, -8.08322], [39.38198, -8.09946], [39.38741, -8.08915], [39.39104, -8.09765], [39.39595, -8.09326], [39.38546, -8.12283], [39.39933, -8.11156], [39.38629, -8.14045], [39.37814, -8.13968], [39.3802, -8.13143], [39.37813, -8.12653], [39.37607, -8.13556], [39.37513, -8.09844], [39.36934, -8.13556], [39.35847, -8.1272], [39.35716, -8.1098], [39.35122, -8.11741], [39.34733, -8.11019], [39.33647, -8.11652], [39.33232, -8.10505], [39.31448, -8.11524], [39.31216, -8.12118], [39.31294, -8.12478], [39.32044, -8.12349], [39.32407, -8.13251], [39.31889, -8.13586], [39.32795, -8.13612], [39.32459, -8.14411], [39.33131, -8.13972], [39.33585, -8.14616], [39.33167, -8.15175], [39.34607, -8.14822], [39.34529, -8.14229], [39.34827, -8.14641], [39.33134, -8.16524], [39.33071, -8.18638], [39.32333, -8.18226], [39.32863, -8.17401], [39.32202, -8.1637], [39.32577, -8.15545], [39.31994, -8.15236], [39.31581, -8.15881], [39.31244, -8.15778], [39.31891, -8.15339], [39.31244, -8.14708], [39.3105, -8.15856], [39.31374, -8.161], [39.32098, -8.15571], [39.31866, -8.17015], [39.32552, -8.17195], [39.32074, -8.17479], [39.31763, -8.16938], [39.3131, -8.17067], [39.3121, -8.1656], [39.30995, -8.16457], [39.31116, -8.17274], [39.31608, -8.17402], [39.30874, -8.17282], [39.30625, -8.1797], [39.30081, -8.1712], [39.29926, -8.17842], [39.30392, -8.17919], [39.2972, -8.1828], [39.29643, -8.19234], [39.29254, -8.18873], [39.28841, -8.19415], [39.29487, -8.18074], [39.28528, -8.16244], [39.28166, -8.16786], [39.27804, -8.16425], [39.28037, -8.16838], [39.28619, -8.16708], [39.28051, -8.18874], [39.27237, -8.19519], [39.27651, -8.20009], [39.26642, -8.19777], [39.26513, -8.20525], [39.25245, -8.20655], [39.25633, -8.20062], [39.25063, -8.19392], [39.25064, -8.205], [39.23485, -8.19612], [39.23123, -8.20437], [39.232, -8.19767], [39.22605, -8.19728], [39.22295, -8.20347], [39.22735, -8.20244], [39.22735, -8.20785], [39.23537, -8.20501], [39.23175, -8.21017], [39.23926, -8.21468], [39.24508, -8.2099], [39.2412, -8.21635], [39.24263, -8.22073], [39.24572, -8.20784], [39.25478, -8.21041], [39.24548, -8.22975], [39.25867, -8.22768], [39.26851, -8.23515], [39.2579, -8.23477], [39.26023, -8.23902], [39.24937, -8.24419], [39.24937, -8.25102], [39.24368, -8.24703], [39.24574, -8.24135], [39.24109, -8.2438], [39.23929, -8.2594], [39.2323, -8.25889], [39.24421, -8.26842], [39.24059, -8.27306], [39.23955, -8.26997], [39.22946, -8.27024], [39.23827, -8.28235], [39.24344, -8.27796], [39.24344, -8.28608], [39.2393, -8.28338], [39.23843, -8.28827], [39.14913, -8.33069], [39.06441, -8.36129], [38.84241, -8.36764], [38.82347, -8.40228], [38.79316, -8.43672], [38.68508, -8.45101], [38.60129, -8.38982], [38.49571, -8.33799], [38.34254, -8.26719], [38.17913, -8.20315], [38.06769, -8.1439], [37.98576, -8.11164], [37.83446, -7.93569], [37.86753, -7.85953], [37.83579, -7.70398], [37.84559, -7.63388], [37.88469, -7.57517], [37.97007, -7.53036], [38.11729, -7.59878], [38.17234, -7.61234], [38.26074, -7.61208], [38.31767, -7.62245], [38.34704, -7.59803], [38.35661, -7.57809], [38.35176, -7.37548], [38.34176, -7.30559], [38.34015, -7.22846], [38.36968, -7.19349], [38.43928, -7.18841], [38.50328, -7.06484], [38.50211, -7.05105], [38.41663, -7.04032], [38.39059, -7.02714], [38.367, -7.03418], [38.34134, -7.02605], [38.32236, -7.00241], [38.30183, -6.92871], [38.30891, -6.85536], [38.32447, -6.83077], [38.35377, -6.8114], [38.37485, -6.78734], [38.35941, -6.71141], [38.34485, -6.69976], [38.31912, -6.69622], [38.24871, -6.72515], [38.22393, -6.71933], [38.19328, -6.6758], [38.1695, -6.66494], [38.06538, -6.67004], [38.03675, -6.61368], [37.9989, -6.58979], [38.01091, -6.24891], [37.94942, -6.20498], [37.91886, -6.15502], [37.86977, -6.11263], [37.83839, -6.02594], [37.82884, -5.95605], [37.81443, -5.904], [37.88494, -5.89939], [38.1274, -5.84969], [38.16032, -5.86479], [38.18599, -5.90276], [38.23015, -5.93591], [38.28342, -5.94485], [38.38152, -5.88138], [38.47934, -5.83626], [38.51538, -5.828], [38.80072, -5.97113], [38.77955, -6.02381], [38.78426, -6.06784], [38.81393, -6.11998], [38.82417, -6.12037], [38.84121, -6.15535], [38.85797, -6.15691], [38.86372, -6.17612], [38.86549, -6.22227], [38.85226, -6.24786], [38.84093, -6.32076], [38.84593, -6.34525], [38.86172, -6.37289], [38.86169, -6.38764], [38.86941, -6.38652], [38.86422, -6.38907], [38.8785, -6.40409], [38.89783, -6.40875], [38.91177, -6.44282], [38.95532, -6.46437], [38.94887, -6.46927], [38.96047, -6.46489], [38.98444, -6.47881], [39.00455, -6.47984], [39.02336, -6.49866], [39.03857, -6.49428], [39.05868, -6.50046], [39.05249, -6.51671], [39.06203, -6.51413], [39.07724, -6.51567], [39.0726, -6.5198], [39.08034, -6.53243], [39.07157, -6.53836], [39.08498, -6.5363], [39.08549, -6.52701], [39.09013, -6.53965], [39.10057, -6.5448], [39.09349, -6.54248], [39.09658, -6.54764], [39.10825, -6.55287], [39.09864, -6.54222], [39.10749, -6.54811], [39.11111, -6.56119], [39.15194, -6.57941], [39.17101, -6.6155], [39.13751, -6.61758]]]]}}, {"type": "Feature", "properties": {"shapeID": "36957248B86098654739756", "shapeName": "Ruvuma"}, "geometry": {"type": "Polygon", "coordinates": [[[37.9776, -10.86508], [37.99862, -10.87816], [38.01335, -10.9091], [38.02098, -10.9528], [38.01344, -11.03246], [38.01971, -11.06175], [38.03712, -11.07418], [38.06886, -11.16776], [38.07109, -11.20359], [38.05792, -11.27749], [38.04358, -11.27093], [38.01841, -11.27543], [38.00458, -11.26157], [37.96377, -11.27163], [37.95652, -11.26342], [37.93709, -11.2589], [37.91285, -11.26588], [37.89689, -11.27994], [37.88687, -11.27799], [37.87218, -11.2852], [37.85677, -11.30654], [37.83375, -11.30766], [37.82749, -11.37227], [37.81655, -11.37835], [37.8057, -11.41244], [37.78813, -11.4229], [37.77725, -11.45727], [37.78844, -11.4787], [37.78664, -11.50645], [37.7528, -11.54682], [37.67202, -11.57627], [37.65689, -11.57546], [37.61953, -11.61252], [37.58239, -11.62611], [37.50185, -11.61411], [37.47317, -11.63106], [37.44528, -11.63631], [37.41523, -11.68512], [37.38137, -11.69168], [37.35978, -11.68052], [37.33227, -11.67796], [37.31726, -11.66768], [37.31733, -11.65995], [37.30085, -11.64116], [37.2697, -11.63429], [37.22028, -11.65531], [37.15753, -11.63159], [37.13068, -11.63391], [37.11676, -11.62754], [37.08005, -11.62511], [37.0506, -11.59669], [37.03404, -11.59322], [37.02832, -11.58613], [36.99928, -11.58841], [36.98545, -11.57997], [36.95417, -11.59858], [36.93326, -11.59788], [36.925, -11.60502], [36.90344, -11.60323], [36.88974, -11.58692], [36.88075, -11.59672], [36.86753, -11.59538], [36.83628, -11.584], [36.81459, -11.55049], [36.80334, -11.55746], [36.79397, -11.60873], [36.78748, -11.62156], [36.779, -11.6246], [36.76832, -11.64819], [36.71252, -11.67608], [36.69753, -11.69802], [36.65744, -11.72497], [36.62724, -11.73778], [36.61211, -11.73025], [36.60452, -11.71456], [36.59024, -11.70372], [36.57326, -11.69852], [36.55626, -11.72801], [36.53934, -11.73797], [36.5186, -11.76121], [36.51146, -11.75926], [36.50288, -11.74379], [36.51766, -11.69828], [36.49416, -11.6816], [36.43055, -11.68514], [36.41584, -11.68123], [36.40106, -11.68958], [36.38677, -11.67851], [36.35577, -11.7131], [36.32736, -11.7071], [36.32036, -11.71678], [36.30704, -11.71975], [36.28552, -11.71955], [36.27022, -11.69043], [36.24621, -11.6993], [36.23887, -11.69677], [36.21746, -11.70852], [36.20179, -11.69776], [36.18323, -11.67087], [36.18689, -11.60094], [36.19976, -11.58207], [36.17536, -11.5668], [36.18548, -11.56226], [36.18341, -11.54798], [36.17752, -11.54741], [36.16392, -11.57155], [36.1541, -11.57035], [36.14597, -11.55986], [36.13098, -11.55403], [36.12526, -11.54315], [36.12784, -11.51821], [36.12004, -11.51282], [36.1106, -11.51405], [36.10062, -11.53185], [36.06289, -11.54058], [36.06136, -11.52915], [36.04118, -11.50547], [36.04219, -11.49447], [36.00832, -11.48687], [35.99129, -11.47497], [35.98555, -11.45766], [35.9746, -11.46309], [35.9675, -11.45531], [35.9669, -11.46771], [35.95795, -11.46559], [35.94382, -11.42289], [35.93126, -11.43877], [35.91353, -11.43825], [35.88269, -11.4251], [35.86622, -11.43193], [35.85576, -11.4291], [35.84656, -11.41211], [35.8266, -11.41107], [35.81093, -11.41984], [35.81477, -11.42954], [35.80347, -11.43034], [35.79855, -11.44289], [35.79174, -11.44094], [35.79374, -11.45241], [35.78604, -11.44848], [35.77457, -11.47066], [35.76849, -11.4603], [35.76963, -11.47179], [35.75582, -11.46842], [35.7473, -11.4744], [35.73788, -11.46769], [35.73384, -11.47854], [35.71164, -11.47747], [35.71539, -11.48792], [35.70352, -11.49629], [35.71295, -11.49917], [35.71148, -11.50673], [35.69773, -11.50803], [35.69552, -11.52195], [35.65118, -11.55014], [35.64409, -11.56316], [35.63404, -11.55317], [35.59757, -11.56045], [35.5746, -11.54884], [35.5677, -11.56329], [35.55449, -11.56287], [35.55014, -11.56974], [35.5423, -11.55959], [35.53703, -11.56534], [35.52807, -11.55869], [35.5208, -11.56735], [35.5278, -11.57625], [35.51519, -11.58219], [35.50497, -11.58058], [35.50234, -11.56125], [35.47683, -11.55964], [35.47331, -11.56346], [35.48127, -11.57244], [35.47838, -11.57651], [35.46311, -11.58113], [35.44664, -11.57309], [35.44195, -11.58421], [35.42009, -11.58192], [35.42573, -11.57139], [35.41536, -11.56209], [35.41126, -11.57732], [35.38744, -11.58508], [35.37593, -11.57181], [35.34232, -11.56891], [34.96737, -11.57045], [34.96043, -11.57534], [34.964, -11.551], [34.956, -11.492], [34.93075, -11.4625], [34.934, -11.44925], [34.92225, -11.42275], [34.927, -11.397], [34.81725, -11.3285], [34.801, -11.32075], [34.79475, -11.32475], [34.78575, -11.296], [34.789, -11.28825], [34.7995, -11.28725], [34.80053, -11.27911], [34.79275, -11.2665], [34.773, -11.25725], [34.77225, -11.23675], [34.76025, -11.224], [34.7596, -11.21116], [34.71397, -11.18819], [34.7035, -11.17875], [34.69875, -11.16], [34.65275, -11.133], [34.636, -11.1155], [34.63477, -11.10064], [34.64099, -11.09302], [34.63427, -11.07632], [34.63739, -11.05312], [34.616, -11.0485], [34.61225, -11.02925], [34.65075, -10.95875], [34.67325, -10.9395], [34.67975, -10.9055], [34.6695, -10.89275], [34.677, -10.87025], [34.67175, -10.84375], [34.679, -10.83625], [34.67525, -10.8285], [34.681, -10.81175], [34.67375, -10.78475], [34.68325, -10.761], [34.67975, -10.74725], [34.65, -10.71325], [34.66075, -10.68875], [34.6525, -10.67875], [34.65525, -10.66975], [34.64275, -10.6575], [34.646, -10.6455], [34.61725, -10.61725], [34.6235, -10.613], [34.62575, -10.597], [34.5845, -10.57225], [34.57625, -10.55825], [34.57825, -10.541], [34.57, -10.529], [34.57325, -10.513], [34.59108, -10.49547], [34.60417, -10.5045], [34.63815, -10.51044], [34.70478, -10.4888], [34.73656, -10.45707], [34.75549, -10.42243], [34.77733, -10.4094], [34.79795, -10.38487], [34.84256, -10.3579], [34.8796, -10.34368], [34.96094, -10.29239], [34.96667, -10.21719], [34.98376, -10.18298], [35.04531, -10.16173], [35.08917, -10.15357], [35.12161, -10.1393], [35.1811, -9.97895], [35.22139, -9.9634], [35.24931, -9.94355], [35.21592, -9.89815], [35.14887, -9.82569], [35.127, -9.77997], [35.12566, -9.74599], [35.14122, -9.72186], [35.18002, -9.71364], [35.23008, -9.69086], [35.27946, -9.65202], [35.36571, -9.54984], [35.43856, -9.481], [35.59372, -9.35813], [35.72491, -9.3598], [35.74683, -9.3408], [35.77689, -9.30125], [35.85508, -9.24487], [35.88745, -9.1908], [35.90368, -9.18645], [35.90284, -9.22253], [35.91629, -9.30761], [35.93402, -9.35374], [35.92965, -9.43033], [35.92115, -9.44446], [35.88901, -9.46929], [35.87239, -9.50259], [35.86166, -9.57359], [35.83576, -9.61228], [35.74052, -9.73086], [35.67488, -9.77914], [35.69182, -9.81653], [35.72915, -9.84455], [35.76666, -9.89139], [35.80886, -9.90202], [35.87317, -9.88127], [35.9225, -9.84609], [35.94043, -9.78573], [35.98844, -9.74687], [36.01947, -9.70412], [36.07936, -9.6397], [36.14528, -9.60382], [36.33269, -9.57132], [36.38688, -9.54952], [36.40144, -9.56072], [36.39336, -9.63957], [36.41078, -9.67513], [36.46274, -9.71022], [36.47832, -9.7453], [36.47227, -9.78102], [36.44922, -9.81332], [36.4018, -9.90543], [36.40831, -9.93214], [36.43064, -9.94757], [36.48341, -9.95926], [36.54719, -9.94262], [36.62373, -9.90413], [36.6935, -9.85728], [36.75894, -9.82231], [36.81737, -9.76338], [36.86357, -9.75295], [36.91639, -9.73068], [37.01202, -9.67773], [37.12725, -9.63835], [37.1106, -9.6744], [37.07891, -9.6997], [37.06519, -9.72431], [37.00617, -9.76119], [36.94769, -9.82287], [36.89171, -9.87173], [36.87584, -9.91697], [36.86821, -9.96553], [36.86791, -10.04677], [36.81631, -10.14733], [37.70841, -10.55088], [37.81382, -10.55222], [37.83844, -10.62964], [37.86072, -10.67904], [37.88361, -10.71834], [37.92573, -10.76524], [37.97247, -10.84111], [37.9776, -10.86508]]]}}, {"type": "Feature", "properties": {"shapeID": "36957248B51202481578817", "shapeName": "Morogoro"}, "geometry": {"type": "Polygon", "coordinates": [[[35.34393, -8.91432], [35.31676, -8.85293], [35.33211, -8.81181], [35.31771, -8.79006], [35.30757, -8.75963], [35.3851, -8.65551], [35.62928, -8.70543], [35.63744, -8.74501], [35.6394, -8.79874], [35.65926, -8.82469], [35.68523, -8.78142], [35.6893, -8.66397], [35.70738, -8.59397], [35.8931, -8.3673], [35.96185, -8.3002], [36.01668, -8.26193], [36.06754, -8.21667], [36.13206, -8.18169], [36.22043, -8.12223], [36.37523, -7.96126], [36.44312, -7.91668], [36.50873, -7.90099], [36.57644, -7.8991], [36.63105, -7.91081], [36.69423, -7.93456], [36.74937, -7.94169], [36.79093, -7.90274], [36.82946, -7.82062], [36.87435, -7.74362], [36.95304, -7.65374], [36.85375, -7.64329], [36.81899, -7.65892], [36.79107, -7.648], [36.76514, -7.59581], [36.70188, -7.57802], [36.67585, -7.56392], [36.65633, -7.54531], [36.59589, -7.52424], [36.58547, -7.51182], [36.52304, -7.51245], [36.52304, -7.50225], [36.49038, -7.46655], [36.47512, -7.44019], [36.47412, -7.41494], [36.52813, -7.37477], [36.5058, -7.23679], [36.52431, -7.10759], [36.59496, -7.03229], [36.62419, -6.98631], [36.64491, -6.92461], [36.64148, -6.87729], [36.62323, -6.80499], [36.6363, -6.70097], [36.65385, -6.66585], [36.68452, -6.64742], [36.69732, -6.62234], [36.73117, -6.51445], [36.74386, -6.43566], [36.75971, -6.42255], [36.77676, -6.42185], [36.79498, -6.43448], [36.80714, -6.42178], [36.82521, -6.38345], [36.8112, -6.08952], [36.99975, -5.98084], [37.08089, -6.00436], [37.12935, -6.02747], [37.17994, -6.03087], [37.22011, -6.02312], [37.34919, -5.98162], [37.42488, -5.96881], [37.4311, -5.95374], [37.44547, -5.82403], [37.46259, -5.81828], [37.50133, -5.81372], [37.53938, -5.82476], [37.63116, -5.87504], [37.71547, -5.87153], [37.74245, -5.8838], [37.77888, -5.91089], [37.81443, -5.904], [37.82884, -5.95605], [37.83839, -6.02594], [37.86977, -6.11263], [37.91886, -6.15502], [37.94942, -6.20498], [38.01091, -6.24891], [37.9989, -6.58979], [38.03675, -6.61368], [38.06538, -6.67004], [38.1695, -6.66494], [38.19328, -6.6758], [38.22393, -6.71933], [38.24871, -6.72515], [38.31912, -6.69622], [38.34485, -6.69976], [38.35941, -6.71141], [38.37485, -6.78734], [38.35377, -6.8114], [38.32447, -6.83077], [38.30891, -6.85536], [38.30183, -6.92871], [38.32236, -7.00241], [38.34134, -7.02605], [38.367, -7.03418], [38.39059, -7.02714], [38.41663, -7.04032], [38.50211, -7.05105], [38.50328, -7.06484], [38.43928, -7.18841], [38.36968, -7.19349], [38.34015, -7.22846], [38.34176, -7.30559], [38.35176, -7.37548], [38.35661, -7.57809], [38.34704, -7.59803], [38.31767, -7.62245], [38.26074, -7.61208], [38.17234, -7.61234], [38.11729, -7.59878], [37.97007, -7.53036], [37.88469, -7.57517], [37.84559, -7.63388], [37.83579, -7.70398], [37.86753, -7.85953], [37.82986, -7.94626], [37.83191, -7.99356], [37.80803, -8.02079], [37.75132, -8.05633], [37.72039, -8.09266], [37.6821, -8.18994], [37.62734, -8.24983], [37.59566, -8.30496], [37.51218, -8.37642], [37.47543, -8.43241], [37.44886, -8.45456], [37.40763, -8.47148], [37.34322, -8.52053], [37.35436, -8.54298], [37.35124, -8.55484], [37.36624, -8.59006], [37.3649, -8.6025], [37.37746, -8.60821], [37.371, -8.61492], [37.37534, -8.64063], [37.35017, -8.66842], [37.34508, -8.69092], [37.3499, -8.70469], [37.34171, -8.71039], [37.34401, -8.7203], [37.3333, -8.73222], [37.33143, -8.74757], [37.32039, -8.75626], [37.32157, -8.77161], [37.28597, -8.8425], [37.30997, -8.95641], [37.3256, -8.95471], [37.35792, -8.98956], [37.35214, -9.01342], [37.33488, -9.01443], [37.35197, -9.03826], [37.33188, -9.08426], [37.38551, -9.11792], [37.36386, -9.14932], [37.31422, -9.17439], [37.33282, -9.22374], [37.32691, -9.24937], [37.27327, -9.2955], [37.26653, -9.34636], [37.25652, -9.36873], [37.26574, -9.39868], [37.24501, -9.43054], [37.21675, -9.44212], [37.16422, -9.50663], [37.12413, -9.56992], [37.11746, -9.58498], [37.12725, -9.63835], [37.01202, -9.67773], [36.91639, -9.73068], [36.86357, -9.75295], [36.81737, -9.76338], [36.75894, -9.82231], [36.6935, -9.85728], [36.62373, -9.90413], [36.54719, -9.94262], [36.48341, -9.95926], [36.43064, -9.94757], [36.40831, -9.93214], [36.4018, -9.90543], [36.44922, -9.81332], [36.47227, -9.78102], [36.47832, -9.7453], [36.46274, -9.71022], [36.41078, -9.67513], [36.39336, -9.63957], [36.40144, -9.56072], [36.38688, -9.54952], [36.33269, -9.57132], [36.14528, -9.60382], [36.07936, -9.6397], [36.01947, -9.70412], [35.98844, -9.74687], [35.94043, -9.78573], [35.9225, -9.84609], [35.87317, -9.88127], [35.80886, -9.90202], [35.76666, -9.89139], [35.72915, -9.84455], [35.69182, -9.81653], [35.67488, -9.77914], [35.74052, -9.73086], [35.83576, -9.61228], [35.86166, -9.57359], [35.87239, -9.50259], [35.88901, -9.46929], [35.92115, -9.44446], [35.92965, -9.43033], [35.93402, -9.35374], [35.91629, -9.30761], [35.90284, -9.22253], [35.90368, -9.18645], [35.88745, -9.1908], [35.85508, -9.24487], [35.77689, -9.30125], [35.74683, -9.3408], [35.72491, -9.3598], [35.59372, -9.35813], [35.63475, -9.32377], [35.6551, -9.28685], [35.63555, -9.23932], [35.58487, -9.2116], [35.45085, -9.12222], [35.41175, -9.08914], [35.36936, -9.02985], [35.35643, -9.00169], [35.34393, -8.91432]]]}}, {"type": "Feature", "properties": {"shapeID": "36957248B68200678446738", "shapeName": "Rukwa"}, "geometry": {"type": "Polygon", "coordinates": [[[32.27053, -7.88563], [32.36207, -7.95243], [32.48846, -8.05914], [32.49314, -8.08445], [32.46959, -8.21221], [32.3665, -8.30178], [32.31404, -8.30019], [32.26807, -8.35698], [32.26239, -8.39776], [32.26594, -8.46849], [32.28979, -8.5046], [32.29649, -8.5492], [32.27188, -8.59387], [32.15524, -8.69658], [32.14099, -8.69548], [32.07993, -8.71444], [32.07211, -8.74463], [32.07503, -8.79562], [32.08658, -8.82376], [32.06768, -8.85611], [32.06992, -8.89102], [32.09021, -8.91974], [32.11539, -8.92924], [32.12019, -8.94628], [32.098, -9.01393], [32.10274, -9.05405], [32.06091, -9.05137], [32.03217, -9.05702], [31.99611, -9.07614], [31.97335, -9.06462], [31.93666, -9.01801], [31.93865, -9.00608], [31.93129, -8.98256], [31.94705, -8.93678], [31.82974, -8.89176], [31.7796, -8.89069], [31.76637, -8.89535], [31.73475, -8.92326], [31.72516, -8.91463], [31.70871, -8.9174], [31.6799, -8.91126], [31.65861, -8.87996], [31.61039, -8.8577], [31.58475, -8.83883], [31.57639, -8.82356], [31.56988, -8.80923], [31.58298, -8.76117], [31.57048, -8.70955], [31.55157, -8.68978], [31.53617, -8.68361], [31.48952, -8.68414], [31.47398, -8.65548], [31.45873, -8.64034], [31.41304, -8.63829], [31.39814, -8.63141], [31.37501, -8.58721], [31.35999, -8.59334], [31.3629, -8.60774], [31.35649, -8.60709], [31.34805, -8.61707], [31.34008, -8.61131], [31.32586, -8.61685], [31.32541, -8.6086], [31.31236, -8.60684], [31.29457, -8.62966], [31.27416, -8.63224], [31.24453, -8.59162], [31.23511, -8.59707], [31.21105, -8.58354], [31.1946, -8.59544], [31.18296, -8.5931], [31.18019, -8.61047], [31.14964, -8.63139], [31.13646, -8.6328], [31.07794, -8.62182], [31.01051, -8.57648], [30.80741, -8.31065], [30.75944, -8.145], [30.70139, -7.98], [30.64944, -7.87806], [30.52333, -7.70056], [30.46889, -7.60889], [30.44194, -7.53861], [30.42222, -7.41056], [30.38194, -7.28389], [30.31139, -7.13694], [30.26108, -7.06759], [30.54796, -6.88605], [30.64093, -6.88862], [30.84967, -6.93809], [30.86358, -6.94999], [30.94752, -6.98294], [30.98545, -7.12433], [31.02303, -7.13628], [31.19379, -7.13938], [31.20892, -7.1437], [31.25587, -7.17505], [31.28221, -7.26076], [31.31194, -7.42775], [31.33979, -7.5043], [31.39122, -7.51321], [31.41709, -7.50757], [31.43967, -7.47527], [31.47634, -7.4863], [31.49815, -7.53615], [31.52577, -7.56725], [31.56982, -7.57745], [31.5984, -7.60581], [31.63681, -7.62328], [31.70858, -7.62649], [31.75125, -7.66696], [31.78758, -7.73123], [31.90157, -7.74415], [31.97183, -7.74505], [32.27053, -7.88563]]]}}, {"type": "Feature", "properties": {"shapeID": "36957248B11692782910073", "shapeName": "Kigoma"}, "geometry": {"type": "Polygon", "coordinates": [[[30.88937, -2.93755], [31.01116, -2.85969], [31.02357, -2.86477], [31.02341, -2.90253], [31.03128, -2.93017], [31.04267, -2.93858], [31.06907, -2.9279], [31.08917, -2.9075], [31.12755, -2.89651], [31.14649, -2.92337], [31.0921, -3.01953], [30.99345, -3.15092], [30.98329, -3.18338], [31.02087, -3.19488], [31.0557, -3.17512], [31.09868, -3.16374], [31.124, -3.16406], [31.15538, -3.19016], [31.16733, -3.22199], [31.1784, -3.28225], [31.16773, -3.37988], [31.23888, -3.70117], [31.27971, -3.74116], [31.30856, -3.78238], [31.31996, -3.85137], [31.34029, -3.90809], [31.3798, -3.97514], [31.40194, -4.12598], [31.39091, -4.24747], [31.40191, -4.34262], [31.4311, -4.39164], [31.44571, -4.4616], [31.44643, -4.50567], [31.42817, -4.55685], [31.4409, -4.59832], [31.43728, -4.62443], [31.44621, -4.64291], [31.4699, -4.65973], [31.49048, -4.73068], [31.46962, -4.74005], [31.45621, -4.77477], [31.42905, -4.80517], [31.39338, -4.81987], [31.33576, -4.88615], [31.30117, -4.95134], [31.16787, -4.98667], [31.21495, -5.05214], [31.1652, -5.20711], [31.2373, -5.46506], [31.06647, -5.54765], [31.06782, -5.53038], [30.95715, -5.48031], [30.62522, -5.2645], [30.52803, -5.23664], [30.38934, -5.18255], [30.32286, -5.25606], [30.22048, -5.29836], [30.08276, -5.33287], [29.95819, -5.38132], [30.09776, -5.49922], [30.17237, -5.83523], [30.19993, -5.93197], [30.26618, -6.05812], [30.33421, -6.21871], [30.37738, -6.22615], [30.40871, -6.22425], [30.42227, -6.24141], [30.38168, -6.3079], [30.38408, -6.33226], [30.39682, -6.34206], [30.3855, -6.42178], [30.35617, -6.44298], [30.32379, -6.45359], [30.30928, -6.46901], [30.25988, -6.57073], [30.22335, -6.61158], [30.14762, -6.68819], [30.00667, -6.805], [29.89139, -6.75528], [29.7325, -6.6275], [29.70389, -6.58639], [29.66111, -6.45556], [29.61306, -6.39972], [29.57111, -6.33778], [29.55028, -6.29528], [29.53778, -6.24528], [29.53306, -6.16722], [29.49833, -6.05639], [29.49583, -5.99139], [29.50472, -5.94583], [29.51889, -5.91889], [29.61417, -5.79889], [29.62944, -5.75944], [29.63167, -5.72194], [29.5975, -5.57917], [29.56222, -5.49639], [29.53444, -5.44806], [29.45861, -5.18444], [29.41417, -5.12528], [29.36319, -4.99558], [29.34931, -4.94002], [29.32852, -4.77494], [29.32698, -4.69971], [29.33608, -4.65179], [29.37153, -4.56941], [29.43595, -4.44901], [29.6745, -4.44664], [29.69293, -4.45065], [29.70756, -4.4622], [29.71836, -4.45558], [29.72558, -4.46208], [29.74108, -4.45672], [29.74407, -4.46605], [29.75605, -4.4687], [29.76938, -4.4554], [29.76388, -4.44835], [29.76458, -4.42802], [29.77549, -4.41171], [29.78321, -4.41377], [29.79544, -4.40168], [29.81427, -4.36385], [29.82664, -4.36064], [29.83116, -4.36682], [29.84522, -4.36837], [29.85177, -4.3816], [29.87409, -4.38091], [29.87331, -4.36875], [29.88396, -4.3698], [29.88411, -4.35963], [29.89258, -4.35211], [29.9004, -4.35635], [29.9095, -4.34822], [29.91154, -4.35242], [29.935, -4.34272], [29.96128, -4.32559], [29.96919, -4.30277], [29.98692, -4.29634], [29.99146, -4.302], [29.99432, -4.29264], [29.99704, -4.29955], [30.00536, -4.29418], [30.00353, -4.28026], [30.01361, -4.28435], [30.02008, -4.27483], [30.02514, -4.28049], [30.03135, -4.27225], [30.04239, -4.27613], [30.04675, -4.25969], [30.04303, -4.25631], [30.05365, -4.25685], [30.05145, -4.24392], [30.04622, -4.24378], [30.05484, -4.23988], [30.05253, -4.22274], [30.062, -4.20075], [30.07014, -4.19643], [30.07793, -4.16806], [30.10237, -4.15041], [30.1122, -4.15061], [30.11599, -4.13897], [30.12379, -4.1404], [30.12278, -4.13509], [30.13346, -4.1339], [30.13625, -4.12705], [30.15841, -4.11493], [30.18422, -4.08378], [30.18415, -4.06577], [30.19581, -4.04581], [30.21513, -4.04671], [30.2214, -4.04143], [30.22965, -4.01113], [30.21877, -4.0059], [30.2137, -3.99044], [30.22678, -3.97386], [30.23114, -3.941], [30.23908, -3.92293], [30.24938, -3.91862], [30.2595, -3.89203], [30.25633, -3.88366], [30.27907, -3.87379], [30.3081, -3.84531], [30.30806, -3.83195], [30.32277, -3.8154], [30.32579, -3.8028], [30.32145, -3.79902], [30.32906, -3.78457], [30.3475, -3.77354], [30.35977, -3.78081], [30.36622, -3.77521], [30.38038, -3.77583], [30.38688, -3.7796], [30.38681, -3.78793], [30.39689, -3.7898], [30.39732, -3.797], [30.40958, -3.78415], [30.40956, -3.76497], [30.40256, -3.75886], [30.39848, -3.73142], [30.39088, -3.7286], [30.39177, -3.71712], [30.38637, -3.71436], [30.39866, -3.70295], [30.40447, -3.68551], [30.4091, -3.6876], [30.40821, -3.66983], [30.41462, -3.66565], [30.42161, -3.64103], [30.42785, -3.64117], [30.43309, -3.6321], [30.42839, -3.62409], [30.44394, -3.61936], [30.45708, -3.60608], [30.45803, -3.59319], [30.45081, -3.59137], [30.45684, -3.57616], [30.44959, -3.57616], [30.44598, -3.56766], [30.49209, -3.52022], [30.50049, -3.5168], [30.51482, -3.52896], [30.53529, -3.50344], [30.62215, -3.46409], [30.66146, -3.43177], [30.67221, -3.41893], [30.67817, -3.39804], [30.66631, -3.38752], [30.64709, -3.38415], [30.64601, -3.37444], [30.63455, -3.36121], [30.66716, -3.31897], [30.71898, -3.30304], [30.72914, -3.28822], [30.73066, -3.27326], [30.73966, -3.26729], [30.74438, -3.26833], [30.74783, -3.28635], [30.75868, -3.29213], [30.79757, -3.27877], [30.84266, -3.2536], [30.82574, -3.24591], [30.81324, -3.22437], [30.82105, -3.21317], [30.84752, -3.20698], [30.8381, -3.19228], [30.84619, -3.16363], [30.83399, -3.14275], [30.82174, -3.14984], [30.81775, -3.14662], [30.82982, -3.1294], [30.83637, -3.09437], [30.83004, -3.08415], [30.8135, -3.08138], [30.79759, -3.05246], [30.81471, -3.04238], [30.81675, -3.0278], [30.84985, -2.97952], [30.88937, -2.93755]]]}}, {"type": "Feature", "properties": {"shapeID": "36957248B96174950507772", "shapeName": "Tanga"}, "geometry": {"type": "MultiPolygon", "coordinates": [[[[38.03849, -4.62396], [38.06754, -4.62112], [38.11881, -4.57954], [38.15663, -4.54422], [38.2558, -4.40916], [38.38588, -4.26991], [38.47091, -4.15765], [39.19074, -4.65974], [39.19392, -4.67763], [39.17851, -4.68846], [39.18931, -4.71656], [39.18186, -4.73319], [39.17505, -4.73307], [39.17826, -4.72894], [39.17132, -4.73229], [39.16786, -4.74499], [39.17566, -4.7676], [39.17236, -4.77522], [39.15977, -4.77535], [39.15541, -4.80655], [39.15939, -4.813], [39.15489, -4.8179], [39.16723, -4.81841], [39.16903, -4.80938], [39.16213, -4.80544], [39.16697, -4.78605], [39.17519, -4.79366], [39.17815, -4.8099], [39.19396, -4.80783], [39.19807, -4.81814], [39.20116, -4.80886], [39.21041, -4.80551], [39.20449, -4.79365], [39.21477, -4.79313], [39.2203, -4.81014], [39.21666, -4.82421], [39.208, -4.82773], [39.20043, -4.81996], [39.2045, -4.83052], [39.19628, -4.83181], [39.19911, -4.8349], [39.19268, -4.84032], [39.19602, -4.8447], [39.20168, -4.84083], [39.20117, -4.85733], [39.20631, -4.84057], [39.21536, -4.83739], [39.21582, -4.85088], [39.21428, -4.84727], [39.19527, -4.88776], [39.19552, -4.88389], [39.18781, -4.88647], [39.19468, -4.89433], [39.18152, -4.91329], [39.17536, -4.9401], [39.17831, -4.91174], [39.17304, -4.9053], [39.17856, -4.90323], [39.17342, -4.89962], [39.18229, -4.89034], [39.17701, -4.88132], [39.19218, -4.86507], [39.1747, -4.87023], [39.17889, -4.85576], [39.17109, -4.83646], [39.16448, -4.8305], [39.14808, -4.8295], [39.16017, -4.85167], [39.15889, -4.86353], [39.14745, -4.8741], [39.14875, -4.90175], [39.1362, -4.92169], [39.12563, -4.91959], [39.11893, -4.92748], [39.13057, -4.93697], [39.12747, -4.94548], [39.13154, -4.93876], [39.13616, -4.94138], [39.14311, -4.96328], [39.12974, -4.97801], [39.12979, -4.99266], [39.15354, -5.0033], [39.14179, -5.00727], [39.12769, -5.02648], [39.10926, -5.02035], [39.10035, -5.02465], [39.09697, -5.03165], [39.10331, -5.03323], [39.09706, -5.0336], [39.10206, -5.04006], [39.08449, -5.06211], [39.10329, -5.06851], [39.11882, -5.06122], [39.12171, -5.05339], [39.12613, -5.05818], [39.13179, -5.05558], [39.125, -5.07072], [39.13364, -5.10808], [39.12844, -5.10572], [39.13259, -5.10564], [39.13105, -5.09764], [39.12572, -5.10938], [39.12076, -5.10616], [39.12616, -5.10991], [39.11752, -5.11712], [39.12556, -5.11466], [39.12462, -5.11839], [39.1055, -5.1326], [39.10213, -5.15179], [39.09788, -5.1554], [39.09171, -5.1487], [39.08734, -5.15876], [39.09724, -5.15979], [39.0984, -5.17139], [39.09069, -5.1683], [39.09223, -5.17371], [39.08606, -5.17552], [39.09455, -5.18248], [39.08375, -5.19447], [39.0756, -5.1885], [39.06922, -5.19872], [39.07552, -5.20439], [39.06666, -5.21016], [39.06459, -5.21987], [39.08846, -5.22389], [39.08879, -5.23182], [39.07038, -5.26339], [39.06239, -5.30085], [39.02642, -5.39707], [39.01733, -5.41108], [39.01063, -5.40675], [38.99296, -5.41324], [38.98159, -5.43154], [38.96421, -5.43022], [38.98576, -5.43618], [38.98936, -5.44624], [38.99939, -5.44779], [39.00209, -5.45372], [38.99219, -5.49162], [38.97083, -5.53132], [38.96993, -5.55246], [38.95874, -5.56097], [38.96491, -5.54228], [38.9523, -5.5522], [38.95076, -5.56922], [38.95886, -5.56303], [38.94149, -5.5883], [38.93467, -5.61614], [38.91652, -5.63006], [38.91485, -5.63986], [38.90108, -5.63534], [38.89027, -5.64991], [38.86994, -5.65609], [38.86865, -5.67156], [38.88255, -5.67195], [38.89966, -5.65455], [38.89902, -5.64218], [38.90507, -5.6463], [38.89374, -5.6744], [38.89579, -5.71385], [38.84133, -5.80305], [38.82407, -5.84274], [38.81897, -5.87662], [38.82134, -5.92679], [38.81574, -5.94264], [38.80467, -5.95281], [38.80072, -5.97113], [38.51538, -5.828], [38.47934, -5.83626], [38.38152, -5.88138], [38.28342, -5.94485], [38.23015, -5.93591], [38.18599, -5.90276], [38.16032, -5.86479], [38.1274, -5.84969], [37.88494, -5.89939], [37.77888, -5.91089], [37.74245, -5.8838], [37.71547, -5.87153], [37.63116, -5.87504], [37.53938, -5.82476], [37.50133, -5.81372], [37.44547, -5.82403], [37.4311, -5.95374], [37.42488, -5.96881], [37.34919, -5.98162], [37.22011, -6.02312], [37.17994, -6.03087], [37.12935, -6.02747], [37.08089, -6.00436], [36.99975, -5.98084], [37.28828, -5.80596], [37.21473, -5.76785], [37.23721, -5.68139], [37.29654, -5.59264], [37.32224, -5.53697], [37.35978, -5.3667], [37.36507, -5.29057], [37.47836, -5.10383], [37.57718, -5.04309], [37.65205, -5.06519], [37.7837, -5.06105], [37.85579, -4.98745], [37.94053, -4.98624], [37.99578, -4.95481], [38.0391, -4.95265], [38.01839, -4.88992], [37.98514, -4.83534], [37.99712, -4.80382], [38.00519, -4.7571], [37.99758, -4.68127], [37.97337, -4.60707], [37.97322, -4.58595], [38.03849, -4.62396]]], [[[39.20937, -4.77302], [39.19935, -4.77225], [39.20448, -4.75832], [39.19574, -4.76387], [39.18623, -4.74338], [39.18803, -4.73616], [39.19484, -4.73615], [39.19882, -4.72507], [39.19355, -4.72094], [39.20036, -4.71063], [39.19599, -4.71166], [39.19084, -4.69078], [39.20035, -4.69077], [39.20524, -4.70057], [39.20832, -4.69258], [39.20189, -4.68381], [39.20999, -4.68716], [39.21038, -4.71991], [39.20537, -4.72867], [39.21141, -4.72068], [39.21463, -4.75961], [39.20937, -4.77302]]]]}}, {"type": "Feature", "properties": {"shapeID": "36957248B94171853380228", "shapeName": "Dodoma"}, "geometry": {"type": "Polygon", "coordinates": [[[35.4951, -4.8491], [35.56068, -4.77374], [35.59792, -4.71592], [35.65358, -4.65788], [35.69079, -4.60189], [35.68251, -4.57058], [35.66063, -4.52532], [35.68125, -4.4705], [35.8092, -4.38079], [35.84435, -4.33947], [35.86494, -4.28695], [35.95803, -4.34229], [36.29974, -4.21307], [36.30974, -4.28297], [36.30552, -4.38022], [36.31534, -4.4625], [36.36079, -4.65494], [36.22119, -5.30723], [36.289, -5.298], [36.30406, -5.33766], [36.30568, -5.38312], [36.2787, -5.43235], [36.25748, -5.4968], [36.43454, -5.66291], [36.47484, -5.70841], [36.58578, -5.77086], [36.72541, -5.9466], [36.8595, -5.93912], [36.99975, -5.98084], [36.8112, -6.08952], [36.82521, -6.38345], [36.80714, -6.42178], [36.79498, -6.43448], [36.77676, -6.42185], [36.75971, -6.42255], [36.74386, -6.43566], [36.73117, -6.51445], [36.69732, -6.62234], [36.68452, -6.64742], [36.65385, -6.66585], [36.6363, -6.70097], [36.62323, -6.80499], [36.64148, -6.87729], [36.64491, -6.92461], [36.62419, -6.98631], [36.59496, -7.03229], [36.52431, -7.10759], [36.5058, -7.23679], [36.52813, -7.37477], [36.47412, -7.41494], [36.46443, -7.38589], [36.44641, -7.3595], [36.41632, -7.33984], [36.39342, -7.33129], [36.33611, -7.34662], [36.31744, -7.33262], [36.30045, -7.26814], [36.23434, -7.19386], [36.21024, -7.17428], [36.18224, -7.16841], [36.14955, -7.1377], [36.04503, -7.13867], [36.00765, -7.14416], [35.96688, -7.13033], [35.85451, -7.07153], [35.78576, -7.05092], [35.73104, -7.04609], [35.68843, -7.06299], [35.65258, -7.05932], [35.569, -7.01419], [35.52809, -7.00954], [35.46714, -6.96011], [35.43122, -6.96058], [35.40014, -6.94549], [35.29012, -6.94455], [35.26766, -6.93784], [35.19945, -6.97323], [35.13605, -6.96416], [35.10603, -6.93991], [35.12516, -6.92272], [35.13055, -6.90121], [35.10042, -6.85355], [35.11113, -6.78392], [35.09456, -6.72221], [35.29085, -6.43508], [35.25004, -6.23949], [35.21462, -6.23766], [35.27053, -5.91661], [35.28883, -5.74014], [35.34315, -5.67978], [35.36484, -5.64563], [35.37114, -5.6246], [35.25886, -5.52816], [35.23264, -5.49615], [35.23072, -5.47088], [35.21775, -5.44501], [35.18367, -5.41521], [35.15584, -5.36758], [35.15465, -5.32396], [35.11922, -5.23033], [35.11948, -5.18214], [35.27109, -5.08125], [35.30043, -5.08943], [35.33096, -5.11047], [35.36954, -5.08618], [35.34797, -5.05102], [35.34348, -4.95136], [35.32267, -4.83451], [35.4951, -4.8491]]]}}, {"type": "Feature", "properties": {"shapeID": "36957248B39816127207897", "shapeName": "Zanzibar South & Central"}, "geometry": {"type": "Polygon", "coordinates": [[[39.2865, -6.23697], [39.26991, -6.15237], [39.28442, -6.10199], [39.28138, -6.08362], [39.32167, -6.06308], [39.37107, -6.05553], [39.42414, -6.05704], [39.43218, -6.06429], [39.42594, -6.13543], [39.43779, -6.15537], [39.43849, -6.17066], [39.41998, -6.18095], [39.41485, -6.18844], [39.41509, -6.19207], [39.41915, -6.18787], [39.42184, -6.19406], [39.44478, -6.17865], [39.45513, -6.19902], [39.46529, -6.18183], [39.47101, -6.18577], [39.47918, -6.18172], [39.48259, -6.19559], [39.48911, -6.19677], [39.49361, -6.18681], [39.50778, -6.19084], [39.51211, -6.18319], [39.5007, -6.15457], [39.4954, -6.14648], [39.48883, -6.14873], [39.49056, -6.12706], [39.49569, -6.1226], [39.51053, -6.12754], [39.5357, -6.18926], [39.53803, -6.2862], [39.55794, -6.3441], [39.58033, -6.38411], [39.56563, -6.43518], [39.5306, -6.46922], [39.50588, -6.4783], [39.49015, -6.47509], [39.46551, -6.44892], [39.4555, -6.41789], [39.44408, -6.40622], [39.42844, -6.33683], [39.41167, -6.31932], [39.43381, -6.28991], [39.40677, -6.30385], [39.40085, -6.31494], [39.40277, -6.30386], [39.38693, -6.30619], [39.41559, -6.3476], [39.41591, -6.36765], [39.40888, -6.38654], [39.41002, -6.39238], [39.41281, -6.39113], [39.41624, -6.39289], [39.41973, -6.40207], [39.41613, -6.41238], [39.41462, -6.39319], [39.41294, -6.39154], [39.41017, -6.39276], [39.40775, -6.3914], [39.40297, -6.38413], [39.39882, -6.36535], [39.38834, -6.36793], [39.38313, -6.32361], [39.37505, -6.33058], [39.36967, -6.31393], [39.35418, -6.29992], [39.35362, -6.30882], [39.3473, -6.3027], [39.33382, -6.26281], [39.30987, -6.23691], [39.29418, -6.23863], [39.30515, -6.27227], [39.2865, -6.23697]]]}}, {"type": "Feature", "properties": {"shapeID": "36957248B13188202009922", "shapeName": "North Pemba"}, "geometry": {"type": "MultiPolygon", "coordinates": [[[[39.81986, -5.19882], [39.79157, -5.17855], [39.76016, -5.20172], [39.7348, -5.19744], [39.73925, -5.19185], [39.73462, -5.18773], [39.74401, -5.17987], [39.73628, -5.17613], [39.74201, -5.16245], [39.72669, -5.16017], [39.71086, -5.17431], [39.71822, -5.15387], [39.69625, -5.1393], [39.70756, -5.13646], [39.70481, -5.13128], [39.68725, -5.13403], [39.69212, -5.12822], [39.68415, -5.12153], [39.70908, -5.11686], [39.70702, -5.1099], [39.6912, -5.10915], [39.69788, -5.10012], [39.68901, -5.09987], [39.69748, -5.09032], [39.69466, -5.08245], [39.70401, -5.08075], [39.70878, -5.07071], [39.72678, -5.07533], [39.73232, -5.07116], [39.72214, -5.07096], [39.71791, -5.06018], [39.70618, -5.05857], [39.71132, -5.05457], [39.69888, -5.05311], [39.69891, -5.04938], [39.69629, -5.04666], [39.69724, -5.05334], [39.67147, -5.04368], [39.67789, -5.04368], [39.68585, -5.02923], [39.69283, -5.03307], [39.69468, -5.0196], [39.6892, -5.00799], [39.67926, -5.00411], [39.68376, -4.99391], [39.67466, -4.98102], [39.68441, -4.96907], [39.68331, -4.97755], [39.70278, -4.97644], [39.69653, -4.96437], [39.68982, -4.96481], [39.68287, -4.94713], [39.68634, -4.96057], [39.67359, -4.95774], [39.67677, -4.87731], [39.68316, -4.86433], [39.69194, -4.89748], [39.70066, -4.90821], [39.72163, -4.91148], [39.72055, -4.91441], [39.72234, -4.91819], [39.72082, -4.92287], [39.72809, -4.90448], [39.74639, -4.91431], [39.74767, -4.91006], [39.75308, -4.91933], [39.77819, -4.93339], [39.77084, -4.9371], [39.76905, -4.94844], [39.7765, -4.93953], [39.78939, -4.93901], [39.80025, -4.96244], [39.81414, -4.96763], [39.81574, -4.98023], [39.82181, -4.95287], [39.81145, -4.94062], [39.81529, -4.92699], [39.82666, -4.93205], [39.83522, -4.92886], [39.84125, -4.92362], [39.83867, -4.91075], [39.8436, -4.90901], [39.8455, -4.93516], [39.83765, -4.95431], [39.85065, -4.95296], [39.84943, -4.92297], [39.86111, -4.90758], [39.86185, -4.88944], [39.87022, -4.89115], [39.87615, -4.98131], [39.87144, -5.01199], [39.86529, -5.02541], [39.86695, -5.02025], [39.85963, -5.02464], [39.8465, -5.0061], [39.83972, -5.01857], [39.83401, -5.017], [39.84237, -5.0261], [39.83428, -5.03973], [39.83153, -5.06361], [39.82459, -5.06258], [39.83038, -5.0698], [39.83269, -5.06593], [39.83476, -5.07391], [39.81702, -5.07677], [39.82654, -5.07882], [39.8223, -5.08373], [39.82757, -5.08346], [39.82771, -5.08836], [39.81858, -5.08863], [39.82849, -5.09893], [39.81346, -5.10462], [39.82735, -5.11079], [39.81647, -5.11937], [39.8266, -5.12574], [39.82198, -5.13709], [39.8171, -5.13504], [39.81736, -5.13903], [39.82755, -5.13907], [39.81993, -5.14148], [39.8202, -5.1505], [39.82663, -5.15049], [39.82586, -5.15513], [39.83588, -5.14842], [39.83796, -5.16311], [39.84127, -5.14197], [39.85759, -5.13653], [39.8536, -5.13086], [39.85065, -5.13216], [39.85155, -5.13267], [39.85142, -5.13628], [39.84898, -5.13744], [39.8482, -5.13087], [39.84461, -5.13861], [39.84281, -5.13784], [39.84781, -5.12597], [39.84534, -5.10922], [39.86386, -5.11383], [39.85687, -5.17082], [39.85058, -5.17895], [39.83824, -5.18064], [39.85547, -5.18113], [39.85242, -5.20769], [39.81986, -5.19882]]], [[[39.86257, -5.10817], [39.83424, -5.10392], [39.85764, -5.07801], [39.85527, -5.06848], [39.85065, -5.06937], [39.85478, -5.06214], [39.84713, -5.05992], [39.85226, -5.04167], [39.86062, -5.03887], [39.85605, -5.05193], [39.86188, -5.06596], [39.871, -5.06613], [39.86257, -5.10817]]], [[[39.80939, -4.95625], [39.80686, -4.9498], [39.81009, -4.95148], [39.80939, -4.95625]]], [[[39.80398, -4.9512], [39.80213, -4.94905], [39.80478, -4.94995], [39.80398, -4.9512]]], [[[39.67671, -5.14036], [39.67182, -5.13624], [39.67902, -5.13391], [39.67671, -5.14036]]], [[[39.6662, -4.99238], [39.66841, -5.0027], [39.66397, -5.00528], [39.65757, -4.98667], [39.67061, -4.96072], [39.67615, -4.96103], [39.6662, -4.99238]]], [[[39.66103, -5.14192], [39.65743, -5.1494], [39.66025, -5.1329], [39.66887, -5.13908], [39.66103, -5.14192]]], [[[39.64374, -5.08702], [39.63501, -5.09322], [39.63345, -5.08162], [39.64947, -5.02643], [39.6596, -5.0076], [39.66488, -5.00863], [39.64374, -5.08702]]], [[[39.64072, -5.152], [39.63738, -5.15393], [39.63814, -5.13911], [39.6479, -5.13317], [39.64072, -5.152]]], [[[39.63606, -5.119], [39.63065, -5.10766], [39.63424, -5.09541], [39.63631, -5.11127], [39.64634, -5.11383], [39.63606, -5.119]]], [[[39.63688, -5.16141], [39.63482, -5.15819], [39.63829, -5.16051], [39.63688, -5.16141]]], [[[39.63324, -5.12674], [39.63401, -5.12287], [39.63555, -5.1239], [39.63324, -5.12674]]], [[[39.61835, -5.1506], [39.61295, -5.15048], [39.61552, -5.14789], [39.6276, -5.14737], [39.61835, -5.1506]]]]}}, {"type": "Feature", "properties": {"shapeID": "36957248B81638677744414", "shapeName": "Zanzibar North"}, "geometry": {"type": "MultiPolygon", "coordinates": [[[[39.37107, -6.05553], [39.32167, -6.06308], [39.28138, -6.08362], [39.23324, -6.08165], [39.21139, -6.07618], [39.20273, -6.05511], [39.20436, -6.03541], [39.18792, -6.01569], [39.18179, -5.95544], [39.18736, -5.93272], [39.18383, -5.9094], [39.19516, -5.89539], [39.19979, -5.89949], [39.19874, -5.91689], [39.20868, -5.93476], [39.21261, -5.92814], [39.2072, -5.92733], [39.20742, -5.9194], [39.22417, -5.90499], [39.22428, -5.8898], [39.235, -5.87973], [39.27527, -5.86699], [39.293, -5.81324], [39.28999, -5.79725], [39.29655, -5.79071], [39.28676, -5.75382], [39.29221, -5.72525], [39.30847, -5.72419], [39.35596, -5.79476], [39.36081, -5.82727], [39.35401, -5.87403], [39.35709, -5.91786], [39.38257, -5.99854], [39.40362, -6.02386], [39.41039, -6.03947], [39.40799, -6.0483], [39.41497, -6.05707], [39.37107, -6.05553]]], [[[39.25117, -5.82093], [39.254, -5.8159], [39.25503, -5.82028], [39.25117, -5.82093]]], [[[39.24963, -5.83021], [39.24705, -5.82493], [39.25207, -5.82312], [39.24963, -5.83021]]], [[[39.23624, -5.82197], [39.2316, -5.80689], [39.23315, -5.81462], [39.23031, -5.80998], [39.22722, -5.81385], [39.23831, -5.85329], [39.21669, -5.8591], [39.21179, -5.84505], [39.22051, -5.7659], [39.22656, -5.77157], [39.22876, -5.80096], [39.24293, -5.80714], [39.23624, -5.82197]]], [[[39.22, -5.76332], [39.22026, -5.76564], [39.21832, -5.76074], [39.21948, -5.75636], [39.22, -5.76332]]]]}}, {"type": "Feature", "properties": {"shapeID": "36957248B66874645654546", "shapeName": "Zanzibar Urban/West"}, "geometry": {"type": "Polygon", "coordinates": [[[39.28442, -6.10199], [39.26991, -6.15237], [39.2865, -6.23697], [39.30294, -6.26372], [39.30515, -6.27227], [39.28925, -6.25004], [39.27894, -6.25727], [39.29638, -6.29613], [39.29719, -6.32142], [39.27284, -6.31634], [39.24975, -6.27364], [39.21273, -6.24879], [39.21012, -6.22715], [39.20042, -6.21968], [39.20681, -6.1904], [39.1855, -6.1629], [39.19211, -6.15447], [39.2051, -6.15401], [39.2011, -6.15098], [39.21466, -6.13274], [39.21139, -6.07618], [39.28138, -6.08362], [39.28442, -6.10199]]]}}, {"type": "Feature", "properties": {"shapeID": "36957248B25003810903493", "shapeName": "South Pemba"}, "geometry": {"type": "MultiPolygon", "coordinates": [[[[39.76016, -5.20172], [39.79157, -5.17855], [39.81986, -5.19882], [39.85306, -5.21052], [39.83552, -5.26262], [39.8229, -5.24872], [39.8234, -5.24047], [39.82161, -5.24563], [39.81698, -5.24177], [39.82509, -5.25465], [39.81699, -5.25646], [39.826, -5.258], [39.83694, -5.2701], [39.83656, -5.27448], [39.83116, -5.26946], [39.82654, -5.27733], [39.81291, -5.27657], [39.81264, -5.27013], [39.80764, -5.2789], [39.80726, -5.2838], [39.81111, -5.27825], [39.82474, -5.27952], [39.83502, -5.27526], [39.81978, -5.32168], [39.81323, -5.3253], [39.8073, -5.31938], [39.80474, -5.32363], [39.80035, -5.31384], [39.79882, -5.32248], [39.79419, -5.32223], [39.80191, -5.32377], [39.80269, -5.33124], [39.79626, -5.33048], [39.80012, -5.33331], [39.79627, -5.33847], [39.78958, -5.33487], [39.79551, -5.34827], [39.79782, -5.34388], [39.80272, -5.35109], [39.80786, -5.34877], [39.80993, -5.36346], [39.80557, -5.37171], [39.79991, -5.37146], [39.80145, -5.36424], [39.79194, -5.37173], [39.78575, -5.3622], [39.7904, -5.37586], [39.7868, -5.37973], [39.78371, -5.37509], [39.77936, -5.3876], [39.77523, -5.37665], [39.7724, -5.37717], [39.77833, -5.39082], [39.77371, -5.39573], [39.76856, -5.39728], [39.76186, -5.38827], [39.7575, -5.39201], [39.77101, -5.39934], [39.76522, -5.40064], [39.766, -5.4076], [39.7544, -5.40895], [39.76653, -5.41378], [39.76576, -5.421], [39.77142, -5.41842], [39.76832, -5.4045], [39.77731, -5.39418], [39.7948, -5.39493], [39.75884, -5.43945], [39.74959, -5.44358], [39.74829, -5.43675], [39.74135, -5.43676], [39.74386, -5.45183], [39.72748, -5.45943], [39.72698, -5.47278], [39.71895, -5.45897], [39.72018, -5.45151], [39.73311, -5.44597], [39.72651, -5.43748], [39.71798, -5.43194], [39.71537, -5.44056], [39.71207, -5.43242], [39.70368, -5.43379], [39.70093, -5.43803], [39.71565, -5.44987], [39.70483, -5.4564], [39.69982, -5.44473], [39.67522, -5.42833], [39.66596, -5.42602], [39.66596, -5.43118], [39.64299, -5.43687], [39.63573, -5.42399], [39.64383, -5.41805], [39.63868, -5.41883], [39.64047, -5.41015], [39.63121, -5.40311], [39.6384, -5.3906], [39.65023, -5.39355], [39.64055, -5.38582], [39.64463, -5.37542], [39.63608, -5.37058], [39.64463, -5.36192], [39.64426, -5.342], [39.65427, -5.32497], [39.66768, -5.33459], [39.67373, -5.3251], [39.66749, -5.30277], [39.65449, -5.28862], [39.66809, -5.28428], [39.67693, -5.29076], [39.68716, -5.28884], [39.69409, -5.27801], [39.69047, -5.26332], [39.68124, -5.25775], [39.69037, -5.25263], [39.72852, -5.24226], [39.75365, -5.25621], [39.74953, -5.24848], [39.75674, -5.24721], [39.72004, -5.23233], [39.69749, -5.21381], [39.67371, -5.21757], [39.65081, -5.20484], [39.64874, -5.18879], [39.65709, -5.1891], [39.6647, -5.1976], [39.65929, -5.20354], [39.67447, -5.21435], [39.68861, -5.21073], [39.68912, -5.20389], [39.69684, -5.20852], [39.70532, -5.20452], [39.70764, -5.21122], [39.71638, -5.20554], [39.71999, -5.21353], [39.72306, -5.19909], [39.72641, -5.20514], [39.7348, -5.19744], [39.76016, -5.20172]]], [[[39.65386, -5.46233], [39.64847, -5.46792], [39.64897, -5.48637], [39.64307, -5.47888], [39.63281, -5.48135], [39.63301, -5.46485], [39.61857, -5.46344], [39.61521, -5.46775], [39.6104, -5.45502], [39.60372, -5.46123], [39.5979, -5.43833], [39.58979, -5.439], [39.58663, -5.42889], [39.56984, -5.41332], [39.58468, -5.41059], [39.59261, -5.41839], [39.59927, -5.41195], [39.6067, -5.42903], [39.60379, -5.43455], [39.61429, -5.43324], [39.6158, -5.4269], [39.61905, -5.43852], [39.6122, -5.44573], [39.61954, -5.45183], [39.62314, -5.44389], [39.63315, -5.45289], [39.63412, -5.4467], [39.63636, -5.45212], [39.64565, -5.44663], [39.65829, -5.45057], [39.6682, -5.46812], [39.65386, -5.46233]]], [[[39.62296, -5.38739], [39.61806, -5.37889], [39.60442, -5.37478], [39.61522, -5.36987], [39.63247, -5.38455], [39.62296, -5.38739]]], [[[39.60121, -5.24382], [39.59479, -5.2531], [39.6048, -5.23492], [39.61072, -5.24097], [39.60121, -5.24382]]], [[[39.58281, -5.37106], [39.58101, -5.36733], [39.58448, -5.36758], [39.58281, -5.37106]]], [[[39.58178, -5.36397], [39.58203, -5.36243], [39.58435, -5.36346], [39.58178, -5.36397]]], [[[39.56716, -5.40807], [39.56509, -5.39879], [39.57165, -5.4024], [39.57307, -5.40858], [39.56716, -5.40807]]]]}}, {"type": "Feature", "properties": {"shapeID": "36957248B34051677343112", "shapeName": "Katavi"}, "geometry": {"type": "Polygon", "coordinates": [[[32.62833, -7.02039], [32.60159, -7.02326], [32.58648, -7.04877], [32.58963, -7.08415], [32.48963, -7.15173], [32.45623, -7.13799], [32.40014, -7.16344], [32.37206, -7.16308], [32.25256, -7.24143], [32.26537, -7.27785], [32.20407, -7.46618], [32.19243, -7.47475], [32.12083, -7.49082], [32.08747, -7.50463], [32.06519, -7.5787], [32.00432, -7.67707], [31.97183, -7.74505], [31.90157, -7.74415], [31.78758, -7.73123], [31.75125, -7.66696], [31.70858, -7.62649], [31.63681, -7.62328], [31.5984, -7.60581], [31.56982, -7.57745], [31.52577, -7.56725], [31.49815, -7.53615], [31.47634, -7.4863], [31.43967, -7.47527], [31.41709, -7.50757], [31.39122, -7.51321], [31.33979, -7.5043], [31.31194, -7.42775], [31.28221, -7.26076], [31.25587, -7.17505], [31.20892, -7.1437], [31.19379, -7.13938], [31.02303, -7.13628], [30.98545, -7.12433], [30.94752, -6.98294], [30.86358, -6.94999], [30.84967, -6.93809], [30.64093, -6.88862], [30.54796, -6.88605], [30.26108, -7.06759], [30.17556, -6.9475], [30.04528, -6.82833], [30.00667, -6.805], [30.14762, -6.68819], [30.22335, -6.61158], [30.25988, -6.57073], [30.30928, -6.46901], [30.32379, -6.45359], [30.35617, -6.44298], [30.3855, -6.42178], [30.39682, -6.34206], [30.38408, -6.33226], [30.38168, -6.3079], [30.42227, -6.24141], [30.40871, -6.22425], [30.37738, -6.22615], [30.33421, -6.21871], [30.26618, -6.05812], [30.19993, -5.93197], [30.17237, -5.83523], [30.09776, -5.49922], [29.95819, -5.38132], [30.08276, -5.33287], [30.22048, -5.29836], [30.32286, -5.25606], [30.38934, -5.18255], [30.52803, -5.23664], [30.62522, -5.2645], [30.95715, -5.48031], [31.06782, -5.53038], [31.06553, -5.55972], [31.08078, -5.587], [31.11233, -5.60163], [31.15088, -5.60992], [31.16544, -5.62158], [31.15521, -5.68938], [31.16345, -5.72345], [31.18147, -5.74984], [31.20784, -5.77221], [31.24676, -5.78602], [31.40875, -5.79083], [31.45836, -5.79835], [31.58099, -5.78752], [31.60025, -5.79281], [31.66149, -5.79221], [31.71838, -5.74428], [31.75128, -5.73001], [31.77572, -5.69636], [31.81131, -5.68763], [31.86621, -5.71082], [31.94673, -5.71368], [31.97966, -5.72879], [32.03712, -5.73457], [32.05944, -5.74632], [32.05911, -5.77248], [32.07973, -5.80947], [32.10419, -5.83686], [32.12014, -5.87837], [32.11995, -5.92151], [32.15107, -5.99581], [32.1802, -6.0485], [32.22826, -6.09823], [32.28703, -6.13982], [32.3282, -6.15733], [32.34238, -6.19423], [32.40982, -6.21024], [32.44677, -6.2332], [32.50896, -6.32257], [32.54189, -6.33722], [32.69807, -6.36124], [32.74451, -6.61106], [32.72097, -6.76866], [32.72317, -6.83662], [32.71353, -6.92692], [32.69344, -6.97715], [32.65567, -7.0088], [32.62833, -7.02039]]]}}, {"type": "Feature", "properties": {"shapeID": "36957248B16645806994912", "shapeName": "Njombe"}, "geometry": {"type": "Polygon", "coordinates": [[[34.14731, -9.56188], [34.18109, -9.5376], [34.17667, -9.52456], [34.14727, -9.47238], [33.99059, -9.29609], [33.97206, -9.24432], [33.91583, -9.12519], [33.87618, -9.06731], [33.80975, -9.04581], [33.75498, -9.04465], [33.72761, -9.02778], [33.81261, -8.94716], [33.83779, -8.89516], [33.86796, -8.87902], [33.902, -8.88083], [33.94446, -8.87402], [33.97791, -8.88455], [34.03603, -8.87702], [34.06243, -8.8668], [34.08177, -8.83584], [34.11216, -8.80501], [34.15097, -8.79587], [34.24199, -8.85385], [34.24783, -8.86499], [34.27789, -8.86725], [34.3406, -8.83041], [34.37948, -8.81622], [34.41901, -8.82039], [34.46105, -8.81083], [34.56659, -8.7424], [34.62516, -8.6743], [34.62874, -8.65048], [34.7009, -8.68949], [34.86284, -8.69706], [34.81645, -8.75155], [34.85395, -8.76855], [35.06886, -8.80571], [35.10716, -8.79977], [35.12308, -8.81282], [35.12465, -8.89225], [35.11823, -8.92109], [35.12682, -8.93175], [35.13378, -8.95892], [35.13796, -9.01772], [35.16093, -9.02123], [35.19094, -9.01564], [35.24685, -9.03242], [35.35643, -9.00169], [35.36936, -9.02985], [35.41175, -9.08914], [35.45085, -9.12222], [35.58487, -9.2116], [35.63555, -9.23932], [35.6551, -9.28685], [35.63475, -9.32377], [35.43856, -9.481], [35.36571, -9.54984], [35.27946, -9.65202], [35.23008, -9.69086], [35.18002, -9.71364], [35.14122, -9.72186], [35.12566, -9.74599], [35.127, -9.77997], [35.14887, -9.82569], [35.21592, -9.89815], [35.24931, -9.94355], [35.22139, -9.9634], [35.1811, -9.97895], [35.12161, -10.1393], [35.08917, -10.15357], [35.04531, -10.16173], [34.98376, -10.18298], [34.96667, -10.21719], [34.96094, -10.29239], [34.8796, -10.34368], [34.84256, -10.3579], [34.79795, -10.38487], [34.77733, -10.4094], [34.75549, -10.42243], [34.73656, -10.45707], [34.70478, -10.4888], [34.63815, -10.51044], [34.60417, -10.5045], [34.59108, -10.49547], [34.5965, -10.485], [34.588, -10.46975], [34.59197, -10.45884], [34.5825, -10.45275], [34.57193, -10.46062], [34.5605, -10.4325], [34.56075, -10.40425], [34.58678, -10.30905], [34.5815, -10.28225], [34.56564, -10.25619], [34.57175, -10.226], [34.56525, -10.21475], [34.5705, -10.2065], [34.56477, -10.20397], [34.54575, -10.1565], [34.52775, -10.137], [34.5205, -10.119], [34.53775, -10.097], [34.5415, -10.06725], [34.50638, -10.01884], [34.50775, -10.005], [34.49998, -9.98971], [34.45398, -9.94618], [34.43148, -9.90564], [34.335, -9.78525], [34.32717, -9.75789], [34.1778, -9.61409], [34.1405, -9.58975], [34.134, -9.57906], [34.14731, -9.56188]]]}}, {"type": "Feature", "properties": {"shapeID": "36957248B67527021942185", "shapeName": "Geita"}, "geometry": {"type": "Polygon", "coordinates": [[[31.24339, -3.27712], [31.28267, -3.26752], [31.32031, -3.22577], [31.36058, -3.21005], [31.42157, -3.20646], [31.4423, -3.21798], [31.45351, -3.25846], [31.47556, -3.27799], [31.49856, -3.27743], [31.51681, -3.22524], [31.55411, -3.22184], [31.56493, -3.19392], [31.57267, -3.11439], [31.52074, -3.10632], [31.50216, -3.084], [31.49446, -3.00297], [31.4662, -2.97404], [31.46752, -2.93654], [31.47692, -2.91032], [31.4989, -2.89483], [31.52355, -2.90358], [31.57055, -2.9358], [31.58585, -2.88395], [31.69552, -2.84815], [31.71377, -2.79613], [31.70772, -2.77524], [31.67193, -2.74444], [31.62294, -2.76864], [31.60092, -2.76479], [31.57009, -2.72135], [31.55467, -2.71035], [31.53871, -2.712], [31.52935, -2.72025], [31.49302, -2.7076], [31.471, -2.71145], [31.45558, -2.70265], [31.45173, -2.6856], [31.44237, -2.67736], [31.42475, -2.67956], [31.40053, -2.69385], [31.39062, -2.6823], [31.41209, -2.65096], [31.41484, -2.59652], [31.43741, -2.56627], [31.45558, -2.52117], [31.4721, -2.51072], [31.49522, -2.51017], [31.5321, -2.52667], [31.56073, -2.51952], [31.56789, -2.51072], [31.56348, -2.47882], [31.55302, -2.47112], [31.52495, -2.40457], [31.60092, -2.40567], [31.63623, -2.35449], [31.71001, -2.30327], [31.75226, -2.20786], [31.79537, -2.17684], [31.86348, -2.15983], [31.9012, -2.21841], [31.92879, -2.30413], [31.93849, -2.35733], [31.96349, -2.37391], [31.99863, -2.38662], [32.10576, -2.49365], [32.14499, -2.521], [32.18931, -2.52232], [32.18989, -2.50728], [32.21142, -2.50211], [32.2257, -2.54454], [32.23999, -2.54889], [32.24361, -2.55937], [32.26474, -2.5764], [32.26938, -2.60767], [32.35322, -2.60498], [32.49108, -2.63044], [32.51558, -2.63048], [32.5211, -2.64472], [32.51861, -2.65859], [32.45617, -2.66467], [32.4471, -2.67536], [32.42043, -2.68404], [32.40519, -2.73689], [32.41673, -2.74546], [32.42699, -2.7674], [32.45134, -2.77926], [32.50992, -2.7836], [32.55401, -2.79892], [32.54242, -2.82231], [32.55981, -2.85087], [32.57802, -2.86805], [32.58403, -2.9051], [32.58009, -2.93242], [32.61668, -2.93926], [32.62729, -2.95271], [32.65363, -2.9632], [32.68476, -2.99184], [32.6911, -2.99054], [32.72277, -3.01135], [32.73487, -3.00987], [32.73916, -2.997], [32.75838, -2.98705], [32.76329, -2.99871], [32.77696, -2.99543], [32.76696, -3.00949], [32.76579, -3.03348], [32.78226, -3.04924], [32.78462, -3.06418], [32.77118, -3.09965], [32.77032, -3.12457], [32.79337, -3.16894], [32.78045, -3.20494], [32.78649, -3.22402], [32.77568, -3.25211], [32.75571, -3.27362], [32.73938, -3.31195], [32.68538, -3.32576], [32.68339, -3.36369], [32.69058, -3.36914], [32.69915, -3.39349], [32.69727, -3.45959], [32.59716, -3.42612], [32.56601, -3.4055], [32.50263, -3.39377], [32.52691, -3.35548], [32.5452, -3.30174], [32.52903, -3.22773], [32.52998, -3.20742], [32.52225, -3.20105], [32.4831, -3.20246], [32.45911, -3.22289], [32.43913, -3.22116], [32.42939, -3.22695], [32.39998, -3.26285], [32.37791, -3.25978], [32.36097, -3.28272], [32.34819, -3.32937], [32.30729, -3.31328], [32.30458, -3.33255], [32.31505, -3.37122], [32.30798, -3.41156], [32.3249, -3.44026], [32.32222, -3.45957], [32.33059, -3.47181], [32.33093, -3.52], [32.30273, -3.57239], [32.31415, -3.59349], [32.31697, -3.62883], [32.36417, -3.61659], [32.39521, -3.59711], [32.41623, -3.6541], [32.39893, -3.71834], [32.37, -3.72157], [32.3671, -3.816], [32.28356, -3.77735], [32.27627, -3.76723], [32.25857, -3.76157], [32.24257, -3.74409], [32.21976, -3.73278], [32.20324, -3.75328], [32.19963, -3.76971], [32.19101, -3.77483], [32.17495, -3.76936], [32.1585, -3.7452], [32.12456, -3.77406], [32.09998, -3.78458], [32.07853, -3.78627], [32.00207, -3.74657], [31.98762, -3.74578], [31.93318, -3.77073], [31.87698, -3.7867], [31.88185, -3.83179], [31.86341, -3.86586], [31.86725, -3.87986], [31.83659, -3.92358], [31.83275, -3.9492], [31.79696, -3.96004], [31.77134, -3.95671], [31.7552, -3.96893], [31.74606, -3.96858], [31.74598, -3.97311], [31.7213, -3.9755], [31.71242, -3.97943], [31.6975, -4.00091], [31.69477, -4.03289], [31.68364, -4.05547], [31.67386, -4.22995], [31.6515, -4.24711], [31.46406, -4.25115], [31.45227, -4.30012], [31.45945, -4.31306], [31.45615, -4.34882], [31.42621, -4.38057], [31.40191, -4.34262], [31.39091, -4.24747], [31.40194, -4.12598], [31.3798, -3.97514], [31.34029, -3.90809], [31.31996, -3.85137], [31.30856, -3.78238], [31.27971, -3.74116], [31.23888, -3.70117], [31.16773, -3.37988], [31.16826, -3.34409], [31.24339, -3.27712]]]}}, {"type": "Feature", "properties": {"shapeID": "36957248B66492463379082", "shapeName": "Simiyu"}, "geometry": {"type": "Polygon", "coordinates": [[[33.63527, -2.25494], [33.82896, -2.20033], [33.93607, -2.2153], [33.98769, -2.21182], [34.07061, -2.23904], [34.11431, -2.27218], [34.22865, -2.292], [34.25878, -2.30936], [34.28647, -2.33542], [34.32392, -2.35563], [34.42461, -2.39593], [34.43736, -2.40527], [34.46558, -2.4575], [34.52322, -2.51285], [34.60269, -2.52488], [35.22448, -2.4975], [35.13614, -2.90821], [35.0053, -2.97604], [35.05224, -2.99933], [35.0721, -3.03577], [35.0269, -3.04217], [34.98637, -3.01649], [34.97863, -2.9801], [34.8819, -2.90025], [34.88083, -3.62725], [34.83445, -3.61885], [34.82553, -3.62565], [34.82403, -3.65363], [34.78242, -3.68705], [34.77088, -3.72864], [34.77232, -3.75914], [34.79999, -3.78436], [34.79017, -3.79899], [34.77706, -3.80336], [34.77356, -3.81085], [34.68239, -3.87304], [34.56853, -3.9129], [34.4724, -3.93784], [34.39978, -4.01147], [34.35546, -3.99877], [34.30931, -4.00599], [34.26322, -4.06355], [34.2023, -4.0754], [34.21023, -3.99494], [34.22455, -3.98763], [34.23434, -3.97184], [34.21762, -3.9484], [34.19962, -3.89393], [34.17313, -3.86328], [34.1703, -3.84639], [34.1049, -3.78871], [34.09089, -3.75391], [34.08119, -3.74394], [34.09354, -3.71869], [34.0752, -3.68872], [34.08037, -3.68261], [34.07766, -3.66586], [34.082, -3.66475], [34.07209, -3.64865], [34.0593, -3.64291], [34.0591, -3.62179], [34.06968, -3.60651], [34.0609, -3.60203], [34.00742, -3.60218], [34.00882, -3.59136], [33.9828, -3.57326], [33.97964, -3.5587], [33.96463, -3.54141], [33.92571, -3.52573], [33.90368, -3.49409], [33.8846, -3.50729], [33.85553, -3.5118], [33.83335, -3.50662], [33.82726, -3.49449], [33.81179, -3.52432], [33.79276, -3.53842], [33.78426, -3.55697], [33.77324, -3.56056], [33.77407, -3.56896], [33.76662, -3.56672], [33.76392, -3.55781], [33.75903, -3.56], [33.72551, -3.53502], [33.71591, -3.47498], [33.67466, -3.45695], [33.66768, -3.4196], [33.64142, -3.39125], [33.6102, -3.37042], [33.60693, -3.35264], [33.57323, -3.31715], [33.55825, -3.2887], [33.52281, -3.28548], [33.48088, -3.29473], [33.44841, -3.3106], [33.42382, -3.30399], [33.44405, -3.2756], [33.4365, -3.22811], [33.43946, -3.20862], [33.44799, -3.19747], [33.47009, -3.19063], [33.48321, -3.16373], [33.48256, -3.13158], [33.49097, -3.09308], [33.48201, -3.07646], [33.48529, -3.04595], [33.49546, -3.04835], [33.49531, -3.0243], [33.5216, -3.00348], [33.52433, -2.99392], [33.51477, -2.92642], [33.50116, -2.92282], [33.50178, -2.89232], [33.54678, -2.8599], [33.55011, -2.83648], [33.57651, -2.84313], [33.57687, -2.82656], [33.61491, -2.81687], [33.61618, -2.80213], [33.63773, -2.81324], [33.64382, -2.82503], [33.65724, -2.8255], [33.66082, -2.83888], [33.68381, -2.83604], [33.72739, -2.81485], [33.74596, -2.83392], [33.76195, -2.83288], [33.78936, -2.81474], [33.79057, -2.80247], [33.78186, -2.78942], [33.78231, -2.76086], [33.78725, -2.75337], [33.77334, -2.71535], [33.74999, -2.7069], [33.73652, -2.68953], [33.70465, -2.68649], [33.6954, -2.67648], [33.66881, -2.66636], [33.64743, -2.64494], [33.63077, -2.64256], [33.62365, -2.61369], [33.63203, -2.55706], [33.61535, -2.56078], [33.61406, -2.56575], [33.6078, -2.56127], [33.6051, -2.56667], [33.58613, -2.56925], [33.57735, -2.52739], [33.56538, -2.50744], [33.51532, -2.51742], [33.48106, -2.50022], [33.47516, -2.48914], [33.46141, -2.49839], [33.46797, -2.50223], [33.4685, -2.51262], [33.4595, -2.53178], [33.3565, -2.48446], [33.35872, -2.29661], [33.63527, -2.25494]]]}}, {"type": "Feature", "properties": {"shapeID": "36957248B97200142584881", "shapeName": "Mwanza"}, "geometry": {"type": "Polygon", "coordinates": [[[33.46816, -1.46625], [33.45093, -1.75718], [33.42316, -1.77632], [33.36476, -1.78111], [33.27859, -1.83374], [33.25466, -1.93804], [33.19434, -2.02033], [33.19147, -2.08635], [33.20966, -2.1648], [33.27189, -2.26239], [33.33998, -2.29724], [33.35872, -2.29661], [33.3565, -2.48446], [33.4595, -2.53178], [33.4685, -2.51262], [33.46797, -2.50223], [33.46141, -2.49839], [33.47516, -2.48914], [33.48106, -2.50022], [33.51532, -2.51742], [33.56538, -2.50744], [33.57735, -2.52739], [33.58613, -2.56925], [33.6051, -2.56667], [33.6078, -2.56127], [33.61406, -2.56575], [33.61535, -2.56078], [33.63203, -2.55706], [33.62365, -2.61369], [33.63077, -2.64256], [33.64743, -2.64494], [33.66881, -2.66636], [33.6954, -2.67648], [33.70465, -2.68649], [33.73652, -2.68953], [33.74999, -2.7069], [33.77334, -2.71535], [33.78725, -2.75337], [33.78231, -2.76086], [33.78186, -2.78942], [33.79057, -2.80247], [33.78936, -2.81474], [33.76195, -2.83288], [33.74596, -2.83392], [33.72739, -2.81485], [33.68381, -2.83604], [33.66082, -2.83888], [33.65724, -2.8255], [33.64382, -2.82503], [33.63773, -2.81324], [33.61618, -2.80213], [33.61491, -2.81687], [33.57687, -2.82656], [33.57651, -2.84313], [33.55011, -2.83648], [33.54678, -2.8599], [33.50178, -2.89232], [33.50116, -2.92282], [33.51477, -2.92642], [33.52433, -2.99392], [33.5216, -3.00348], [33.49531, -3.0243], [33.49546, -3.04835], [33.48529, -3.04595], [33.48201, -3.07646], [33.49097, -3.09308], [33.48256, -3.13158], [33.48177, -3.16976], [33.47009, -3.19063], [33.44799, -3.19747], [33.43946, -3.20862], [33.4365, -3.22811], [33.44405, -3.2756], [33.41747, -3.31196], [33.37061, -3.30879], [33.34359, -3.31425], [33.32353, -3.33426], [33.30021, -3.38663], [33.28838, -3.39967], [33.21745, -3.39269], [33.1963, -3.40348], [33.15696, -3.4061], [33.15363, -3.42333], [33.13114, -3.43783], [33.10016, -3.43506], [33.09782, -3.4276], [33.05292, -3.39088], [33.01669, -3.39179], [32.99322, -3.36673], [32.98198, -3.36673], [32.97561, -3.35159], [32.96033, -3.34114], [32.91812, -3.33474], [32.9164, -3.3035], [32.90542, -3.30206], [32.88522, -3.27087], [32.8561, -3.26495], [32.84903, -3.23648], [32.84275, -3.23228], [32.83905, -3.24023], [32.8048, -3.25097], [32.77568, -3.25211], [32.78649, -3.22402], [32.78177, -3.19806], [32.79366, -3.17461], [32.77032, -3.12457], [32.77118, -3.09965], [32.78462, -3.06418], [32.78226, -3.04924], [32.76579, -3.03348], [32.76696, -3.00949], [32.77696, -2.99543], [32.76329, -2.99871], [32.75838, -2.98705], [32.73916, -2.997], [32.73487, -3.00987], [32.72277, -3.01135], [32.6911, -2.99054], [32.68476, -2.99184], [32.65363, -2.9632], [32.62729, -2.95271], [32.61668, -2.93926], [32.58009, -2.93242], [32.58403, -2.9051], [32.57802, -2.86805], [32.55981, -2.85087], [32.54242, -2.82231], [32.55401, -2.79892], [32.50992, -2.7836], [32.45134, -2.77926], [32.42919, -2.77036], [32.41673, -2.74546], [32.40519, -2.73689], [32.42257, -2.68197], [32.4471, -2.67536], [32.45617, -2.66467], [32.51861, -2.65859], [32.5211, -2.64472], [32.51558, -2.63048], [32.49108, -2.63044], [32.35322, -2.60498], [32.26938, -2.60767], [32.26474, -2.5764], [32.24361, -2.55937], [32.23999, -2.54889], [32.2257, -2.54454], [32.21142, -2.50211], [32.18989, -2.50728], [32.18931, -2.52232], [32.16344, -2.51824], [32.15086, -2.52205], [32.10576, -2.49365], [31.99863, -2.38662], [31.96349, -2.37391], [31.93849, -2.35733], [31.92879, -2.30413], [31.9012, -2.21841], [31.86348, -2.15983], [32.74476, -1.46219], [33.46816, -1.46625]]]}}, {"type": "Feature", "properties": {"shapeID": "36957248B79115240070229", "shapeName": "Shinyanga"}, "geometry": {"type": "Polygon", "coordinates": [[[34.16683, -4.07707], [34.13323, -4.05465], [34.121, -4.05363], [34.09196, -4.02675], [34.04367, -4.04116], [34.01567, -4.02784], [33.98708, -4.02311], [33.95116, -3.99898], [33.94747, -3.97908], [33.93899, -3.97871], [33.92722, -3.9607], [33.92423, -3.96509], [33.90559, -3.9594], [33.89772, -3.96413], [33.8842, -3.95418], [33.87796, -3.95943], [33.86118, -3.95116], [33.84506, -3.95417], [33.84169, -3.96139], [33.83017, -3.95633], [33.82959, -3.95092], [33.82272, -3.95542], [33.81816, -3.94985], [33.80259, -3.95028], [33.79953, -3.95577], [33.78294, -3.93832], [33.77914, -3.94248], [33.75577, -3.92986], [33.7249, -3.94579], [33.67978, -3.93991], [33.64791, -3.92192], [33.66191, -3.89948], [33.63314, -3.88462], [33.61856, -3.88202], [33.61857, -3.88724], [33.60087, -3.87907], [33.57407, -3.88843], [33.56097, -3.88529], [33.55109, -3.89823], [33.53612, -3.89524], [33.51888, -3.90808], [33.49554, -3.91052], [33.46217, -3.9032], [33.45206, -3.9135], [33.44346, -3.91425], [33.41904, -3.8989], [33.4136, -3.88935], [33.40631, -3.89213], [33.40292, -3.8873], [33.38753, -3.89603], [33.37141, -3.89295], [33.36042, -3.89962], [33.35477, -3.89551], [33.31766, -3.91078], [33.30898, -3.90748], [33.29398, -3.91612], [33.27721, -3.91418], [33.24528, -3.93645], [33.22497, -3.93595], [33.21752, -3.95915], [33.20424, -3.95853], [33.19578, -3.95106], [33.17081, -3.9651], [33.13238, -3.95984], [33.10227, -3.96769], [33.07103, -3.96586], [33.0286, -3.93963], [33.02324, -3.91862], [33.01344, -3.9086], [32.93406, -3.91659], [32.92231, -3.92811], [32.84978, -3.91832], [32.83565, -3.93787], [32.81318, -3.95258], [32.75848, -3.95414], [32.74297, -3.94836], [32.70417, -3.94739], [32.7016, -4.00279], [32.68858, -4.04399], [32.69195, -4.08889], [32.67848, -4.09955], [32.67062, -4.1248], [32.63919, -4.1321], [32.66164, -4.16914], [32.67599, -4.17116], [32.69796, -4.19247], [32.73081, -4.18882], [32.74763, -4.23831], [32.59081, -4.28827], [32.59292, -4.25378], [32.58084, -4.2037], [32.54852, -4.19536], [32.53734, -4.176], [32.50786, -4.1879], [32.50297, -4.19437], [32.50289, -4.2172], [32.48761, -4.22963], [32.44659, -4.21382], [32.40772, -4.21346], [32.42043, -4.25346], [32.42008, -4.27599], [32.41628, -4.29822], [32.40068, -4.32664], [32.3843, -4.31151], [32.36651, -4.3075], [32.34901, -4.28218], [32.32616, -4.27143], [32.30881, -4.27021], [32.28652, -4.27737], [32.22852, -4.26869], [32.22346, -4.26265], [32.18586, -4.26207], [32.1788, -4.25516], [32.14652, -4.2465], [32.10273, -4.24737], [32.08183, -4.23828], [32.05658, -4.21566], [32.04103, -4.21355], [32.01094, -4.18867], [32.00078, -4.18868], [31.93991, -4.12672], [31.88312, -4.1021], [31.82847, -4.09139], [31.78519, -4.09028], [31.68364, -4.05547], [31.69477, -4.03289], [31.6975, -4.00091], [31.71242, -3.97943], [31.74598, -3.97311], [31.74606, -3.96858], [31.7552, -3.96893], [31.77134, -3.95671], [31.79696, -3.96004], [31.83275, -3.9492], [31.83659, -3.92358], [31.86725, -3.87986], [31.86341, -3.86586], [31.88185, -3.83179], [31.87698, -3.7867], [31.9395, -3.76834], [31.96961, -3.75014], [32.00207, -3.74657], [32.06408, -3.78233], [32.08814, -3.78672], [32.12456, -3.77406], [32.1585, -3.7452], [32.17495, -3.76936], [32.19101, -3.77483], [32.19963, -3.76971], [32.20324, -3.75328], [32.21976, -3.73278], [32.24257, -3.74409], [32.25857, -3.76157], [32.27627, -3.76723], [32.28356, -3.77735], [32.3671, -3.816], [32.37, -3.72157], [32.39893, -3.71834], [32.41623, -3.6541], [32.39521, -3.59711], [32.36417, -3.61659], [32.31697, -3.62883], [32.31415, -3.59349], [32.30273, -3.57239], [32.33093, -3.52], [32.33059, -3.47181], [32.32222, -3.45957], [32.3249, -3.44026], [32.30798, -3.41156], [32.31505, -3.37122], [32.30458, -3.33255], [32.30729, -3.31328], [32.34819, -3.32937], [32.36097, -3.28272], [32.37791, -3.25978], [32.39998, -3.26285], [32.43913, -3.22116], [32.45911, -3.22289], [32.4831, -3.20246], [32.50951, -3.19785], [32.52998, -3.20742], [32.52903, -3.22773], [32.5452, -3.30174], [32.52691, -3.35548], [32.50263, -3.39377], [32.56601, -3.4055], [32.59716, -3.42612], [32.69727, -3.45959], [32.69915, -3.39349], [32.69058, -3.36914], [32.68339, -3.36369], [32.68538, -3.32576], [32.73938, -3.31195], [32.75571, -3.27362], [32.77568, -3.25211], [32.8048, -3.25097], [32.83905, -3.24023], [32.84275, -3.23228], [32.84903, -3.23648], [32.8561, -3.26495], [32.88522, -3.27087], [32.90542, -3.30206], [32.9164, -3.3035], [32.91812, -3.33474], [32.96033, -3.34114], [32.97561, -3.35159], [32.98198, -3.36673], [32.99322, -3.36673], [33.01669, -3.39179], [33.02906, -3.38884], [33.06217, -3.39463], [33.10483, -3.43698], [33.13665, -3.43634], [33.15363, -3.42333], [33.15696, -3.4061], [33.1963, -3.40348], [33.21745, -3.39269], [33.28838, -3.39967], [33.30021, -3.38663], [33.32353, -3.33426], [33.34359, -3.31425], [33.37061, -3.30879], [33.41377, -3.31407], [33.42382, -3.30399], [33.44841, -3.3106], [33.48088, -3.29473], [33.52281, -3.28548], [33.55825, -3.2887], [33.57323, -3.31715], [33.60693, -3.35264], [33.6102, -3.37042], [33.64142, -3.39125], [33.66768, -3.4196], [33.67466, -3.45695], [33.71591, -3.47498], [33.72551, -3.53502], [33.75903, -3.56], [33.76392, -3.55781], [33.76662, -3.56672], [33.77407, -3.56896], [33.77324, -3.56056], [33.78426, -3.55697], [33.79276, -3.53842], [33.81179, -3.52432], [33.82726, -3.49449], [33.83335, -3.50662], [33.85553, -3.5118], [33.8846, -3.50729], [33.90368, -3.49409], [33.92571, -3.52573], [33.96463, -3.54141], [33.97964, -3.5587], [33.9828, -3.57326], [34.00882, -3.59136], [34.00742, -3.60218], [34.0609, -3.60203], [34.06968, -3.60651], [34.0591, -3.62179], [34.0593, -3.64291], [34.07209, -3.64865], [34.082, -3.66475], [34.07766, -3.66586], [34.08037, -3.68261], [34.0752, -3.68872], [34.09354, -3.71869], [34.08119, -3.74394], [34.09089, -3.75391], [34.1049, -3.78871], [34.1703, -3.84639], [34.17313, -3.86328], [34.19962, -3.89393], [34.21762, -3.9484], [34.23434, -3.97184], [34.22455, -3.98763], [34.21023, -3.99494], [34.2023, -4.0754], [34.16683, -4.07707]]]}}]}