{"type": "FeatureCollection", "features": [{"type": "Feature", "properties": {"shapeID": "72390352B32479700182608", "shapeName": "Arusha"}, "geometry": {"type": "MultiPolygon", "coordinates": [[[[36.5539, -3.25046], [36.52025, -3.24109], [36.5162, -3.23236], [36.51924, -3.21294], [36.56889, -3.20927], [36.58189, -3.18554], [36.63374, -3.15628], [36.65492, -3.13152], [36.67984, -3.12868], [36.68253, -3.1082], [36.70724, -3.06644], [36.88727, -3.06554], [36.88767, -3.1014], [36.88352, -3.10647], [36.84729, -3.0986], [36.82055, -3.09991], [36.74757, -3.15778], [36.75856, -3.28804], [36.75098, -3.37144], [36.69154, -3.35765], [36.6534, -3.3558], [36.63215, -3.36382], [36.63395, -3.35722], [36.60731, -3.34042], [36.60442, -3.35602], [36.58997, -3.3759], [36.59077, -3.38915], [36.58315, -3.38832], [36.59278, -3.41747], [36.59197, -3.43334], [36.59673, -3.43895], [36.60141, -3.43434], [36.61286, -3.43764], [36.62445, -3.4464], [36.63198, -3.47153], [36.62889, -3.48911], [36.651, -3.48741], [36.65271, -3.51331], [36.66934, -3.55468], [36.71473, -3.5513], [36.71268, -3.56236], [36.68999, -3.59055], [36.70169, -3.60908], [36.69008, -3.61382], [36.68448, -3.60951], [36.66602, -3.6115], [36.65971, -3.62844], [36.6494, -3.63427], [36.63971, -3.56183], [36.60968, -3.54791], [36.60413, -3.52448], [36.57013, -3.4845], [36.58601, -3.44487], [36.58336, -3.433], [36.54424, -3.41941], [36.51602, -3.40184], [36.47073, -3.38884], [36.469, -3.36813], [36.4806, -3.33887], [36.48086, -3.31778], [36.50435, -3.30669], [36.49299, -3.29243], [36.49086, -3.28028], [36.54092, -3.28619], [36.5539, -3.25046]]], [[[36.83595, -3.6467], [36.80229, -3.65315], [36.76862, -3.5984], [36.72964, -3.55762], [36.71499, -3.55108], [36.72951, -3.4917], [36.71975, -3.47306], [36.72568, -3.44743], [36.72117, -3.44095], [36.72646, -3.43447], [36.73835, -3.43545], [36.73902, -3.427], [36.76606, -3.39268], [36.7928, -3.39082], [36.79072, -3.39822], [36.79858, -3.4153], [36.82855, -3.44795], [36.83956, -3.47473], [36.84995, -3.47658], [36.86804, -3.4922], [36.87549, -3.52258], [36.86829, -3.52429], [36.86622, -3.54066], [36.84833, -3.56622], [36.86084, -3.58408], [36.83595, -3.6467]]]]}}, {"type": "Feature", "properties": {"shapeID": "72390352B90906351205470", "shapeName": "Arusha Urban"}, "geometry": {"type": "Polygon", "coordinates": [[[36.73902, -3.427], [36.73835, -3.43545], [36.72646, -3.43447], [36.72117, -3.44095], [36.72568, -3.44743], [36.71975, -3.47306], [36.72951, -3.4917], [36.71499, -3.55108], [36.66934, -3.55468], [36.65271, -3.51331], [36.651, -3.48741], [36.62889, -3.48911], [36.63198, -3.47153], [36.62445, -3.4464], [36.61286, -3.43764], [36.60141, -3.43434], [36.59673, -3.43895], [36.59197, -3.43334], [36.59278, -3.41747], [36.58315, -3.38832], [36.59077, -3.38915], [36.58997, -3.3759], [36.60442, -3.35602], [36.60731, -3.34042], [36.63395, -3.35722], [36.63215, -3.36382], [36.6534, -3.3558], [36.73027, -3.36315], [36.75098, -3.37144], [36.76606, -3.39268], [36.73902, -3.427]]]}}, {"type": "Feature", "properties": {"shapeID": "72390352B22674606658861", "shapeName": "Karatu"}, "geometry": {"type": "Polygon", "coordinates": [[[35.81889, -3.42994], [35.81551, -3.44347], [35.79473, -3.46432], [35.79141, -3.50057], [35.77826, -3.51124], [35.76673, -3.53181], [35.76642, -3.54172], [35.77782, -3.55893], [35.76101, -3.55801], [35.74352, -3.57065], [35.73765, -3.56487], [35.72535, -3.56503], [35.72251, -3.55432], [35.7152, -3.5545], [35.71262, -3.62913], [35.67891, -3.76407], [35.59123, -3.77294], [35.62406, -3.69546], [35.60622, -3.69029], [35.53991, -3.6896], [35.52292, -3.6763], [35.46479, -3.65929], [35.38523, -3.61479], [35.32856, -3.68849], [35.2921, -3.68728], [35.14, -3.80126], [35.10795, -3.81937], [35.07095, -3.83018], [35.04691, -3.85279], [35.01763, -3.86905], [35.00799, -3.8716], [34.99974, -3.86281], [34.98305, -3.86091], [34.8912, -3.90639], [34.86707, -3.90284], [34.83965, -3.93215], [34.81069, -3.944], [34.76856, -3.93971], [34.76728, -3.92731], [34.7545, -3.91496], [34.74926, -3.8055], [34.75919, -3.80695], [34.795, -3.78865], [34.79594, -3.80142], [34.78821, -3.81043], [34.7937, -3.8235], [34.81878, -3.81785], [34.82591, -3.79917], [34.8408, -3.78635], [34.90075, -3.76513], [34.93449, -3.74584], [34.97087, -3.74407], [35.04445, -3.71768], [35.16089, -3.65173], [35.18093, -3.64589], [35.19384, -3.63248], [35.2373, -3.61606], [35.24624, -3.60686], [35.2389, -3.5673], [35.24052, -3.5269], [35.27784, -3.52512], [35.28788, -3.51202], [35.27014, -3.51551], [35.28672, -3.49689], [35.33995, -3.49733], [35.3546, -3.47049], [35.34533, -3.43002], [35.31069, -3.38374], [35.32624, -3.34863], [35.37163, -3.32308], [35.36975, -3.33749], [35.40409, -3.31648], [35.40588, -3.32165], [35.40759, -3.31478], [35.42862, -3.35794], [35.4388, -3.36317], [35.44142, -3.3559], [35.45567, -3.35008], [35.50134, -3.34659], [35.51789, -3.3547], [35.51305, -3.34257], [35.518, -3.34438], [35.52246, -3.33602], [35.53884, -3.32773], [35.55842, -3.29624], [35.58115, -3.30196], [35.61448, -3.30124], [35.61262, -3.29327], [35.64413, -3.30059], [35.64697, -3.30617], [35.66021, -3.29482], [35.70181, -3.29812], [35.71872, -3.27854], [35.75301, -3.26721], [35.76647, -3.26814], [35.76583, -3.25624], [35.79292, -3.25275], [35.85422, -3.21319], [35.87919, -3.18627], [35.93789, -3.06626], [35.93708, -3.04891], [35.95139, -3.03037], [35.97136, -3.04766], [35.97555, -3.07472], [35.96708, -3.08308], [35.9666, -3.09932], [35.9002, -3.24504], [35.88061, -3.27609], [35.81994, -3.3382], [35.83427, -3.35253], [35.83427, -3.37164], [35.84405, -3.39364], [35.83271, -3.42424], [35.81889, -3.42994]]]}}, {"type": "Feature", "properties": {"shapeID": "72390352B95731720096997", "shapeName": "Longido"}, "geometry": {"type": "Polygon", "coordinates": [[[36.71108, -3.06511], [36.68253, -3.1082], [36.67984, -3.12868], [36.65492, -3.13152], [36.6464, -3.14147], [36.51854, -3.03187], [36.49093, -3.02849], [36.47668, -3.01589], [36.43356, -2.93139], [36.41924, -2.93154], [36.37455, -3.04717], [36.35742, -3.05734], [36.30548, -3.05078], [36.28013, -3.05494], [36.25185, -3.07838], [36.22123, -3.08927], [36.19533, -3.0718], [36.18625, -3.07254], [36.15832, -3.03704], [36.18189, -3.00033], [36.14879, -2.95159], [36.14445, -2.93502], [36.11952, -2.90291], [36.0469, -2.83789], [36.03007, -2.83961], [35.99802, -2.82281], [35.89573, -2.74495], [35.88708, -2.72609], [35.89187, -2.62892], [35.90521, -2.59712], [35.91366, -2.58356], [35.91683, -2.59027], [35.9257, -2.57863], [35.9517, -2.56806], [35.9678, -2.57486], [35.97866, -2.58709], [35.9933, -2.58658], [35.99896, -2.59248], [36.00792, -2.58879], [36.0115, -2.57001], [36.03361, -2.54241], [36.03657, -2.52895], [36.04406, -2.52558], [36.04376, -2.51471], [36.0577, -2.49713], [36.06702, -2.46918], [36.08611, -2.44832], [36.10184, -2.40794], [36.10258, -2.38966], [36.11549, -2.36975], [36.11882, -2.34196], [36.11337, -2.33297], [36.12954, -2.28632], [36.1237, -2.22327], [36.11001, -2.18644], [36.07353, -2.16906], [36.0731, -2.14364], [36.20274, -2.22495], [36.25044, -2.26338], [36.49733, -2.3854], [37.42937, -2.90642], [37.40851, -2.90272], [37.38253, -2.88267], [37.251, -2.8496], [37.1257, -2.85761], [37.09589, -2.88358], [37.06912, -2.91905], [37.06289, -2.93564], [37.03653, -2.94788], [37.03469, -2.96092], [36.99222, -2.97776], [36.97932, -2.97242], [36.93426, -2.98213], [36.93488, -3.0372], [36.92807, -3.05318], [36.88682, -3.05126], [36.88727, -3.06554], [36.71108, -3.06511]]]}}, {"type": "Feature", "properties": {"shapeID": "72390352B99598192663387", "shapeName": "Meru"}, "geometry": {"type": "Polygon", "coordinates": [[[36.84833, -3.56622], [36.86622, -3.54066], [36.86829, -3.52429], [36.87549, -3.52258], [36.86804, -3.4922], [36.84995, -3.47658], [36.83956, -3.47473], [36.82855, -3.44795], [36.79858, -3.4153], [36.79072, -3.39822], [36.7928, -3.39082], [36.76606, -3.39268], [36.75098, -3.37144], [36.75856, -3.28804], [36.74757, -3.15778], [36.82055, -3.09991], [36.84729, -3.0986], [36.88352, -3.10647], [36.88767, -3.1014], [36.88682, -3.05126], [36.92807, -3.05318], [36.90388, -3.11732], [36.88958, -3.13256], [36.90803, -3.16408], [36.9085, -3.18509], [36.93501, -3.18175], [36.93993, -3.20537], [36.97919, -3.20688], [36.97983, -3.22807], [36.99653, -3.22901], [36.99656, -3.25232], [37.0299, -3.25558], [37.04513, -3.27625], [37.04439, -3.29464], [37.06442, -3.35846], [37.06316, -3.36717], [37.05414, -3.37082], [37.06046, -3.49012], [37.02013, -3.50019], [36.98244, -3.53826], [36.96537, -3.5704], [36.91948, -3.56829], [36.89262, -3.59561], [36.88479, -3.58194], [36.86084, -3.58408], [36.84833, -3.56622]]]}}, {"type": "Feature", "properties": {"shapeID": "72390352B11439822404473", "shapeName": "Monduli"}, "geometry": {"type": "Polygon", "coordinates": [[[36.63374, -3.15628], [36.58189, -3.18554], [36.56889, -3.20927], [36.51924, -3.21294], [36.5162, -3.23236], [36.52025, -3.24109], [36.5539, -3.25046], [36.54602, -3.26516], [36.54678, -3.27983], [36.54092, -3.28619], [36.49086, -3.28028], [36.49299, -3.29243], [36.50435, -3.30669], [36.48086, -3.31778], [36.4806, -3.33887], [36.469, -3.36813], [36.47475, -3.39289], [36.51602, -3.40184], [36.54424, -3.41941], [36.58336, -3.433], [36.58601, -3.44487], [36.57013, -3.4845], [36.60413, -3.52448], [36.60968, -3.54791], [36.63971, -3.56183], [36.6494, -3.63427], [36.6345, -3.63434], [36.61782, -3.6466], [36.61696, -3.67013], [36.60233, -3.68976], [36.58868, -3.69232], [36.56247, -3.71406], [36.54836, -3.70963], [36.53563, -3.72907], [36.49335, -3.76059], [36.4906, -3.77364], [36.481, -3.7794], [36.39287, -3.79581], [36.29779, -3.803], [36.29085, -3.8568], [36.29234, -3.93984], [36.29861, -3.97017], [36.29758, -4.14286], [36.28078, -4.14784], [36.1484, -3.86873], [36.00004, -3.68652], [35.98039, -3.65419], [35.96841, -3.65682], [35.94155, -3.63476], [35.88095, -3.64119], [35.87167, -3.6218], [35.87164, -3.60672], [35.86411, -3.59802], [35.86874, -3.57316], [35.88669, -3.53226], [35.88185, -3.50627], [35.88914, -3.48286], [35.88274, -3.4771], [35.88986, -3.45487], [35.88341, -3.44541], [35.88444, -3.43564], [35.87312, -3.42321], [35.84057, -3.41935], [35.83271, -3.42424], [35.84405, -3.39364], [35.83427, -3.37164], [35.83427, -3.35253], [35.81994, -3.3382], [35.88061, -3.27609], [35.9002, -3.24504], [35.9666, -3.09932], [35.96708, -3.08308], [35.97555, -3.07472], [35.97136, -3.04766], [35.94748, -3.02977], [35.94878, -3.02501], [35.93032, -3.01894], [35.93197, -2.85601], [35.91438, -2.79467], [35.91296, -2.7567], [35.99802, -2.82281], [36.03007, -2.83961], [36.0469, -2.83789], [36.11952, -2.90291], [36.14445, -2.93502], [36.14879, -2.95159], [36.18189, -3.00033], [36.15832, -3.03704], [36.18625, -3.07254], [36.19533, -3.0718], [36.22123, -3.08927], [36.25185, -3.07838], [36.28013, -3.05494], [36.30548, -3.05078], [36.35742, -3.05734], [36.37455, -3.04717], [36.41924, -2.93154], [36.43356, -2.93139], [36.47668, -3.01589], [36.49093, -3.02849], [36.51854, -3.03187], [36.6464, -3.14147], [36.63374, -3.15628]]]}}, {"type": "Feature", "properties": {"shapeID": "72390352B42279830137418", "shapeName": "Ngorongoro"}, "geometry": {"type": "Polygon", "coordinates": [[[35.93708, -3.04891], [35.93789, -3.06626], [35.87919, -3.18627], [35.85422, -3.21319], [35.79292, -3.25275], [35.76583, -3.25624], [35.76647, -3.26814], [35.75301, -3.26721], [35.71872, -3.27854], [35.70181, -3.29812], [35.66021, -3.29482], [35.64697, -3.30617], [35.64413, -3.30059], [35.61262, -3.29327], [35.61448, -3.30124], [35.58115, -3.30196], [35.55842, -3.29624], [35.53884, -3.32773], [35.52246, -3.33602], [35.518, -3.34438], [35.51305, -3.34257], [35.51789, -3.3547], [35.50134, -3.34659], [35.45567, -3.35008], [35.44142, -3.3559], [35.4388, -3.36317], [35.42862, -3.35794], [35.40759, -3.31478], [35.40588, -3.32165], [35.40409, -3.31648], [35.36975, -3.33749], [35.37163, -3.32308], [35.32624, -3.34863], [35.31286, -3.37103], [35.31045, -3.38805], [35.28318, -3.35479], [35.26966, -3.35154], [35.23982, -3.3885], [35.22709, -3.39539], [35.21766, -3.39399], [35.20257, -3.41236], [35.19355, -3.45735], [35.10996, -3.49674], [35.10134, -3.51963], [35.07592, -3.54229], [35.03983, -3.54065], [35.02872, -3.56543], [35.01058, -3.57957], [34.99704, -3.60579], [34.9735, -3.61539], [34.93912, -3.60645], [34.92413, -3.61585], [34.89758, -3.61638], [34.891, -3.6218], [34.88168, -2.90422], [34.98714, -2.98837], [34.98692, -3.00006], [35.01151, -2.9993], [35.00463, -2.9758], [35.04965, -2.9605], [35.0644, -2.94542], [35.12429, -2.91646], [35.13937, -2.90061], [35.18321, -2.72718], [35.22344, -2.49686], [35.21749, -2.49756], [35.20637, -2.48507], [35.1602, -2.39145], [35.26592, -2.35534], [35.26583, -2.3], [35.2105, -2.06649], [35.25607, -1.68697], [36.0731, -2.14364], [36.07353, -2.16906], [36.11574, -2.19347], [36.12813, -2.24998], [36.12954, -2.28632], [36.11337, -2.33297], [36.11882, -2.34196], [36.11549, -2.36975], [36.10258, -2.38966], [36.10184, -2.40794], [36.08611, -2.44832], [36.06702, -2.46918], [36.0577, -2.49713], [36.04376, -2.51471], [36.04406, -2.52558], [36.03657, -2.52895], [36.03361, -2.54241], [36.0115, -2.57001], [36.00792, -2.58879], [35.99896, -2.59248], [35.9933, -2.58658], [35.97866, -2.58709], [35.95545, -2.56798], [35.93661, -2.57226], [35.91683, -2.59027], [35.91366, -2.58356], [35.89187, -2.62892], [35.88708, -2.72609], [35.89573, -2.74495], [35.91296, -2.7567], [35.91438, -2.79467], [35.93197, -2.85601], [35.93032, -3.01894], [35.94479, -3.02241], [35.94748, -3.02977], [35.93708, -3.04891]]]}}, {"type": "Feature", "properties": {"shapeID": "72390352B40584164885098", "shapeName": "Ilala"}, "geometry": {"type": "Polygon", "coordinates": [[[39.29994, -6.81684], [39.28683, -6.81807], [39.27904, -6.82805], [39.26674, -6.8276], [39.24412, -6.83906], [39.23717, -6.84548], [39.24411, -6.86197], [39.2224, -6.86873], [39.20972, -6.88166], [39.22215, -6.89901], [39.23836, -6.90226], [39.23539, -6.91068], [39.19597, -6.9561], [39.1937, -6.97638], [39.18218, -6.98523], [39.18191, -6.99272], [39.16915, -6.99317], [39.17313, -7.00935], [39.15075, -7.01757], [39.14906, -7.03331], [39.13917, -7.04112], [39.13348, -7.07115], [39.11425, -7.09179], [39.10739, -7.08458], [39.11264, -7.07141], [39.08676, -7.06144], [39.08132, -7.06568], [39.06881, -7.05528], [39.06466, -7.04604], [39.06773, -7.02921], [39.03781, -7.0479], [39.02934, -7.0444], [39.02221, -7.02118], [39.05003, -7.02624], [39.06434, -7.01187], [39.05832, -6.99771], [39.07361, -6.97753], [39.05873, -6.97101], [39.06583, -6.96057], [39.07531, -6.95767], [39.08681, -6.92792], [39.09328, -6.93128], [39.08721, -6.92105], [39.10798, -6.91297], [39.10558, -6.89538], [39.11795, -6.87794], [39.11038, -6.87376], [39.10884, -6.85537], [39.12002, -6.82831], [39.12721, -6.83257], [39.13282, -6.82688], [39.14547, -6.83039], [39.14874, -6.81807], [39.16609, -6.8187], [39.18013, -6.80765], [39.19573, -6.81855], [39.21882, -6.81534], [39.24196, -6.82168], [39.26133, -6.81443], [39.27416, -6.79101], [39.29994, -6.81684]]]}}, {"type": "Feature", "properties": {"shapeID": "72390352B66429416458525", "shapeName": "Kinondoni"}, "geometry": {"type": "MultiPolygon", "coordinates": [[[[39.27416, -6.79101], [39.26133, -6.81443], [39.24196, -6.82168], [39.21882, -6.81534], [39.19573, -6.81855], [39.18013, -6.80765], [39.16609, -6.8187], [39.14874, -6.81807], [39.14547, -6.83039], [39.13282, -6.82688], [39.12721, -6.83257], [39.12002, -6.82831], [39.10884, -6.85537], [39.11038, -6.87376], [39.09, -6.87359], [39.07038, -6.86558], [39.05329, -6.83989], [39.05908, -6.82527], [39.05056, -6.80728], [39.05326, -6.78796], [39.00629, -6.78847], [39.01155, -6.78102], [39.00745, -6.77638], [39.02648, -6.76936], [39.02926, -6.75173], [39.0428, -6.74096], [39.05108, -6.72208], [39.05953, -6.71896], [39.0592, -6.66375], [39.06794, -6.655], [39.07979, -6.60079], [39.08805, -6.60046], [39.08509, -6.59349], [39.09261, -6.59743], [39.10451, -6.58865], [39.1206, -6.56409], [39.14992, -6.5762], [39.1753, -6.6217], [39.18771, -6.62897], [39.19273, -6.6259], [39.21489, -6.65604], [39.21728, -6.66714], [39.22229, -6.66728], [39.22445, -6.69011], [39.24434, -6.74854], [39.25718, -6.75737], [39.26801, -6.75753], [39.27543, -6.73048], [39.28224, -6.7343], [39.28878, -6.74934], [39.28133, -6.76294], [39.28633, -6.77946], [39.28048, -6.79385], [39.27416, -6.79101]]], [[[39.26734, -6.69974], [39.25896, -6.69043], [39.26584, -6.69064], [39.26734, -6.69974]]], [[[39.24804, -6.65392], [39.24583, -6.6474], [39.25188, -6.64742], [39.25413, -6.65373], [39.24804, -6.65392]]]]}}, {"type": "Feature", "properties": {"shapeID": "72390352B94835751472469", "shapeName": "Temeke"}, "geometry": {"type": "Polygon", "coordinates": [[[39.19597, -6.9561], [39.2383, -6.90355], [39.22215, -6.89901], [39.20972, -6.88166], [39.2224, -6.86873], [39.24411, -6.86197], [39.23717, -6.84548], [39.24412, -6.83906], [39.26674, -6.8276], [39.28424, -6.82503], [39.29206, -6.82967], [39.29931, -6.85045], [39.28131, -6.87395], [39.2882, -6.86764], [39.29627, -6.86939], [39.2985, -6.87917], [39.31304, -6.88421], [39.32039, -6.87986], [39.29546, -6.86512], [39.30602, -6.84974], [39.29377, -6.82325], [39.31326, -6.81302], [39.33375, -6.82609], [39.34699, -6.82782], [39.36572, -6.85104], [39.38502, -6.8497], [39.3898, -6.84339], [39.42987, -6.8613], [39.44033, -6.84766], [39.44716, -6.86112], [39.45864, -6.86725], [39.46811, -6.86974], [39.47442, -6.86225], [39.47859, -6.87587], [39.4939, -6.89281], [39.50942, -6.94912], [39.53157, -6.98166], [39.54404, -6.98464], [39.55289, -7.01337], [39.54099, -7.07935], [39.54436, -7.11773], [39.53006, -7.1204], [39.52292, -7.12872], [39.51513, -7.14833], [39.51648, -7.16711], [39.50052, -7.17942], [39.48853, -7.16132], [39.48088, -7.16033], [39.44331, -7.17898], [39.4506, -7.15438], [39.43431, -7.16603], [39.43397, -7.15556], [39.42515, -7.14992], [39.4062, -7.16688], [39.40236, -7.14213], [39.41681, -7.12351], [39.40531, -7.09195], [39.39216, -7.08365], [39.40911, -7.0632], [39.40758, -7.05062], [39.39915, -7.04167], [39.4052, -7.00923], [39.40036, -6.99646], [39.38402, -6.99463], [39.38399, -6.96587], [39.37043, -6.97098], [39.35901, -6.96789], [39.35346, -6.95912], [39.32669, -6.94589], [39.31288, -6.95081], [39.31738, -6.95557], [39.31334, -6.95795], [39.2977, -6.94606], [39.27691, -6.95559], [39.27654, -6.94704], [39.26867, -6.94172], [39.23899, -6.9528], [39.21968, -6.99218], [39.1917, -6.98029], [39.19597, -6.9561]]]}}, {"type": "Feature", "properties": {"shapeID": "72390352B69303654086019", "shapeName": "Bahi"}, "geometry": {"type": "Polygon", "coordinates": [[[35.72377, -5.62434], [35.75208, -5.631], [35.76755, -5.61007], [35.78254, -5.6272], [35.79829, -5.62815], [35.80258, -5.63196], [35.79901, -5.63957], [35.77521, -5.65884], [35.77498, -5.67122], [35.79758, -5.6824], [35.81447, -5.67621], [35.83137, -5.66003], [35.84374, -5.66574], [35.85968, -5.71476], [35.8524, -5.76992], [35.885, -5.73946], [35.90094, -5.7347], [35.91665, -5.76611], [35.95401, -5.77491], [35.96919, -5.78667], [35.94492, -5.8038], [35.92709, -5.83254], [35.89891, -5.84089], [35.85304, -5.82801], [35.85033, -5.83577], [35.83041, -5.83854], [35.82571, -5.87404], [35.74089, -5.88847], [35.7199, -5.93488], [35.68585, -5.98048], [35.65111, -5.96099], [35.60132, -5.96499], [35.57919, -5.98283], [35.58341, -6.00647], [35.54422, -5.98331], [35.49952, -5.99179], [35.48021, -6.0071], [35.49805, -6.08572], [35.514, -6.10047], [35.5278, -6.10428], [35.56016, -6.1483], [35.55492, -6.16091], [35.56206, -6.20346], [35.55849, -6.24557], [35.5485, -6.27627], [35.53303, -6.28198], [35.53232, -6.30553], [35.55692, -6.32059], [35.60537, -6.33766], [35.66031, -6.33661], [35.67127, -6.32568], [35.6879, -6.33312], [35.71292, -6.36049], [35.71316, -6.38025], [35.72834, -6.43148], [35.73822, -6.4418], [35.73036, -6.51831], [35.70847, -6.57813], [35.71283, -6.61144], [35.73036, -6.65408], [35.73379, -6.69053], [35.74329, -6.71685], [35.72044, -6.7316], [35.6999, -6.72651], [35.64684, -6.65988], [35.65041, -6.61182], [35.66112, -6.57636], [35.57807, -6.52906], [35.51971, -6.51764], [35.41782, -6.52668], [35.41806, -6.56237], [35.46231, -6.61972], [35.46041, -6.65512], [35.41568, -6.71628], [35.33668, -6.70938], [35.28195, -6.71699], [35.2433, -6.70499], [35.19898, -6.7159], [35.18391, -6.65582], [35.20012, -6.61901], [35.1984, -6.58393], [35.20466, -6.55921], [35.22836, -6.52082], [35.20116, -6.46238], [35.24141, -6.43897], [35.24395, -6.38323], [35.21799, -6.34433], [35.20086, -6.25653], [35.18438, -6.25037], [35.1701, -6.23635], [35.16484, -6.1911], [35.2048, -6.10817], [35.211, -5.96053], [35.22431, -5.93908], [35.24067, -5.86455], [35.25852, -5.83907], [35.26265, -5.80155], [35.27028, -5.77753], [35.2784, -5.77191], [35.27868, -5.7587], [35.29168, -5.75058], [35.29209, -5.73967], [35.30229, -5.73407], [35.31196, -5.73684], [35.31584, -5.7274], [35.33479, -5.71517], [35.3449, -5.68313], [35.41608, -5.65631], [35.44287, -5.65051], [35.46658, -5.65172], [35.47693, -5.66196], [35.49969, -5.65818], [35.5575, -5.64209], [35.61469, -5.60278], [35.63312, -5.61249], [35.66755, -5.64777], [35.68784, -5.6341], [35.72377, -5.62434]]]}}, {"type": "Feature", "properties": {"shapeID": "72390352B28140161055022", "shapeName": "Chamwino"}, "geometry": {"type": "Polygon", "coordinates": [[[35.94492, -5.8038], [35.96919, -5.78667], [35.95401, -5.77491], [35.91665, -5.76611], [35.90094, -5.7347], [35.885, -5.73946], [35.8524, -5.76992], [35.85968, -5.71476], [35.84374, -5.66574], [35.83137, -5.66003], [35.81447, -5.67621], [35.79758, -5.6824], [35.77498, -5.67122], [35.77521, -5.65884], [35.80258, -5.63196], [35.78254, -5.6272], [35.76755, -5.61007], [35.75208, -5.631], [35.72377, -5.62434], [35.70942, -5.62861], [35.69831, -5.6029], [35.71449, -5.53532], [35.71664, -5.48155], [35.7525, -5.4765], [35.77612, -5.41528], [35.7915, -5.39252], [35.84869, -5.42183], [35.89652, -5.41088], [35.98259, -5.41243], [35.99847, -5.38568], [36.04291, -5.37258], [36.06042, -5.38453], [36.1767, -5.41145], [36.24641, -5.40869], [36.25781, -5.46216], [36.26955, -5.48259], [36.30413, -5.51632], [36.27075, -5.57331], [36.26474, -5.65401], [36.27189, -5.66975], [36.2751, -5.75257], [36.28445, -5.77145], [36.27058, -5.78443], [36.28247, -5.79825], [36.2889, -5.86559], [36.28604, -5.89819], [36.27771, -5.91722], [36.27979, -5.99966], [36.2606, -6.02252], [36.27661, -6.04467], [36.27463, -6.05606], [36.28551, -6.06915], [36.27215, -6.09016], [36.26876, -6.11726], [36.23803, -6.1632], [36.24394, -6.17631], [36.23357, -6.23812], [36.24663, -6.25797], [36.22649, -6.27831], [36.21905, -6.32689], [36.1961, -6.38158], [36.17624, -6.40778], [36.17839, -6.45779], [36.14664, -6.47684], [36.11215, -6.48039], [36.07428, -6.46013], [36.04077, -6.49789], [36.02953, -6.49213], [36.01759, -6.4692], [36.00442, -6.47569], [36.00488, -6.50493], [35.99054, -6.54227], [35.99623, -6.55767], [35.99498, -6.58924], [35.97003, -6.61481], [35.96202, -6.63206], [35.96256, -6.63674], [35.9864, -6.63788], [36.01365, -6.70869], [36.03539, -6.72445], [36.02662, -6.84999], [35.99833, -6.93683], [35.9585, -6.93053], [35.93446, -6.94015], [35.91073, -6.9597], [35.89342, -6.9658], [35.88408, -7.00275], [35.82517, -7.00852], [35.8105, -7.00443], [35.80594, -6.99722], [35.79999, -7.00952], [35.7992, -7.04988], [35.77047, -7.09081], [35.72138, -7.07841], [35.70995, -7.06532], [35.7033, -7.06951], [35.68304, -7.05965], [35.6513, -7.03093], [35.62296, -7.03059], [35.61561, -7.02187], [35.59968, -7.02238], [35.58004, -7.00267], [35.54081, -7.0129], [35.54007, -7.00213], [35.52347, -6.99796], [35.51221, -6.9854], [35.49446, -6.94795], [35.48411, -6.94483], [35.46678, -6.94955], [35.4431, -6.93047], [35.42788, -6.93439], [35.41353, -6.92639], [35.36283, -6.9371], [35.30345, -6.93461], [35.273, -6.97154], [35.25327, -6.97855], [35.24982, -6.98929], [35.2409, -6.99454], [35.20568, -6.97942], [35.16875, -6.97935], [35.11521, -6.93879], [35.08873, -6.92955], [35.08279, -6.92395], [35.07247, -6.7673], [35.05296, -6.71462], [35.09438, -6.74373], [35.12797, -6.73292], [35.20016, -6.72238], [35.19898, -6.7159], [35.2433, -6.70499], [35.28195, -6.71699], [35.33668, -6.70938], [35.41568, -6.71628], [35.46041, -6.65512], [35.46231, -6.61972], [35.41806, -6.56237], [35.41782, -6.52668], [35.51971, -6.51764], [35.54112, -6.52026], [35.57807, -6.52906], [35.64851, -6.56689], [35.66112, -6.57636], [35.65041, -6.61182], [35.64684, -6.65988], [35.6999, -6.72651], [35.72044, -6.7316], [35.74329, -6.71685], [35.73379, -6.69053], [35.73036, -6.65408], [35.71283, -6.61144], [35.70847, -6.57813], [35.73036, -6.51831], [35.73822, -6.4418], [35.75723, -6.45957], [35.80291, -6.46362], [35.80145, -6.43371], [35.81348, -6.39396], [35.79326, -6.36969], [35.78592, -6.35073], [35.79876, -6.31983], [35.8015, -6.28191], [35.84584, -6.26558], [35.9457, -6.27192], [35.97909, -6.28665], [36.0053, -6.2674], [36.02102, -6.27009], [36.04886, -6.24652], [36.05521, -6.23905], [36.04005, -6.18387], [36.00003, -6.16188], [35.9948, -6.09962], [36.0001, -6.02768], [35.97738, -6.01681], [36.02603, -5.95111], [36.09457, -5.94038], [36.13332, -5.92716], [36.11329, -5.90033], [36.05404, -5.85702], [36.03423, -5.85315], [36.01066, -5.86101], [35.98908, -5.8594], [35.98004, -5.83347], [35.92709, -5.83254], [35.94492, -5.8038]]]}}, {"type": "Feature", "properties": {"shapeID": "72390352B30961702846084", "shapeName": "Chemba"}, "geometry": {"type": "Polygon", "coordinates": [[[35.68784, -5.6341], [35.66755, -5.64777], [35.63312, -5.61249], [35.61469, -5.60278], [35.5575, -5.64209], [35.47693, -5.66196], [35.46658, -5.65172], [35.43213, -5.6524], [35.3449, -5.68313], [35.3496, -5.67016], [35.35638, -5.66979], [35.3371, -5.65652], [35.29157, -5.60829], [35.2695, -5.60286], [35.25281, -5.58414], [35.24843, -5.57683], [35.25131, -5.55728], [35.24102, -5.5395], [35.21154, -5.52392], [35.19913, -5.50738], [35.19763, -5.47875], [35.18667, -5.45748], [35.15237, -5.43286], [35.15553, -5.42838], [35.14797, -5.41416], [35.13766, -5.411], [35.13682, -5.39744], [35.12411, -5.37327], [35.12703, -5.34129], [35.11464, -5.32764], [35.10733, -5.30722], [35.10986, -5.29959], [35.09241, -5.27708], [35.08837, -5.25314], [35.09551, -5.23401], [35.08955, -5.19215], [35.0929, -5.1755], [35.0681, -5.15409], [35.06539, -5.13162], [35.11663, -5.10555], [35.14407, -5.0616], [35.16772, -5.03651], [35.18868, -5.03976], [35.22952, -5.00032], [35.23842, -4.99948], [35.25505, -4.98496], [35.28045, -4.97805], [35.31816, -4.92758], [35.3501, -4.85608], [35.37329, -4.86432], [35.40253, -4.85968], [35.41333, -4.86761], [35.4295, -4.8609], [35.46188, -5.00742], [35.51588, -5.04287], [35.51023, -5.06617], [35.6579, -5.2467], [35.71667, -5.16791], [35.79773, -5.08398], [35.80249, -5.06598], [35.81348, -5.06421], [35.83173, -4.99719], [35.8045, -4.99731], [35.82647, -4.96131], [35.84714, -4.95756], [35.86667, -4.9647], [35.9024, -4.93892], [35.91937, -4.94148], [35.94647, -4.96161], [35.95752, -4.953], [35.97388, -4.95428], [36.00208, -4.92059], [36.05609, -4.92187], [36.06329, -4.9408], [36.08612, -4.9682], [36.14649, -4.95234], [36.32321, -4.95466], [36.32133, -4.99013], [36.31288, -5.01098], [36.32371, -5.08885], [36.29226, -5.16967], [36.27851, -5.17941], [36.26955, -5.197], [36.29993, -5.20532], [36.27332, -5.23061], [36.29318, -5.30014], [36.29814, -5.41563], [36.24641, -5.40869], [36.1767, -5.41145], [36.06042, -5.38453], [36.04291, -5.37258], [35.99847, -5.38568], [35.98259, -5.41243], [35.89652, -5.41088], [35.84869, -5.42183], [35.7915, -5.39252], [35.77612, -5.41528], [35.7525, -5.4765], [35.71664, -5.48155], [35.71449, -5.53532], [35.69831, -5.6029], [35.70942, -5.62861], [35.68784, -5.6341]]]}}, {"type": "Feature", "properties": {"shapeID": "72390352B24669678050336", "shapeName": "Dodoma Urban"}, "geometry": {"type": "Polygon", "coordinates": [[[35.72834, -6.43148], [35.71316, -6.38025], [35.71292, -6.36049], [35.6879, -6.33312], [35.67127, -6.32568], [35.66031, -6.33661], [35.60537, -6.33766], [35.55692, -6.32059], [35.53232, -6.30553], [35.53303, -6.28198], [35.5485, -6.27627], [35.55849, -6.24557], [35.56206, -6.20346], [35.55492, -6.16091], [35.56016, -6.1483], [35.5278, -6.10428], [35.514, -6.10047], [35.49805, -6.08572], [35.48021, -6.0071], [35.49952, -5.99179], [35.54422, -5.98331], [35.58341, -6.00647], [35.57919, -5.98283], [35.60132, -5.96499], [35.65111, -5.96099], [35.68585, -5.98048], [35.7199, -5.93488], [35.74089, -5.88847], [35.82571, -5.87404], [35.83041, -5.83854], [35.85033, -5.83577], [35.85304, -5.82801], [35.89891, -5.84089], [35.92709, -5.83254], [35.98004, -5.83347], [35.98908, -5.8594], [36.01066, -5.86101], [36.03423, -5.85315], [36.05404, -5.85702], [36.09378, -5.88321], [36.13352, -5.92555], [36.09457, -5.94038], [36.02603, -5.95111], [35.97738, -6.01681], [36.0001, -6.02768], [35.9948, -6.09962], [36.00003, -6.16188], [36.04005, -6.18387], [36.05521, -6.23905], [36.02102, -6.27009], [36.0053, -6.2674], [35.97909, -6.28665], [35.9457, -6.27192], [35.84584, -6.26558], [35.8015, -6.28191], [35.79876, -6.31983], [35.78592, -6.35073], [35.79326, -6.36969], [35.81348, -6.39396], [35.80145, -6.43371], [35.80291, -6.46362], [35.75723, -6.45957], [35.72834, -6.43148]]]}}, {"type": "Feature", "properties": {"shapeID": "72390352B62044183520375", "shapeName": "Kondoa"}, "geometry": {"type": "Polygon", "coordinates": [[[36.14649, -4.95234], [36.08612, -4.9682], [36.06329, -4.9408], [36.05609, -4.92187], [36.00208, -4.92059], [35.97388, -4.95428], [35.95752, -4.953], [35.94647, -4.96161], [35.91937, -4.94148], [35.9024, -4.93892], [35.86667, -4.9647], [35.84714, -4.95756], [35.82647, -4.96131], [35.8045, -4.99731], [35.83173, -4.99719], [35.81348, -5.06421], [35.80249, -5.06598], [35.79773, -5.08398], [35.71667, -5.16791], [35.6579, -5.2467], [35.51023, -5.06617], [35.51588, -5.04287], [35.46188, -5.00742], [35.4295, -4.8609], [35.48724, -4.8395], [35.50592, -4.81721], [35.51398, -4.7866], [35.53797, -4.73823], [35.60759, -4.6892], [35.60653, -4.67197], [35.61326, -4.65631], [35.64269, -4.62477], [35.65268, -4.59533], [35.66477, -4.57914], [35.65287, -4.55384], [35.65899, -4.53593], [35.65163, -4.50881], [35.65822, -4.49246], [35.68285, -4.48116], [35.6859, -4.47254], [35.74352, -4.43391], [35.74604, -4.42017], [35.76357, -4.40447], [35.81679, -4.38822], [35.81133, -4.35889], [35.81774, -4.34406], [35.81774, -4.31273], [35.84339, -4.33324], [35.86496, -4.34247], [35.90216, -4.34785], [35.96188, -4.37192], [35.99988, -4.39468], [36.15331, -4.40092], [36.24967, -4.41255], [36.34537, -4.43515], [36.31941, -4.47788], [36.32643, -4.48366], [36.32676, -4.49994], [36.30782, -4.52021], [36.29621, -4.57077], [36.28771, -4.58451], [36.29621, -4.66801], [36.29266, -4.69706], [36.30329, -4.74352], [36.30647, -4.80533], [36.31037, -4.81824], [36.33696, -4.84824], [36.33721, -4.88747], [36.3268, -4.91821], [36.32321, -4.95466], [36.14649, -4.95234]]]}}, {"type": "Feature", "properties": {"shapeID": "72390352B66245716936383", "shapeName": "Kongwa"}, "geometry": {"type": "Polygon", "coordinates": [[[36.26876, -6.11726], [36.27215, -6.09016], [36.28551, -6.06915], [36.27463, -6.05606], [36.27661, -6.04467], [36.2606, -6.02252], [36.27979, -5.99966], [36.27771, -5.91722], [36.28604, -5.89819], [36.2889, -5.86559], [36.28247, -5.79825], [36.27058, -5.78443], [36.28445, -5.77145], [36.2751, -5.75257], [36.27189, -5.66975], [36.26474, -5.65401], [36.27075, -5.57331], [36.30413, -5.51632], [36.41755, -5.60172], [36.41991, -5.62192], [36.43591, -5.6298], [36.44179, -5.64172], [36.44042, -5.65905], [36.43106, -5.66788], [36.46324, -5.67149], [36.46984, -5.67901], [36.49033, -5.67925], [36.51276, -5.68988], [36.53359, -5.72631], [36.57781, -5.7436], [36.59987, -5.79736], [36.64768, -5.82947], [36.67607, -5.86268], [36.7084, -5.9184], [36.71497, -5.94409], [36.74531, -5.93719], [36.79399, -5.93633], [36.82902, -5.93922], [36.85404, -5.95131], [36.87863, -5.94746], [36.92374, -5.92683], [36.96399, -5.92519], [36.94075, -5.97347], [36.89749, -5.99853], [36.86803, -6.00768], [36.81623, -6.05446], [36.84891, -6.26298], [36.84938, -6.35663], [36.79936, -6.40346], [36.76674, -6.41399], [36.74952, -6.43234], [36.74494, -6.43054], [36.74683, -6.40625], [36.69659, -6.40543], [36.61926, -6.38593], [36.59383, -6.35615], [36.58189, -6.30826], [36.56957, -6.286], [36.54507, -6.26038], [36.51927, -6.25824], [36.49971, -6.24815], [36.49344, -6.26943], [36.45038, -6.27306], [36.43134, -6.25713], [36.38612, -6.25767], [36.38581, -6.22275], [36.36032, -6.19305], [36.33139, -6.18499], [36.3082, -6.16288], [36.25083, -6.14934], [36.26876, -6.11726]]]}}, {"type": "Feature", "properties": {"shapeID": "72390352B74757309381442", "shapeName": "Mpwapwa"}, "geometry": {"type": "Polygon", "coordinates": [[[35.7992, -7.04988], [35.79999, -7.00952], [35.80594, -6.99722], [35.8105, -7.00443], [35.82517, -7.00852], [35.88408, -7.00275], [35.89342, -6.9658], [35.91073, -6.9597], [35.93446, -6.94015], [35.9585, -6.93053], [35.99833, -6.93683], [36.02662, -6.84999], [36.03539, -6.72445], [36.01365, -6.70869], [35.9864, -6.63788], [35.96256, -6.63674], [35.96202, -6.63206], [35.97003, -6.61481], [35.99498, -6.58924], [35.99623, -6.55767], [35.99054, -6.54227], [36.00488, -6.50493], [36.00442, -6.47569], [36.01759, -6.4692], [36.02953, -6.49213], [36.04077, -6.49789], [36.07428, -6.46013], [36.11215, -6.48039], [36.14664, -6.47684], [36.17839, -6.45779], [36.17624, -6.40778], [36.1961, -6.38158], [36.21905, -6.32689], [36.22649, -6.27831], [36.24663, -6.25797], [36.23357, -6.23812], [36.24394, -6.17631], [36.23803, -6.1632], [36.25083, -6.14934], [36.3082, -6.16288], [36.33139, -6.18499], [36.36032, -6.19305], [36.38581, -6.22275], [36.38612, -6.25767], [36.43134, -6.25713], [36.45038, -6.27306], [36.49344, -6.26943], [36.49971, -6.24815], [36.51927, -6.25824], [36.54507, -6.26038], [36.56957, -6.286], [36.58189, -6.30826], [36.59383, -6.35615], [36.61926, -6.38593], [36.69659, -6.40543], [36.74683, -6.40625], [36.74494, -6.43054], [36.74952, -6.43234], [36.72528, -6.45853], [36.72172, -6.49186], [36.74471, -6.49827], [36.74863, -6.55708], [36.72778, -6.57062], [36.7096, -6.62462], [36.67111, -6.6681], [36.67075, -6.69108], [36.66327, -6.70516], [36.64278, -6.7253], [36.64028, -6.73492], [36.63084, -6.73777], [36.63725, -6.76005], [36.64474, -6.767], [36.64444, -6.78607], [36.63614, -6.80163], [36.64278, -6.83106], [36.63598, -6.84929], [36.64485, -6.88564], [36.63655, -6.92228], [36.64746, -6.94914], [36.64325, -6.96768], [36.65078, -6.99109], [36.64375, -7.01192], [36.6479, -7.02471], [36.5677, -7.05111], [36.54624, -7.08547], [36.53486, -7.12847], [36.51447, -7.15645], [36.51182, -7.17653], [36.50353, -7.18987], [36.50708, -7.22802], [36.51899, -7.25272], [36.51762, -7.26723], [36.52937, -7.28351], [36.53321, -7.33163], [36.48142, -7.3773], [36.47891, -7.36178], [36.46846, -7.34911], [36.45437, -7.34672], [36.45045, -7.33946], [36.43465, -7.3397], [36.42302, -7.32862], [36.39854, -7.32125], [36.39497, -7.31268], [36.36361, -7.32828], [36.33, -7.33449], [36.3179, -7.3233], [36.32012, -7.30947], [36.31425, -7.30084], [36.3202, -7.29671], [36.32212, -7.28397], [36.30158, -7.25186], [36.30136, -7.24271], [36.27847, -7.23083], [36.24911, -7.17372], [36.20048, -7.16862], [36.19089, -7.14577], [36.16818, -7.15313], [36.15006, -7.14505], [36.14545, -7.13293], [36.09533, -7.12372], [36.08193, -7.12461], [36.07418, -7.13178], [36.04843, -7.11767], [35.9792, -7.13483], [35.95724, -7.11705], [35.92515, -7.11315], [35.90987, -7.10311], [35.89426, -7.10773], [35.87962, -7.09279], [35.85608, -7.08937], [35.84996, -7.08342], [35.82388, -7.09598], [35.81548, -7.09368], [35.81678, -7.08735], [35.80298, -7.09388], [35.79405, -7.09322], [35.79426, -7.08694], [35.77832, -7.0924], [35.77502, -7.08741], [35.7992, -7.04988]]]}}, {"type": "Feature", "properties": {"shapeID": "72390352B18842274411831", "shapeName": "Bukombe"}, "geometry": {"type": "MultiPolygon", "coordinates": [[[[31.85209, -3.27318], [31.88007, -3.26876], [31.91454, -3.32741], [31.92424, -3.33391], [31.94939, -3.3371], [31.96608, -3.34888], [31.98178, -3.36643], [31.99012, -3.40471], [31.99724, -3.41502], [32.01785, -3.41956], [32.02767, -3.44495], [32.06668, -3.44741], [32.09944, -3.43833], [32.1338, -3.44544], [32.13368, -3.48348], [32.15736, -3.4998], [32.11576, -3.54225], [32.08987, -3.61722], [32.07662, -3.63329], [32.07834, -3.64924], [32.04804, -3.67734], [32.00681, -3.70138], [32.00313, -3.70911], [32.00693, -3.72764], [32.00076, -3.74407], [31.96889, -3.74774], [31.93878, -3.76594], [31.87627, -3.78431], [31.88114, -3.8294], [31.86269, -3.86347], [31.86653, -3.87748], [31.83587, -3.9212], [31.83203, -3.94682], [31.79625, -3.95767], [31.77063, -3.95434], [31.75449, -3.96655], [31.74535, -3.96621], [31.74527, -3.97073], [31.7117, -3.97705], [31.69898, -3.99379], [31.6916, -4.01961], [31.69406, -4.03052], [31.68053, -4.06011], [31.66017, -4.07284], [31.64869, -4.10025], [31.65375, -4.11461], [31.63849, -4.12384], [31.63466, -4.13468], [31.64322, -4.14586], [31.6683, -4.15356], [31.66669, -4.16536], [31.67682, -4.18611], [31.6828, -4.22281], [31.67038, -4.23778], [31.67989, -4.25247], [31.67, -4.2751], [31.6557, -4.27763], [31.65788, -4.30028], [31.67214, -4.32232], [31.66478, -4.35134], [31.65297, -4.38066], [31.62303, -4.42112], [31.58107, -4.42902], [31.49943, -4.41131], [31.49558, -4.42917], [31.46946, -4.45878], [31.44569, -4.45742], [31.4368, -4.46833], [31.429, -4.46802], [31.41809, -4.43527], [31.42168, -4.42155], [31.41528, -4.40424], [31.42152, -4.39223], [31.41279, -4.38147], [31.41793, -4.36728], [31.39875, -4.34108], [31.39532, -4.31738], [31.36928, -4.30241], [31.36398, -4.29196], [31.3687, -4.24658], [31.36259, -4.24463], [31.36857, -4.23632], [31.36234, -4.22923], [31.35526, -4.23388], [31.34732, -4.2241], [31.34878, -4.21629], [31.3439, -4.21555], [31.34952, -4.20382], [31.34292, -4.1888], [31.34744, -4.17414], [31.33901, -4.16779], [31.3406, -4.1552], [31.32826, -4.14226], [31.33376, -4.11831], [31.34414, -4.10219], [31.34659, -4.06139], [31.36076, -4.06065], [31.35746, -4.04001], [31.36662, -4.04135], [31.38042, -4.01985], [31.37432, -4.01179], [31.37847, -3.965], [31.36577, -3.94668], [31.36259, -3.91418], [31.3533, -3.89696], [31.35343, -3.86226], [31.34598, -3.85408], [31.34231, -3.83099], [31.31715, -3.79788], [31.31568, -3.77089], [31.30041, -3.75244], [31.29406, -3.73118], [31.24861, -3.70846], [31.22381, -3.67462], [31.22357, -3.64628], [31.21172, -3.62552], [31.21563, -3.60585], [31.21148, -3.58166], [31.21819, -3.57824], [31.20964, -3.5592], [31.21351, -3.52862], [31.20204, -3.52184], [31.1966, -3.50723], [31.19914, -3.49746], [31.21229, -3.48973], [31.21241, -3.4732], [31.19387, -3.44939], [31.19188, -3.42266], [31.16645, -3.40831], [31.16487, -3.40246], [31.16984, -3.40019], [31.15095, -3.37776], [31.15255, -3.35964], [31.21994, -3.29835], [31.25083, -3.28376], [31.27056, -3.28548], [31.29779, -3.30621], [31.33234, -3.31808], [31.40246, -3.31604], [31.43482, -3.29648], [31.4558, -3.30378], [31.46084, -3.31401], [31.47993, -3.28826], [31.55544, -3.243], [31.56038, -3.20632], [31.61272, -3.22176], [31.64983, -3.19045], [31.64386, -3.17882], [31.65197, -3.1469], [31.67192, -3.14347], [31.70665, -3.10764], [31.75166, -3.11289], [31.77117, -3.13276], [31.78809, -3.13998], [31.7987, -3.16072], [31.79865, -3.18202], [31.71635, -3.21098], [31.69656, -3.22568], [31.64824, -3.33129], [31.64727, -3.34135], [31.65772, -3.36541], [31.65429, -3.37056], [31.66481, -3.38863], [31.676, -3.39664], [31.69665, -3.39084], [31.70786, -3.37895], [31.70413, -3.3454], [31.71024, -3.31857], [31.72352, -3.30557], [31.72429, -3.29432], [31.746, -3.28247], [31.76718, -3.25959], [31.80248, -3.24641], [31.83774, -3.2241], [31.85209, -3.27318]]], [[[31.78823, -3.13919], [31.78734, -3.13788], [31.78852, -3.13823], [31.78823, -3.13919]]]]}}, {"type": "Feature", "properties": {"shapeID": "72390352B63706364179884", "shapeName": "Chato"}, "geometry": {"type": "Polygon", "coordinates": [[[31.80248, -3.24641], [31.76718, -3.25959], [31.746, -3.28247], [31.72429, -3.29432], [31.72352, -3.30557], [31.71024, -3.31857], [31.70413, -3.3454], [31.70786, -3.37895], [31.69665, -3.39084], [31.676, -3.39664], [31.66481, -3.38863], [31.65429, -3.37056], [31.65772, -3.36541], [31.64727, -3.34135], [31.64824, -3.33129], [31.69656, -3.22568], [31.71635, -3.21098], [31.79865, -3.18202], [31.79437, -3.1498], [31.75166, -3.11289], [31.70665, -3.10764], [31.67192, -3.14347], [31.65197, -3.1469], [31.64386, -3.17882], [31.64983, -3.19045], [31.61272, -3.22176], [31.56038, -3.20632], [31.56177, -3.17828], [31.55399, -3.1603], [31.55466, -3.13498], [31.54498, -3.12198], [31.53892, -3.09673], [31.51338, -3.06336], [31.50628, -3.04089], [31.47105, -2.98076], [31.46214, -2.93916], [31.4775, -2.91795], [31.47521, -2.89962], [31.50184, -2.88279], [31.52862, -2.90881], [31.54437, -2.91592], [31.55677, -2.93698], [31.57359, -2.94421], [31.5725, -2.91356], [31.59227, -2.86089], [31.62063, -2.85718], [31.64145, -2.84639], [31.66348, -2.85029], [31.67336, -2.8463], [31.69965, -2.82278], [31.72036, -2.81599], [31.72109, -2.78609], [31.68432, -2.76163], [31.6766, -2.74398], [31.65767, -2.75864], [31.61866, -2.7564], [31.61512, -2.76639], [31.58605, -2.76527], [31.56162, -2.75524], [31.55207, -2.74647], [31.54924, -2.72692], [31.57204, -2.72593], [31.56724, -2.70913], [31.53578, -2.71105], [31.53333, -2.71847], [31.52007, -2.72424], [31.5028, -2.71991], [31.49611, -2.70506], [31.48389, -2.69887], [31.46453, -2.72166], [31.44768, -2.70916], [31.44677, -2.68365], [31.42167, -2.67774], [31.4077, -2.66541], [31.40328, -2.63482], [31.40642, -2.60836], [31.42113, -2.57943], [31.45546, -2.54678], [31.47435, -2.54979], [31.4946, -2.54468], [31.4998, -2.5317], [31.51422, -2.52762], [31.52839, -2.54003], [31.53978, -2.54013], [31.56127, -2.51584], [31.59767, -2.51008], [31.59767, -2.49223], [31.60889, -2.45775], [31.63, -2.45116], [31.60665, -2.41183], [31.60806, -2.40421], [31.62387, -2.40487], [31.65568, -2.38836], [31.64989, -2.37459], [31.63969, -2.37693], [31.6402, -2.36454], [31.65509, -2.33639], [31.66187, -2.32975], [31.67097, -2.33137], [31.67519, -2.31755], [31.68274, -2.31647], [31.68765, -2.32679], [31.69416, -2.32746], [31.68876, -2.30536], [31.71237, -2.31326], [31.70276, -2.29821], [31.70884, -2.29305], [31.73216, -2.30588], [31.74581, -2.29781], [31.75477, -2.31305], [31.74309, -2.32724], [31.74462, -2.33726], [31.75409, -2.3438], [31.75156, -2.34821], [31.74577, -2.34285], [31.74707, -2.35733], [31.75708, -2.34624], [31.77678, -2.36439], [31.7593, -2.37107], [31.75559, -2.40584], [31.79064, -2.42492], [31.79628, -2.45198], [31.79192, -2.45859], [31.79934, -2.47155], [31.79848, -2.49029], [31.79225, -2.49799], [31.76361, -2.49817], [31.73808, -2.507], [31.72973, -2.49836], [31.71771, -2.50648], [31.71985, -2.52262], [31.71382, -2.53572], [31.71901, -2.54955], [31.72477, -2.5565], [31.74112, -2.55372], [31.7481, -2.56014], [31.7427, -2.57763], [31.75124, -2.5816], [31.74464, -2.59346], [31.7508, -2.62521], [31.76155, -2.63142], [31.77522, -2.61866], [31.80982, -2.61003], [31.81471, -2.60055], [31.82912, -2.59985], [31.83554, -2.60832], [31.8528, -2.60325], [31.86028, -2.61323], [31.85702, -2.62631], [31.84228, -2.61844], [31.83674, -2.63116], [31.82757, -2.61844], [31.81914, -2.62009], [31.81866, -2.62721], [31.81743, -2.62069], [31.8162, -2.63078], [31.80934, -2.62935], [31.82069, -2.64088], [31.81658, -2.64675], [31.80849, -2.64476], [31.80033, -2.65134], [31.79151, -2.64023], [31.7929, -2.64607], [31.76307, -2.65681], [31.76293, -2.66835], [31.77417, -2.6695], [31.78247, -2.68207], [31.76443, -2.69572], [31.76731, -2.70691], [31.76129, -2.69964], [31.75628, -2.71878], [31.76602, -2.71972], [31.76915, -2.70775], [31.78195, -2.7143], [31.78681, -2.70952], [31.78982, -2.72038], [31.79008, -2.73207], [31.78175, -2.73354], [31.78182, -2.74891], [31.78987, -2.76143], [31.78087, -2.76537], [31.78688, -2.78171], [31.77922, -2.79098], [31.77562, -2.82996], [31.78167, -2.83846], [31.80775, -2.84497], [31.81705, -2.81933], [31.81397, -2.80778], [31.8249, -2.79915], [31.84944, -2.8462], [31.88432, -2.87856], [31.88597, -2.88788], [31.90833, -2.89698], [31.91744, -2.90982], [31.90993, -2.92498], [31.93012, -2.97741], [31.92175, -2.98114], [31.92238, -3.00402], [31.90816, -3.01701], [31.89337, -3.04318], [31.89424, -3.0976], [31.91163, -3.11808], [31.90589, -3.13624], [31.90908, -3.15315], [31.89315, -3.20355], [31.85037, -3.2091], [31.83774, -3.2241], [31.80248, -3.24641]], [[31.78734, -3.13788], [31.78823, -3.13919], [31.78852, -3.13823], [31.78734, -3.13788]]]}}, {"type": "Feature", "properties": {"shapeID": "72390352B97667671873629", "shapeName": "Geita"}, "geometry": {"type": "MultiPolygon", "coordinates": [[[[31.90908, -3.15315], [31.90589, -3.13624], [31.91163, -3.11808], [31.89424, -3.0976], [31.89337, -3.04318], [31.90816, -3.01701], [31.92238, -3.00402], [31.92175, -2.98114], [31.93012, -2.97741], [31.90993, -2.92498], [31.91744, -2.90982], [31.90833, -2.89698], [31.88597, -2.88788], [31.88432, -2.87856], [31.84944, -2.8462], [31.8249, -2.79915], [31.84374, -2.79928], [31.84685, -2.79121], [31.84076, -2.77627], [31.82698, -2.76616], [31.83008, -2.75747], [31.82491, -2.74153], [31.83588, -2.73884], [31.83733, -2.73138], [31.81817, -2.71393], [31.82815, -2.68952], [31.84049, -2.69303], [31.84258, -2.68073], [31.85597, -2.67942], [31.85788, -2.68858], [31.87087, -2.69057], [31.87112, -2.70898], [31.86186, -2.70963], [31.86807, -2.71464], [31.86941, -2.75809], [31.87438, -2.73035], [31.88349, -2.714], [31.89115, -2.70944], [31.90709, -2.72393], [31.91402, -2.72157], [31.90975, -2.71318], [31.90954, -2.71724], [31.90391, -2.71468], [31.90154, -2.70017], [31.90577, -2.69706], [31.90066, -2.69703], [31.9058, -2.69556], [31.90112, -2.69566], [31.90349, -2.68954], [31.91329, -2.69042], [31.90559, -2.68877], [31.9058, -2.68056], [31.91469, -2.68933], [31.91178, -2.6771], [31.90122, -2.67867], [31.90127, -2.66575], [31.8841, -2.65741], [31.89489, -2.6368], [31.89833, -2.65692], [31.91452, -2.65447], [31.92171, -2.66144], [31.92907, -2.64867], [31.94532, -2.65612], [31.94028, -2.66821], [31.94535, -2.67119], [31.9393, -2.68017], [31.93322, -2.6779], [31.93273, -2.69402], [31.93622, -2.69905], [31.94914, -2.68803], [31.95479, -2.69593], [31.9648, -2.69133], [31.9607, -2.70799], [31.97599, -2.71141], [31.97512, -2.73994], [31.9814, -2.74821], [31.97319, -2.76822], [31.97854, -2.7786], [31.99221, -2.7837], [32.00446, -2.77009], [32.01795, -2.77767], [32.03809, -2.77257], [32.02622, -2.74982], [32.00235, -2.73459], [32.00546, -2.72284], [32.00123, -2.70954], [32.01447, -2.71259], [32.01317, -2.70612], [32.00072, -2.68377], [31.99037, -2.68584], [31.98519, -2.65666], [31.97257, -2.64734], [31.95932, -2.62416], [31.93096, -2.60367], [31.93158, -2.59352], [31.93738, -2.59104], [31.97733, -2.59891], [32.00403, -2.59083], [31.99389, -2.56786], [31.99824, -2.55709], [32.00983, -2.55357], [32.01024, -2.54219], [31.99739, -2.53255], [31.99716, -2.53825], [31.99634, -2.52335], [32.00344, -2.51613], [32.00135, -2.50821], [31.99203, -2.50775], [31.98272, -2.49587], [31.98551, -2.49075], [31.99716, -2.49203], [32.00751, -2.4774], [32.01426, -2.50548], [32.02487, -2.50587], [32.03089, -2.4666], [32.03961, -2.47291], [32.03435, -2.48403], [32.03876, -2.50265], [32.04474, -2.50227], [32.04654, -2.49283], [32.05806, -2.49385], [32.07527, -2.52625], [32.08106, -2.52491], [32.0819, -2.50901], [32.09265, -2.51251], [32.10302, -2.50572], [32.09952, -2.5165], [32.10428, -2.52912], [32.10066, -2.52869], [32.11595, -2.54395], [32.12823, -2.52706], [32.13582, -2.53679], [32.1352, -2.54969], [32.1544, -2.53852], [32.15067, -2.52237], [32.18917, -2.51989], [32.18917, -2.50478], [32.20594, -2.49836], [32.2107, -2.4996], [32.22498, -2.54204], [32.23926, -2.54638], [32.24289, -2.55687], [32.26402, -2.5739], [32.26866, -2.60517], [32.35249, -2.60248], [32.44668, -2.61614], [32.49035, -2.62794], [32.51358, -2.62659], [32.52037, -2.64222], [32.51789, -2.65609], [32.45544, -2.66217], [32.44637, -2.67287], [32.4197, -2.68155], [32.40447, -2.7344], [32.41601, -2.74298], [32.42846, -2.76787], [32.45061, -2.77677], [32.50919, -2.78112], [32.55328, -2.79644], [32.54169, -2.81983], [32.55908, -2.84839], [32.57729, -2.86557], [32.5833, -2.90263], [32.57936, -2.92995], [32.54707, -2.93368], [32.51768, -2.94817], [32.50133, -2.9432], [32.43405, -2.89911], [32.40983, -2.90656], [32.3823, -2.99102], [32.39389, -3.01523], [32.39389, -3.03262], [32.41128, -3.03904], [32.43488, -3.06843], [32.45951, -3.06843], [32.45475, -3.04359], [32.47586, -3.04587], [32.47193, -3.06761], [32.48249, -3.10176], [32.47235, -3.11666], [32.46924, -3.13674], [32.47483, -3.15848], [32.45827, -3.15227], [32.44668, -3.15972], [32.43943, -3.19284], [32.44709, -3.21809], [32.42867, -3.22451], [32.39926, -3.26041], [32.37719, -3.25734], [32.36024, -3.28028], [32.34746, -3.32693], [32.2848, -3.29944], [32.27652, -3.27005], [32.27694, -3.23983], [32.24051, -3.23134], [32.22043, -3.239], [32.21111, -3.16614], [32.18814, -3.14958], [32.13245, -3.12908], [32.1132, -3.12598], [32.10409, -3.13157], [32.05566, -3.19801], [32.03599, -3.20857], [31.99583, -3.19615], [31.98279, -3.20029], [31.94822, -3.19532], [31.92732, -3.20505], [31.89315, -3.20355], [31.90908, -3.15315]]], [[[32.07879, -2.50635], [32.07999, -2.50084], [32.08168, -2.50346], [32.07879, -2.50635]]], [[[32.01255, -2.43272], [32.01415, -2.43883], [31.99524, -2.4362], [31.99267, -2.42693], [32.00017, -2.42447], [32.01255, -2.43272]]], [[[31.99449, -2.44022], [31.98533, -2.44692], [31.98785, -2.4624], [31.98193, -2.45721], [31.97395, -2.46179], [31.97354, -2.45135], [31.96744, -2.45246], [31.95542, -2.43961], [31.96028, -2.43545], [31.96535, -2.44135], [31.97349, -2.4406], [31.97317, -2.43331], [31.97922, -2.43009], [31.99449, -2.44022]]], [[[31.96412, -2.40297], [31.96734, -2.41133], [31.96312, -2.42175], [31.95691, -2.42083], [31.95434, -2.41061], [31.94369, -2.4174], [31.93541, -2.41475], [31.94205, -2.40047], [31.94291, -2.40561], [31.95169, -2.39354], [31.95555, -2.39582], [31.95534, -2.39004], [31.96512, -2.38954], [31.96227, -2.38425], [31.96698, -2.37947], [31.97255, -2.38146], [31.96412, -2.40297]]], [[[31.9673, -2.42582], [31.96648, -2.42375], [31.96984, -2.4239], [31.9673, -2.42582]]], [[[31.96927, -2.43297], [31.96588, -2.43177], [31.96734, -2.43033], [31.96927, -2.43297]]], [[[31.9642, -2.42925], [31.96641, -2.42747], [31.96727, -2.4284], [31.9642, -2.42925]]], [[[31.84368, -2.26712], [31.85219, -2.27982], [31.85066, -2.29011], [31.86019, -2.29836], [31.85879, -2.31385], [31.87695, -2.31525], [31.8927, -2.32655], [31.92, -2.30128], [31.91073, -2.31843], [31.90908, -2.34179], [31.89968, -2.34294], [31.88863, -2.35792], [31.89067, -2.36605], [31.92445, -2.38675], [31.91302, -2.39691], [31.91226, -2.40605], [31.92432, -2.40707], [31.9087, -2.42345], [31.90883, -2.43158], [31.88546, -2.43666], [31.87777, -2.45019], [31.85225, -2.45952], [31.84195, -2.45657], [31.8341, -2.43744], [31.83508, -2.42223], [31.84882, -2.39377], [31.84784, -2.37218], [31.84391, -2.36138], [31.82085, -2.34519], [31.81889, -2.33783], [31.83214, -2.31968], [31.83361, -2.30643], [31.79681, -2.32409], [31.78896, -2.30937], [31.77767, -2.31183], [31.78111, -2.29907], [31.77375, -2.29073], [31.7919, -2.2922], [31.81758, -2.23958], [31.84062, -2.23865], [31.8518, -2.2501], [31.84368, -2.26712]]], [[[31.80997, -2.69091], [31.81656, -2.68405], [31.81825, -2.69751], [31.80997, -2.69091]]]]}}, {"type": "Feature", "properties": {"shapeID": "72390352B61326482335333", "shapeName": "Mbogwe"}, "geometry": {"type": "Polygon", "coordinates": [[[32.00693, -3.72764], [32.00313, -3.70911], [32.00681, -3.70138], [32.04804, -3.67734], [32.07834, -3.64924], [32.07662, -3.63329], [32.08987, -3.61722], [32.11576, -3.54225], [32.15736, -3.4998], [32.13368, -3.48348], [32.1338, -3.44544], [32.09944, -3.43833], [32.06668, -3.44741], [32.02767, -3.44495], [32.01785, -3.41956], [31.99724, -3.41502], [31.99012, -3.40471], [31.98178, -3.36643], [31.96608, -3.34888], [31.94939, -3.3371], [31.92424, -3.33391], [31.91454, -3.32741], [31.88007, -3.26876], [31.85209, -3.27318], [31.83774, -3.2241], [31.85037, -3.2091], [31.92732, -3.20505], [31.94822, -3.19532], [32.01198, -3.19801], [32.02378, -3.20795], [32.03599, -3.20857], [32.05566, -3.19801], [32.10409, -3.13157], [32.1132, -3.12598], [32.13245, -3.12908], [32.18814, -3.14958], [32.21111, -3.16614], [32.22043, -3.239], [32.24051, -3.23134], [32.27694, -3.23983], [32.27652, -3.27005], [32.2848, -3.29944], [32.30662, -3.3111], [32.3041, -3.33539], [32.31433, -3.36879], [32.30726, -3.40914], [32.32418, -3.43783], [32.3215, -3.45715], [32.32986, -3.46939], [32.33021, -3.51758], [32.30239, -3.56575], [32.30314, -3.57838], [32.31342, -3.59108], [32.31624, -3.62642], [32.36344, -3.61418], [32.39448, -3.5947], [32.4155, -3.65169], [32.41117, -3.67962], [32.3982, -3.71594], [32.36927, -3.71918], [32.36638, -3.81361], [32.3084, -3.78903], [32.29128, -3.77484], [32.28284, -3.77496], [32.27554, -3.76484], [32.25785, -3.75918], [32.24185, -3.74169], [32.21903, -3.73039], [32.20252, -3.75088], [32.19891, -3.76731], [32.19028, -3.77244], [32.17423, -3.76697], [32.15778, -3.7428], [32.12384, -3.77167], [32.08742, -3.78433], [32.06336, -3.77993], [32.00076, -3.74407], [32.00693, -3.72764]]]}}, {"type": "Feature", "properties": {"shapeID": "72390352B96686223722654", "shapeName": "Nyang'hwale"}, "geometry": {"type": "Polygon", "coordinates": [[[32.43943, -3.19284], [32.44399, -3.16572], [32.45827, -3.15227], [32.47483, -3.15848], [32.46924, -3.13674], [32.47235, -3.11666], [32.48249, -3.10176], [32.47193, -3.06761], [32.47586, -3.04587], [32.45475, -3.04359], [32.45951, -3.06843], [32.43488, -3.06843], [32.41128, -3.03904], [32.39389, -3.03262], [32.39389, -3.01523], [32.3823, -2.99102], [32.41459, -2.9018], [32.43405, -2.89911], [32.44525, -2.90387], [32.50133, -2.9432], [32.51768, -2.94817], [32.54707, -2.93368], [32.57212, -2.92912], [32.61595, -2.93679], [32.62655, -2.95025], [32.6529, -2.96074], [32.68402, -2.98937], [32.69036, -2.98808], [32.72204, -3.00889], [32.75083, -3.00101], [32.76129, -2.98855], [32.76255, -2.99625], [32.77623, -2.99297], [32.76623, -3.00703], [32.76505, -3.03102], [32.78153, -3.04678], [32.78388, -3.06172], [32.77045, -3.09719], [32.76959, -3.12212], [32.79263, -3.16649], [32.77972, -3.2025], [32.78576, -3.22158], [32.77497, -3.24967], [32.75498, -3.27118], [32.73865, -3.30951], [32.68465, -3.32333], [32.68265, -3.36126], [32.68985, -3.36671], [32.69841, -3.39106], [32.69654, -3.45716], [32.59645, -3.4237], [32.56527, -3.40307], [32.5019, -3.39134], [32.52618, -3.35305], [32.54447, -3.2993], [32.5283, -3.22528], [32.52925, -3.20497], [32.50879, -3.1954], [32.49089, -3.19712], [32.45839, -3.22044], [32.44709, -3.21809], [32.43943, -3.19284]]]}}, {"type": "Feature", "properties": {"shapeID": "72390352B92646008536074", "shapeName": "Iringa"}, "geometry": {"type": "Polygon", "coordinates": [[[35.11521, -6.93879], [35.16875, -6.97935], [35.20568, -6.97942], [35.2409, -6.99454], [35.24982, -6.98929], [35.25327, -6.97855], [35.273, -6.97154], [35.30345, -6.93461], [35.36283, -6.9371], [35.41353, -6.92639], [35.42788, -6.93439], [35.4431, -6.93047], [35.46678, -6.94955], [35.48411, -6.94483], [35.49446, -6.94795], [35.51221, -6.9854], [35.52347, -6.99796], [35.54007, -7.00213], [35.54081, -7.0129], [35.58004, -7.00267], [35.59968, -7.02238], [35.61561, -7.02187], [35.62296, -7.03059], [35.6513, -7.03093], [35.68304, -7.05965], [35.7033, -7.06951], [35.70995, -7.06532], [35.72138, -7.07841], [35.73739, -7.08338], [35.77047, -7.09081], [35.77624, -7.08759], [35.77832, -7.0924], [35.79426, -7.08694], [35.79405, -7.09322], [35.80298, -7.09388], [35.81678, -7.08735], [35.81548, -7.09368], [35.82388, -7.09598], [35.84996, -7.08342], [35.85608, -7.08937], [35.87962, -7.09279], [35.89426, -7.10773], [35.90987, -7.10311], [35.92515, -7.11315], [35.95724, -7.11705], [35.9792, -7.13483], [36.04843, -7.11767], [36.07418, -7.13178], [36.08193, -7.12461], [36.11345, -7.12457], [36.14545, -7.13293], [36.14571, -7.14118], [36.15931, -7.14992], [36.1717, -7.15289], [36.19089, -7.14577], [36.19745, -7.15535], [36.20048, -7.16862], [36.17057, -7.25874], [36.13952, -7.31306], [36.03557, -7.35574], [36.00545, -7.3908], [35.98105, -7.40193], [35.94371, -7.43281], [35.94018, -7.44354], [35.92575, -7.45098], [35.92138, -7.47561], [35.911, -7.49468], [35.91298, -7.5138], [35.88326, -7.53152], [35.89281, -7.54305], [35.90043, -7.57102], [35.87373, -7.6267], [35.85011, -7.64825], [35.82323, -7.65921], [35.79185, -7.64747], [35.75481, -7.64957], [35.7285, -7.64168], [35.68295, -7.64833], [35.63673, -7.68204], [35.62998, -7.69738], [35.63873, -7.70884], [35.6375, -7.72467], [35.61056, -7.72857], [35.59017, -7.72078], [35.58323, -7.72537], [35.58115, -7.74836], [35.5864, -7.75178], [35.59118, -7.78014], [35.62699, -7.78556], [35.65053, -7.79552], [35.64839, -7.83366], [35.65929, -7.84303], [35.68363, -7.85471], [35.69912, -7.84079], [35.70432, -7.82453], [35.73169, -7.79009], [35.76893, -7.782], [35.78209, -7.79461], [35.81293, -7.79849], [35.80221, -7.81024], [35.81428, -7.83226], [35.81262, -7.85479], [35.82014, -7.87296], [35.79017, -7.923], [35.78034, -7.92636], [35.75226, -7.95777], [35.76615, -8.00665], [35.7443, -8.01484], [35.72139, -8.04102], [35.68427, -8.04596], [35.67366, -8.06021], [35.64365, -8.07388], [35.63247, -8.11334], [35.61518, -8.11947], [35.59016, -8.14088], [35.58685, -8.15951], [35.59154, -8.16491], [35.58023, -8.18805], [35.56542, -8.20457], [35.54735, -8.20988], [35.53374, -8.22102], [35.5249, -8.24097], [35.51287, -8.23663], [35.48437, -8.24172], [35.44846, -8.21971], [35.3913, -8.20598], [35.37689, -8.14813], [35.36204, -8.14439], [35.3452, -8.12608], [35.3211, -8.13706], [35.29543, -8.13692], [35.27143, -8.12683], [35.25151, -8.13354], [35.23563, -8.18156], [35.18869, -8.20942], [35.18016, -8.22963], [35.16629, -8.20401], [35.16349, -8.1434], [35.13782, -8.14454], [35.11926, -8.1547], [35.07724, -8.14972], [35.00132, -8.11099], [34.95502, -8.09651], [34.94302, -8.08686], [34.85701, -7.92877], [34.8506, -7.90062], [34.75151, -7.82539], [34.68102, -7.73965], [34.62911, -7.72332], [34.50909, -7.71143], [34.38621, -7.73341], [34.3647, -7.73363], [34.35046, -7.72752], [34.28999, -7.63816], [34.2698, -7.61747], [34.26763, -7.58998], [34.19923, -7.49447], [34.1938, -7.37077], [34.21289, -7.34921], [34.24935, -7.3258], [34.27395, -7.3344], [34.29747, -7.32597], [34.30152, -7.33204], [34.30737, -7.32749], [34.31321, -7.33539], [34.34284, -7.33018], [34.36342, -7.31845], [34.37796, -7.32376], [34.40976, -7.31314], [34.42505, -7.31126], [34.4324, -7.31627], [34.4356, -7.30021], [34.4497, -7.28301], [34.48123, -7.27527], [34.48233, -7.26131], [34.48949, -7.25136], [34.50048, -7.25183], [34.50587, -7.23361], [34.53372, -7.21975], [34.53689, -7.20976], [34.54304, -7.21359], [34.56148, -7.20877], [34.56685, -7.19791], [34.5939, -7.1829], [34.59274, -7.17701], [34.61059, -7.16277], [34.61396, -7.14428], [34.61937, -7.14636], [34.62627, -7.13019], [34.63593, -7.12869], [34.64804, -7.11068], [34.6605, -7.0857], [34.65855, -7.07922], [34.66691, -7.07397], [34.67545, -7.05405], [34.69056, -7.04233], [34.72206, -7.03298], [34.7255, -7.02231], [34.75625, -7.00696], [34.78208, -6.97641], [34.80304, -6.96224], [34.81886, -6.9598], [34.8402, -6.93932], [34.85593, -6.93643], [34.87434, -6.91751], [34.89475, -6.9159], [34.92351, -6.887], [34.94946, -6.88803], [34.96734, -6.90333], [34.99546, -6.89784], [35.0198, -6.90221], [35.11521, -6.93879]]]}}, {"type": "Feature", "properties": {"shapeID": "72390352B98765493528957", "shapeName": "Iringa Urban"}, "geometry": {"type": "Polygon", "coordinates": [[[35.78209, -7.79461], [35.76893, -7.782], [35.73169, -7.79009], [35.70432, -7.82453], [35.69912, -7.84079], [35.68363, -7.85471], [35.64839, -7.83366], [35.65053, -7.79552], [35.62699, -7.78556], [35.59118, -7.78014], [35.5864, -7.75178], [35.58115, -7.74836], [35.58323, -7.72537], [35.59017, -7.72078], [35.61056, -7.72857], [35.6375, -7.72467], [35.63873, -7.70884], [35.62998, -7.69738], [35.63673, -7.68204], [35.68295, -7.64833], [35.71414, -7.64101], [35.75481, -7.64957], [35.77387, -7.64612], [35.80799, -7.65105], [35.82323, -7.65921], [35.79839, -7.70376], [35.8215, -7.75569], [35.8031, -7.76359], [35.79593, -7.79614], [35.78209, -7.79461]]]}}, {"type": "Feature", "properties": {"shapeID": "72390352B38467377597679", "shapeName": "Kilolo"}, "geometry": {"type": "Polygon", "coordinates": [[[36.24911, -7.17372], [36.27847, -7.23083], [36.30136, -7.24271], [36.30158, -7.25186], [36.31975, -7.27896], [36.32217, -7.29247], [36.31425, -7.30084], [36.32012, -7.30947], [36.31555, -7.31545], [36.33, -7.33449], [36.36361, -7.32828], [36.39497, -7.31268], [36.39854, -7.32125], [36.42302, -7.32862], [36.43465, -7.3397], [36.45045, -7.33946], [36.45437, -7.34672], [36.46846, -7.34911], [36.48179, -7.37293], [36.47874, -7.41004], [36.48706, -7.41017], [36.50213, -7.43146], [36.50941, -7.46849], [36.51796, -7.47796], [36.52288, -7.51785], [36.52787, -7.52169], [36.58162, -7.51313], [36.59734, -7.53031], [36.61613, -7.53405], [36.64334, -7.52781], [36.65329, -7.53197], [36.68194, -7.57059], [36.69262, -7.57721], [36.79048, -7.59439], [36.78102, -7.64201], [36.80968, -7.64813], [36.84481, -7.64695], [36.83047, -7.73619], [36.83406, -7.77612], [36.81225, -7.81778], [36.70151, -7.97904], [36.70161, -8.00978], [36.71144, -8.02382], [36.46397, -8.02664], [36.46339, -7.97972], [36.41437, -8.01615], [36.30143, -8.08361], [36.18932, -8.17854], [36.14027, -8.22985], [36.10643, -8.28771], [36.02211, -8.35568], [35.98201, -8.40083], [35.9094, -8.38375], [35.86741, -8.36753], [35.85494, -8.34867], [35.85652, -8.29164], [35.80803, -8.26708], [35.78864, -8.26651], [35.72442, -8.23485], [35.74168, -8.22592], [35.73654, -8.2111], [35.74114, -8.20116], [35.72781, -8.18266], [35.73064, -8.17539], [35.72499, -8.16408], [35.69858, -8.17711], [35.62595, -8.17906], [35.61564, -8.16984], [35.60639, -8.17233], [35.58912, -8.1648], [35.58873, -8.14567], [35.60409, -8.12686], [35.63247, -8.11334], [35.64365, -8.07388], [35.67366, -8.06021], [35.68427, -8.04596], [35.72139, -8.04102], [35.7443, -8.01484], [35.76615, -8.00665], [35.75226, -7.95777], [35.78034, -7.92636], [35.79017, -7.923], [35.82014, -7.87296], [35.81262, -7.85479], [35.81428, -7.83226], [35.80221, -7.81024], [35.81293, -7.79849], [35.79593, -7.79614], [35.8031, -7.76359], [35.8215, -7.75569], [35.80751, -7.72055], [35.80035, -7.71481], [35.8, -7.69796], [35.82323, -7.65921], [35.85011, -7.64825], [35.87373, -7.6267], [35.88755, -7.60292], [35.90043, -7.57102], [35.89281, -7.54305], [35.88326, -7.53152], [35.91298, -7.5138], [35.911, -7.49468], [35.92138, -7.47561], [35.92575, -7.45098], [35.94018, -7.44354], [35.94371, -7.43281], [35.98105, -7.40193], [36.00545, -7.3908], [36.03557, -7.35574], [36.13952, -7.31306], [36.17057, -7.25874], [36.20048, -7.16862], [36.24911, -7.17372]]]}}, {"type": "Feature", "properties": {"shapeID": "72390352B55502751216619", "shapeName": "Mafinga Township Authority"}, "geometry": {"type": "Polygon", "coordinates": [[[35.33949, -8.22661], [35.36373, -8.23364], [35.38376, -8.24899], [35.4085, -8.24682], [35.40816, -8.25133], [35.37795, -8.26095], [35.35848, -8.275], [35.35415, -8.30278], [35.37567, -8.31264], [35.33345, -8.36412], [35.3054, -8.37756], [35.28993, -8.37473], [35.26913, -8.38325], [35.27528, -8.40201], [35.29444, -8.42464], [35.29877, -8.45149], [35.31222, -8.45956], [35.31716, -8.49328], [35.20994, -8.5084], [35.14248, -8.49469], [35.13716, -8.46564], [35.1497, -8.37758], [35.14017, -8.31614], [35.15148, -8.27249], [35.16529, -8.27063], [35.17355, -8.25956], [35.20126, -8.28802], [35.21877, -8.28566], [35.23137, -8.27342], [35.22812, -8.23846], [35.25604, -8.21635], [35.26388, -8.22984], [35.2774, -8.23647], [35.33949, -8.22661]]]}}, {"type": "Feature", "properties": {"shapeID": "72390352B52349151211707", "shapeName": "Mufindi"}, "geometry": {"type": "Polygon", "coordinates": [[[35.05766, -8.13669], [35.07724, -8.14972], [35.11926, -8.1547], [35.13782, -8.14454], [35.16349, -8.1434], [35.16629, -8.20401], [35.18016, -8.22963], [35.18869, -8.20942], [35.23563, -8.18156], [35.24978, -8.13517], [35.27143, -8.12683], [35.30844, -8.13802], [35.3452, -8.12608], [35.36204, -8.14439], [35.37689, -8.14813], [35.3913, -8.20598], [35.44846, -8.21971], [35.48437, -8.24172], [35.51287, -8.23663], [35.5249, -8.24097], [35.53374, -8.22102], [35.54735, -8.20988], [35.56542, -8.20457], [35.58023, -8.18805], [35.59154, -8.16491], [35.64591, -8.18164], [35.69858, -8.17711], [35.72499, -8.16408], [35.73064, -8.17539], [35.72781, -8.18266], [35.74114, -8.20116], [35.73654, -8.2111], [35.74168, -8.22592], [35.72442, -8.23485], [35.78864, -8.26651], [35.80803, -8.26708], [35.85652, -8.29164], [35.85494, -8.34867], [35.86741, -8.36753], [35.9094, -8.38375], [35.98201, -8.40083], [35.9561, -8.42879], [35.91567, -8.4357], [35.88848, -8.45886], [35.87178, -8.53901], [35.84939, -8.56567], [35.68915, -8.66359], [35.71214, -8.67318], [35.71032, -8.67778], [35.69729, -8.67772], [35.69269, -8.6862], [35.69212, -8.74244], [35.6993, -8.76175], [35.68401, -8.75754], [35.66438, -8.74051], [35.64516, -8.76887], [35.62878, -8.75235], [35.59325, -8.68751], [35.58412, -8.68364], [35.57652, -8.68792], [35.55574, -8.67958], [35.54259, -8.68212], [35.49933, -8.65867], [35.41571, -8.66256], [35.35742, -8.68428], [35.35249, -8.71028], [35.34529, -8.71794], [35.33105, -8.72068], [35.32613, -8.73764], [35.33562, -8.7444], [35.33598, -8.75388], [35.35514, -8.77715], [35.34903, -8.79594], [35.35724, -8.82249], [35.34173, -8.8473], [35.32759, -8.8567], [35.32326, -8.8691], [35.34502, -8.87167], [35.35456, -8.88152], [35.34666, -8.89297], [35.36657, -8.91549], [35.36724, -8.92468], [35.36041, -8.92709], [35.36334, -8.93802], [35.37309, -8.94459], [35.38181, -8.94028], [35.39541, -8.95932], [35.4107, -8.95737], [35.41475, -8.97641], [35.40685, -8.97815], [35.38383, -9.0107], [35.36858, -9.01955], [35.36089, -9.01652], [35.35532, -9.0286], [35.31709, -9.0283], [35.30638, -9.03761], [35.26804, -9.0329], [35.20956, -9.04065], [35.1392, -9.02998], [35.1192, -9.01783], [35.12927, -8.97512], [35.10994, -8.93999], [35.11459, -8.92766], [35.14013, -8.9014], [35.12868, -8.87784], [35.14491, -8.83162], [35.12743, -8.79424], [35.13039, -8.775], [35.09569, -8.78213], [35.0696, -8.77407], [35.04373, -8.77566], [35.0274, -8.80482], [34.97871, -8.82806], [34.94821, -8.82602], [34.93008, -8.81702], [34.92338, -8.80729], [34.90541, -8.80974], [34.89456, -8.79623], [34.8724, -8.78633], [34.85402, -8.76907], [34.86925, -8.75135], [34.87586, -8.73129], [34.89511, -8.72712], [34.86317, -8.68759], [34.82486, -8.68188], [34.80459, -8.67071], [34.77552, -8.67769], [34.74975, -8.66906], [34.72996, -8.67367], [34.6992, -8.6642], [34.70793, -8.64255], [34.71874, -8.63299], [34.71259, -8.57883], [34.72501, -8.51371], [34.71389, -8.47896], [34.68321, -8.44992], [34.69867, -8.40863], [34.73459, -8.38346], [34.74693, -8.3572], [34.79718, -8.3023], [34.81585, -8.27343], [34.82667, -8.26796], [34.83666, -8.24633], [34.86383, -8.22287], [34.90896, -8.16388], [34.93913, -8.14483], [34.95328, -8.11529], [34.96807, -8.09973], [35.05766, -8.13669]], [[35.26388, -8.22984], [35.25604, -8.21635], [35.22812, -8.23846], [35.23137, -8.27342], [35.21877, -8.28566], [35.20126, -8.28802], [35.17355, -8.25956], [35.16529, -8.27063], [35.15148, -8.27249], [35.14017, -8.31614], [35.1497, -8.37758], [35.13716, -8.46564], [35.14248, -8.49469], [35.20994, -8.5084], [35.31716, -8.49328], [35.31222, -8.45956], [35.29877, -8.45149], [35.29444, -8.42464], [35.27528, -8.40201], [35.26913, -8.38325], [35.28993, -8.37473], [35.3054, -8.37756], [35.33345, -8.36412], [35.37567, -8.31264], [35.35415, -8.30278], [35.35848, -8.275], [35.37795, -8.26095], [35.40816, -8.25133], [35.4085, -8.24682], [35.38376, -8.24899], [35.36373, -8.23364], [35.33949, -8.22661], [35.2774, -8.23647], [35.26388, -8.22984]]]}}, {"type": "Feature", "properties": {"shapeID": "72390352B49618457772181", "shapeName": "Biharamulo"}, "geometry": {"type": "Polygon", "coordinates": [[[31.55544, -3.243], [31.47993, -3.28826], [31.46084, -3.31401], [31.4558, -3.30378], [31.43482, -3.29648], [31.40246, -3.31604], [31.33234, -3.31808], [31.29779, -3.30621], [31.27056, -3.28548], [31.25083, -3.28376], [31.21994, -3.29835], [31.15255, -3.35964], [31.13588, -3.33916], [31.11981, -3.29111], [31.11528, -3.25036], [31.12099, -3.23204], [31.08608, -3.18616], [31.06628, -3.18076], [31.0352, -3.18525], [31.02848, -3.20806], [31.01636, -3.21372], [31.0077, -3.20857], [31.01318, -3.19771], [30.98908, -3.19046], [30.98808, -3.17941], [31.00908, -3.15646], [31.01408, -3.13106], [31.03509, -3.1012], [31.03995, -3.08086], [31.05007, -3.07336], [31.06418, -3.03636], [31.0725, -3.03249], [31.06647, -3.00748], [31.0746, -2.99878], [31.08074, -2.96427], [31.06897, -2.9434], [31.06567, -2.92385], [31.0578, -2.92707], [31.04898, -2.9213], [31.04891, -2.89302], [31.02893, -2.87045], [31.0261, -2.85066], [31.01171, -2.83122], [30.97246, -2.83428], [30.96202, -2.83001], [30.9354, -2.8015], [30.90577, -2.80841], [30.87304, -2.79813], [30.8658, -2.77653], [30.83889, -2.76379], [30.84227, -2.7543], [30.82061, -2.73474], [30.81408, -2.71252], [30.8186, -2.69622], [30.79924, -2.67718], [30.80593, -2.66987], [30.81038, -2.64434], [30.82172, -2.63742], [30.83258, -2.61997], [30.84348, -2.58029], [30.85648, -2.58195], [30.8675, -2.57246], [30.89617, -2.56418], [30.91836, -2.51889], [30.93295, -2.50283], [30.93761, -2.48183], [30.95634, -2.45715], [30.96683, -2.41856], [30.98877, -2.38762], [31.00441, -2.34633], [31.06551, -2.26204], [31.0761, -2.20698], [31.08877, -2.19854], [31.09352, -2.18781], [31.24235, -2.18619], [31.36052, -2.24388], [31.39009, -2.2437], [31.42498, -2.25588], [31.44708, -2.24978], [31.46656, -2.26491], [31.5161, -2.26875], [31.6085, -2.35983], [31.61557, -2.37249], [31.60665, -2.41183], [31.63, -2.45116], [31.60889, -2.45775], [31.59767, -2.49223], [31.59767, -2.51008], [31.56127, -2.51584], [31.53978, -2.54013], [31.52839, -2.54003], [31.51422, -2.52762], [31.4998, -2.5317], [31.4946, -2.54468], [31.47435, -2.54979], [31.45546, -2.54678], [31.42113, -2.57943], [31.40315, -2.62409], [31.4077, -2.66541], [31.42167, -2.67774], [31.44677, -2.68365], [31.44768, -2.70916], [31.46453, -2.72166], [31.48389, -2.69887], [31.49611, -2.70506], [31.5028, -2.71991], [31.52007, -2.72424], [31.53333, -2.71847], [31.53578, -2.71105], [31.56724, -2.70913], [31.57204, -2.72593], [31.54924, -2.72692], [31.55207, -2.74647], [31.56162, -2.75524], [31.58605, -2.76527], [31.61512, -2.76639], [31.61866, -2.7564], [31.65767, -2.75864], [31.6766, -2.74398], [31.68432, -2.76163], [31.72109, -2.78609], [31.72036, -2.81599], [31.69965, -2.82278], [31.67336, -2.8463], [31.66348, -2.85029], [31.64145, -2.84639], [31.62063, -2.85718], [31.59227, -2.86089], [31.5725, -2.91356], [31.57359, -2.94421], [31.55677, -2.93698], [31.54437, -2.91592], [31.52862, -2.90881], [31.50184, -2.88279], [31.47521, -2.89962], [31.4775, -2.91795], [31.46214, -2.93916], [31.46384, -2.9633], [31.51338, -3.06336], [31.53892, -3.09673], [31.54498, -3.12198], [31.55466, -3.13498], [31.55399, -3.1603], [31.56177, -3.17828], [31.55544, -3.243]]]}}, {"type": "Feature", "properties": {"shapeID": "72390352B68293795880239", "shapeName": "Bukoba"}, "geometry": {"type": "Polygon", "coordinates": [[[31.73259, -1.27371], [31.76363, -1.2531], [31.76701, -1.24543], [31.76068, -1.24404], [31.77543, -1.22285], [31.77222, -1.2064], [31.81188, -1.14406], [31.80655, -1.12116], [31.76768, -1.09185], [31.77148, -1.07496], [31.77672, -1.07097], [31.77863, -1.0756], [31.77695, -1.0695], [31.78323, -1.06747], [31.78457, -1.07177], [31.78738, -1.0668], [31.79377, -1.06906], [31.79748, -1.06003], [31.8133, -1.06244], [31.82194, -1.04223], [31.81555, -1.03782], [31.81555, -1.02924], [31.82655, -1.02755], [31.82879, -1.0158], [31.82386, -1.00835], [31.8408, -1.00463], [31.8372, -1.02529], [31.84191, -1.03614], [31.8584, -1.03671], [31.85684, -1.02654], [31.86492, -1.02282], [31.86783, -1.03773], [31.87658, -1.04033], [31.86726, -1.06291], [31.85503, -1.0611], [31.84672, -1.07363], [31.86623, -1.1021], [31.85716, -1.12209], [31.85747, -1.14114], [31.87239, -1.1443], [31.8707, -1.16147], [31.87967, -1.17299], [31.86193, -1.21285], [31.86933, -1.22008], [31.86292, -1.24843], [31.86853, -1.25633], [31.85848, -1.28177], [31.83452, -1.28489], [31.82431, -1.27585], [31.82219, -1.26151], [31.81343, -1.2737], [31.79626, -1.27697], [31.77642, -1.25754], [31.77461, -1.27097], [31.7653, -1.27639], [31.77038, -1.32672], [31.78019, -1.34163], [31.77739, -1.36211], [31.78187, -1.38199], [31.80416, -1.38546], [31.81403, -1.3799], [31.79812, -1.48349], [31.78302, -1.48032], [31.76493, -1.45651], [31.75011, -1.4687], [31.752, -1.49145], [31.77919, -1.49613], [31.77303, -1.50805], [31.72214, -1.51065], [31.69661, -1.49437], [31.67228, -1.49134], [31.66813, -1.52271], [31.6578, -1.52902], [31.62303, -1.51997], [31.60177, -1.56207], [31.58485, -1.56206], [31.58529, -1.58238], [31.57418, -1.58588], [31.5442, -1.61476], [31.54062, -1.64399], [31.52801, -1.66014], [31.52688, -1.67866], [31.51107, -1.69725], [31.49884, -1.70237], [31.4351, -1.69161], [31.38999, -1.67614], [31.36492, -1.66103], [31.32893, -1.60375], [31.35908, -1.58587], [31.37095, -1.56437], [31.3659, -1.55172], [31.37005, -1.54489], [31.33876, -1.54022], [31.33221, -1.49361], [31.3547, -1.43364], [31.3547, -1.41381], [31.36375, -1.40942], [31.37088, -1.3955], [31.37866, -1.3955], [31.38535, -1.36996], [31.43287, -1.3454], [31.45413, -1.35769], [31.49949, -1.3492], [31.51096, -1.32843], [31.54222, -1.3197], [31.54332, -1.35946], [31.58083, -1.36696], [31.61021, -1.31089], [31.62667, -1.31177], [31.64823, -1.29732], [31.67224, -1.3194], [31.67965, -1.34794], [31.69859, -1.34933], [31.7085, -1.34746], [31.71075, -1.31328], [31.73259, -1.27371]], [[31.56036, -1.43895], [31.54445, -1.46101], [31.53623, -1.45687], [31.5163, -1.47161], [31.51801, -1.48278], [31.52792, -1.48727], [31.53823, -1.48397], [31.55118, -1.49475], [31.58591, -1.48568], [31.5963, -1.45809], [31.58581, -1.44939], [31.57847, -1.43156], [31.56036, -1.43895]]]}}, {"type": "Feature", "properties": {"shapeID": "72390352B77165247512892", "shapeName": "Bukoba Urban"}, "geometry": {"type": "MultiPolygon", "coordinates": [[[[31.8684, -1.29567], [31.86733, -1.29981], [31.86687, -1.29184], [31.8684, -1.29567]]], [[[31.80416, -1.38546], [31.78187, -1.38199], [31.77739, -1.36211], [31.78019, -1.34163], [31.77038, -1.32672], [31.7653, -1.27639], [31.77461, -1.27097], [31.77642, -1.25754], [31.79626, -1.27697], [31.81343, -1.2737], [31.82219, -1.26151], [31.82431, -1.27585], [31.83452, -1.28489], [31.85848, -1.28177], [31.83873, -1.33646], [31.83049, -1.33635], [31.81437, -1.35039], [31.81403, -1.3799], [31.80416, -1.38546]]], [[[31.85045, -1.35429], [31.84481, -1.35643], [31.84493, -1.35368], [31.85045, -1.35429]]]]}}, {"type": "Feature", "properties": {"shapeID": "72390352B65686612592635", "shapeName": "Karagwe"}, "geometry": {"type": "Polygon", "coordinates": [[[31.24235, -2.18619], [31.09352, -2.18781], [31.08877, -2.19854], [31.0761, -2.20698], [31.0754, -2.22774], [31.06362, -2.25599], [30.84765, -2.25711], [30.84184, -2.23477], [30.8458, -2.20053], [30.86251, -2.17503], [30.86726, -2.14478], [30.87394, -2.13581], [30.86989, -2.12174], [30.89557, -2.07707], [30.87218, -2.04823], [30.8706, -2.03556], [30.85477, -2.02853], [30.84158, -2.00795], [30.83068, -2.00742], [30.81397, -2.02378], [30.80799, -2.02308], [30.80412, -1.9821], [30.82135, -1.96557], [30.80975, -1.94499], [30.81168, -1.9369], [30.79919, -1.92775], [30.786, -1.93022], [30.78512, -1.93831], [30.77545, -1.93778], [30.7795, -1.92617], [30.80236, -1.90823], [30.81608, -1.88642], [30.81643, -1.87165], [30.83665, -1.85354], [30.83314, -1.84105], [30.8203, -1.83472], [30.83068, -1.82364], [30.82294, -1.78108], [30.82874, -1.75258], [30.81063, -1.72902], [30.8159, -1.72075], [30.82575, -1.71934], [30.82043, -1.71154], [30.82188, -1.68048], [30.83225, -1.66054], [30.83806, -1.66254], [30.83595, -1.649], [30.84193, -1.63721], [30.84497, -1.64606], [30.86074, -1.65085], [30.86765, -1.63887], [30.87342, -1.64296], [30.88272, -1.66958], [30.87807, -1.68451], [30.88709, -1.68832], [30.89824, -1.72892], [30.90307, -1.7248], [30.89665, -1.70697], [30.90965, -1.68265], [30.89736, -1.68566], [30.8934, -1.67425], [30.89911, -1.66878], [30.92454, -1.6752], [30.92066, -1.66506], [30.90703, -1.66308], [30.90616, -1.65135], [30.89855, -1.65182], [30.89324, -1.64461], [30.89821, -1.62795], [30.88933, -1.62037], [30.8899, -1.59812], [30.87115, -1.60831], [30.87572, -1.62518], [30.86895, -1.63292], [30.86048, -1.63235], [30.85958, -1.63936], [30.84811, -1.6353], [30.83822, -1.61125], [30.8544, -1.5829], [30.88869, -1.57696], [30.9032, -1.58356], [30.93525, -1.57222], [30.96744, -1.57367], [30.9892, -1.55889], [30.99461, -1.53423], [30.96744, -1.52433], [30.95464, -1.51365], [30.96229, -1.49439], [30.97588, -1.4812], [30.95319, -1.47777], [30.93934, -1.44981], [30.94383, -1.432], [30.95913, -1.42752], [30.97707, -1.39942], [30.98696, -1.32489], [30.98511, -1.29772], [31.00292, -1.27372], [30.99883, -1.2509], [31.02442, -1.24311], [31.03049, -1.22953], [31.06157, -1.21307], [31.08238, -1.2097], [31.07413, -1.20244], [31.10563, -1.18504], [31.12769, -1.18463], [31.13226, -1.19166], [31.162, -1.19753], [31.18823, -1.18744], [31.18984, -1.19479], [31.21833, -1.20697], [31.22196, -1.21515], [31.23089, -1.21113], [31.24543, -1.229], [31.26123, -1.22252], [31.25998, -1.23877], [31.26867, -1.23409], [31.28107, -1.25441], [31.2938, -1.2491], [31.29056, -1.26039], [31.30435, -1.26411], [31.31078, -1.26144], [31.30548, -1.24654], [31.34053, -1.24533], [31.34298, -1.24134], [31.35498, -1.25124], [31.36038, -1.26834], [31.36732, -1.24548], [31.37803, -1.24224], [31.37887, -1.2364], [31.39138, -1.24054], [31.39152, -1.25153], [31.3656, -1.27405], [31.35454, -1.29872], [31.34808, -1.29704], [31.33858, -1.30413], [31.31186, -1.32837], [31.30908, -1.33863], [31.35696, -1.35322], [31.34956, -1.36308], [31.35567, -1.37694], [31.3547, -1.43364], [31.33221, -1.49361], [31.33876, -1.54022], [31.37005, -1.54489], [31.3659, -1.55172], [31.37095, -1.56437], [31.35445, -1.59004], [31.32893, -1.60375], [31.31177, -1.59456], [31.27702, -1.60545], [31.26699, -1.62421], [31.25256, -1.62866], [31.25673, -1.64998], [31.23365, -1.65957], [31.21653, -1.67982], [31.18763, -1.75958], [31.19103, -1.79391], [31.21628, -1.81987], [31.22166, -1.83321], [31.21698, -1.85222], [31.22213, -1.86086], [31.32112, -1.89961], [31.33774, -1.90925], [31.35971, -1.93789], [31.35614, -1.95696], [31.32181, -2.0042], [31.32431, -2.01691], [31.30732, -2.06937], [31.32283, -2.09371], [31.3235, -2.11663], [31.33389, -2.13088], [31.32671, -2.13442], [31.33289, -2.14413], [31.32279, -2.16368], [31.33745, -2.18777], [31.31452, -2.17691], [31.30682, -2.18605], [31.30525, -2.21529], [31.24235, -2.18619]]]}}, {"type": "Feature", "properties": {"shapeID": "72390352B12398012816015", "shapeName": "Kyerwa"}, "geometry": {"type": "Polygon", "coordinates": [[[31.03049, -1.22953], [31.02442, -1.24311], [30.99883, -1.2509], [31.00292, -1.27372], [30.98511, -1.29772], [30.98696, -1.32489], [30.97707, -1.39942], [30.95913, -1.42752], [30.94383, -1.432], [30.93934, -1.44981], [30.95319, -1.47777], [30.97588, -1.4812], [30.96229, -1.49439], [30.95464, -1.51365], [30.96744, -1.52433], [30.99461, -1.53423], [30.9892, -1.55889], [30.96744, -1.57367], [30.93525, -1.57222], [30.9032, -1.58356], [30.88869, -1.57696], [30.8544, -1.5829], [30.83822, -1.61125], [30.81819, -1.61435], [30.80465, -1.59782], [30.79321, -1.59659], [30.77545, -1.58322], [30.77387, -1.57917], [30.78618, -1.56933], [30.77387, -1.55244], [30.77176, -1.53081], [30.75628, -1.51674], [30.73219, -1.50953], [30.72515, -1.49757], [30.7394, -1.47453], [30.74239, -1.45501], [30.73694, -1.42704], [30.74362, -1.41297], [30.74186, -1.39767], [30.72691, -1.4026], [30.71653, -1.39521], [30.70422, -1.40471], [30.69824, -1.39504], [30.67468, -1.39556], [30.67169, -1.38519], [30.62963, -1.38084], [30.61822, -1.37393], [30.62139, -1.36496], [30.61048, -1.35089], [30.61365, -1.34685], [30.59166, -1.34614], [30.56722, -1.33471], [30.56581, -1.32258], [30.55403, -1.30499], [30.56124, -1.28758], [30.55104, -1.26718], [30.55192, -1.24889], [30.52184, -1.20474], [30.50865, -1.16851], [30.49806, -1.16213], [30.50101, -1.06455], [30.52413, -1.07424], [30.5827, -1.05859], [30.63335, -1.06809], [30.63176, -1.06422], [30.65832, -1.05877], [30.67714, -1.02746], [30.69736, -1.01234], [30.73905, -1.00214], [30.76613, -0.98314], [30.86083, -1.01854], [30.90473, -1.02424], [30.93756, -1.05541], [30.94303, -1.07764], [30.95273, -1.08794], [30.98343, -1.10434], [30.99503, -1.11864], [31.00373, -1.15334], [31.0369, -1.2053], [31.06157, -1.21307], [31.03049, -1.22953]], [[30.80388, -1.4109], [30.799, -1.4229], [30.76074, -1.41433], [30.77446, -1.43358], [30.76681, -1.43596], [30.76523, -1.44598], [30.77182, -1.44163], [30.77631, -1.44532], [30.75718, -1.45535], [30.76628, -1.46366], [30.77433, -1.46023], [30.77525, -1.44796], [30.78739, -1.45785], [30.78449, -1.44994], [30.79108, -1.44704], [30.80559, -1.45416], [30.80691, -1.44849], [30.78871, -1.43886], [30.81311, -1.43121], [30.8201, -1.44677], [30.82248, -1.44255], [30.8292, -1.45416], [30.83804, -1.45759], [30.83811, -1.44782], [30.8238, -1.43503], [30.83617, -1.4412], [30.83224, -1.42488], [30.84371, -1.42184], [30.83247, -1.41216], [30.80388, -1.4109]]]}}, {"type": "Feature", "properties": {"shapeID": "72390352B46245922571369", "shapeName": "Missenyi"}, "geometry": {"type": "Polygon", "coordinates": [[[31.76768, -1.09185], [31.80655, -1.12116], [31.81188, -1.14406], [31.77222, -1.2064], [31.77543, -1.22285], [31.76068, -1.24404], [31.76701, -1.24543], [31.76363, -1.2531], [31.73259, -1.27371], [31.71472, -1.30446], [31.7085, -1.34746], [31.67965, -1.34794], [31.67224, -1.3194], [31.64823, -1.29732], [31.62667, -1.31177], [31.61021, -1.31089], [31.58083, -1.36696], [31.54332, -1.35946], [31.54222, -1.3197], [31.52315, -1.3226], [31.51096, -1.32843], [31.49949, -1.3492], [31.45413, -1.35769], [31.43287, -1.3454], [31.39541, -1.36104], [31.38415, -1.37221], [31.37866, -1.3955], [31.37088, -1.3955], [31.36375, -1.40942], [31.3547, -1.41381], [31.35567, -1.37694], [31.34956, -1.36308], [31.35696, -1.35322], [31.30908, -1.33863], [31.31186, -1.32837], [31.33858, -1.30413], [31.34808, -1.29704], [31.35454, -1.29872], [31.3656, -1.27405], [31.39152, -1.25153], [31.39138, -1.24054], [31.37887, -1.2364], [31.37803, -1.24224], [31.36732, -1.24548], [31.36038, -1.26834], [31.35498, -1.25124], [31.34298, -1.24134], [31.34053, -1.24533], [31.30548, -1.24654], [31.31078, -1.26144], [31.30435, -1.26411], [31.29056, -1.26039], [31.2938, -1.2491], [31.28107, -1.25441], [31.26867, -1.23409], [31.25998, -1.23877], [31.26123, -1.22252], [31.24543, -1.229], [31.23089, -1.21113], [31.22196, -1.21515], [31.21833, -1.20697], [31.18984, -1.19479], [31.18823, -1.18744], [31.162, -1.19753], [31.13226, -1.19166], [31.12769, -1.18463], [31.10563, -1.18504], [31.07413, -1.20244], [31.08238, -1.2097], [31.06983, -1.21412], [31.04671, -1.21068], [31.01597, -1.1779], [31.01768, -1.17188], [31.00373, -1.15334], [30.99503, -1.11864], [30.98343, -1.10434], [30.95273, -1.08794], [30.94303, -1.07764], [30.93756, -1.05541], [30.90473, -1.02424], [30.86083, -1.01854], [30.79815, -0.99626], [31.79138, -0.9976], [31.76946, -1.02846], [31.77764, -1.06304], [31.76768, -1.09185]]]}}, {"type": "Feature", "properties": {"shapeID": "72390352B90711717616381", "shapeName": "Muleba"}, "geometry": {"type": "MultiPolygon", "coordinates": [[[[32.61641, -1.47295], [32.60412, -1.47182], [32.6163, -1.45917], [32.61641, -1.47295]]], [[[32.12314, -1.45441], [32.11969, -1.46531], [32.12677, -1.46077], [32.12396, -1.47133], [32.10018, -1.49266], [32.09885, -1.48335], [32.1103, -1.47802], [32.11066, -1.47067], [32.13365, -1.43927], [32.13324, -1.45281], [32.12314, -1.45441]]], [[[32.00365, -1.50136], [32.00722, -1.49936], [32.00477, -1.50302], [32.00365, -1.50136]]], [[[31.97943, -1.50393], [31.99105, -1.49559], [31.99197, -1.498], [31.97943, -1.50393]]], [[[31.98496, -1.51078], [31.98887, -1.50856], [31.98745, -1.51007], [31.98496, -1.51078]]], [[[31.9512, -1.67801], [31.94808, -1.68011], [31.94708, -1.67676], [31.9512, -1.67801]]], [[[31.93854, -1.66018], [31.94301, -1.65417], [31.94461, -1.65609], [31.93854, -1.66018]]], [[[31.91049, -1.62153], [31.93434, -1.65304], [31.91522, -1.63948], [31.91204, -1.63066], [31.90115, -1.62736], [31.90549, -1.61992], [31.91049, -1.62153]]], [[[31.91048, -1.53254], [31.90709, -1.54196], [31.89646, -1.55475], [31.8941, -1.5478], [31.90673, -1.5302], [31.91048, -1.53254]]], [[[31.89999, -1.61345], [31.89307, -1.63744], [31.9051, -1.64255], [31.90675, -1.66305], [31.89334, -1.67676], [31.89044, -1.68864], [31.87432, -1.70081], [31.86757, -1.73716], [31.86125, -1.74963], [31.85192, -1.75372], [31.84349, -1.74653], [31.85098, -1.7413], [31.8458, -1.73197], [31.85241, -1.72693], [31.85784, -1.73388], [31.86463, -1.72224], [31.86334, -1.70834], [31.85219, -1.70175], [31.85007, -1.69402], [31.85438, -1.68927], [31.86831, -1.6897], [31.8619, -1.67382], [31.87852, -1.6595], [31.86176, -1.65164], [31.87459, -1.64621], [31.86155, -1.6345], [31.85791, -1.61128], [31.87714, -1.6145], [31.88654, -1.60007], [31.89178, -1.61142], [31.89999, -1.61345]]], [[[31.87236, -1.58071], [31.87125, -1.59259], [31.85064, -1.58537], [31.85025, -1.57111], [31.87236, -1.58071]]], [[[31.8402, -1.78586], [31.82696, -1.79445], [31.82593, -1.81583], [31.81304, -1.82629], [31.80548, -1.81698], [31.80898, -1.80847], [31.82276, -1.79315], [31.82622, -1.78001], [31.83485, -1.77525], [31.83295, -1.76902], [31.82587, -1.77075], [31.82557, -1.76202], [31.83518, -1.75703], [31.84672, -1.76386], [31.8402, -1.78586]]], [[[31.835, -1.96264], [31.83507, -1.97492], [31.81917, -1.97356], [31.80722, -1.95637], [31.81534, -1.94497], [31.82517, -1.94791], [31.835, -1.96264]]], [[[31.79523, -2.1373], [31.81801, -2.12095], [31.82353, -2.14229], [31.81307, -2.13887], [31.78107, -2.15967], [31.77692, -2.15388], [31.76386, -2.15304], [31.75825, -2.14433], [31.75409, -2.149], [31.74472, -2.11757], [31.7606, -2.07246], [31.7628, -2.08503], [31.75441, -2.10886], [31.76062, -2.12051], [31.79523, -2.1373]]], [[[31.82298, -2.15537], [31.82015, -2.14518], [31.82236, -2.14483], [31.82298, -2.15537]]], [[[31.79909, -1.99806], [31.79431, -1.99443], [31.80079, -1.98932], [31.79909, -1.99806]]], [[[31.80298, -1.9781], [31.7948, -1.99087], [31.78942, -1.99074], [31.78467, -1.98117], [31.76968, -1.98076], [31.76817, -1.97249], [31.78465, -1.97137], [31.80298, -1.9781]]], [[[31.79342, -1.83236], [31.79053, -1.83102], [31.80066, -1.82287], [31.79342, -1.83236]]], [[[31.79249, -2.01769], [31.78163, -2.02393], [31.77746, -2.00503], [31.78987, -1.99405], [31.79249, -2.01769]]], [[[31.79222, -1.94716], [31.7877, -1.9505], [31.77699, -1.93275], [31.79222, -1.94716]]], [[[31.77531, -2.04535], [31.77118, -2.05247], [31.77186, -2.04156], [31.78297, -2.03471], [31.77531, -2.04535]]], [[[31.77929, -1.96169], [31.77338, -1.96218], [31.7705, -1.95219], [31.77864, -1.94712], [31.77929, -1.96169]]], [[[31.76909, -2.02694], [31.75647, -2.02603], [31.77251, -2.01273], [31.76909, -2.02694]]], [[[31.768, -1.99544], [31.76409, -2.0011], [31.76056, -1.99633], [31.76512, -1.99108], [31.768, -1.99544]]], [[[31.65509, -2.33639], [31.6402, -2.36454], [31.63969, -2.37693], [31.64989, -2.37459], [31.65568, -2.38836], [31.61363, -2.40675], [31.60806, -2.40421], [31.61557, -2.37249], [31.6085, -2.35983], [31.5161, -2.26875], [31.46656, -2.26491], [31.44708, -2.24978], [31.42498, -2.25588], [31.39009, -2.2437], [31.36461, -2.24505], [31.30525, -2.21529], [31.30682, -2.18605], [31.31452, -2.17691], [31.33745, -2.18777], [31.32279, -2.16368], [31.33289, -2.14413], [31.32671, -2.13442], [31.33389, -2.13088], [31.3235, -2.11663], [31.32283, -2.09371], [31.30732, -2.06937], [31.32431, -2.01691], [31.32181, -2.0042], [31.35614, -1.95696], [31.35971, -1.93789], [31.33774, -1.90925], [31.32112, -1.89961], [31.22213, -1.86086], [31.21698, -1.85222], [31.22166, -1.83321], [31.21628, -1.81987], [31.19103, -1.79391], [31.18763, -1.75958], [31.21653, -1.67982], [31.23365, -1.65957], [31.25673, -1.64998], [31.25256, -1.62866], [31.26699, -1.62421], [31.27702, -1.60545], [31.31177, -1.59456], [31.32743, -1.60108], [31.37235, -1.66768], [31.4351, -1.69161], [31.49884, -1.70237], [31.51107, -1.69725], [31.52688, -1.67866], [31.52801, -1.66014], [31.53834, -1.65191], [31.5442, -1.61476], [31.57418, -1.58588], [31.58529, -1.58238], [31.58485, -1.56206], [31.60177, -1.56207], [31.62303, -1.51997], [31.6578, -1.52902], [31.66813, -1.52271], [31.67228, -1.49134], [31.69661, -1.49437], [31.72214, -1.51065], [31.74845, -1.51135], [31.75338, -1.55884], [31.74361, -1.57047], [31.75249, -1.57989], [31.75036, -1.59163], [31.75677, -1.60358], [31.74339, -1.62412], [31.74291, -1.63966], [31.72734, -1.65023], [31.7282, -1.67743], [31.72079, -1.69239], [31.72559, -1.72099], [31.70387, -1.76939], [31.69847, -1.79545], [31.69973, -1.84476], [31.68743, -1.86544], [31.68803, -1.89216], [31.65444, -1.9281], [31.64438, -1.95029], [31.62559, -1.95944], [31.61179, -1.99834], [31.60932, -2.02116], [31.61238, -2.03988], [31.61991, -2.04893], [31.60645, -2.06667], [31.60158, -2.0807], [31.60603, -2.08665], [31.616, -2.0807], [31.62337, -2.08494], [31.63464, -2.03903], [31.64391, -2.03583], [31.65217, -2.04219], [31.66592, -2.04128], [31.66561, -2.03472], [31.67411, -2.03317], [31.68917, -2.01127], [31.70748, -2.00403], [31.70973, -2.00818], [31.68915, -2.05869], [31.69212, -2.07261], [31.70042, -2.07531], [31.69216, -2.11344], [31.68378, -2.11976], [31.67267, -2.11663], [31.69821, -2.13958], [31.68396, -2.1673], [31.6831, -2.18344], [31.68912, -2.19073], [31.67291, -2.20266], [31.67914, -2.2199], [31.67063, -2.22498], [31.66721, -2.24052], [31.65798, -2.24753], [31.66233, -2.2845], [31.67262, -2.30539], [31.66479, -2.33132], [31.65509, -2.33639]]], [[[31.73686, -2.18492], [31.73524, -2.19093], [31.72543, -2.1815], [31.72795, -2.17699], [31.73686, -2.18492]]], [[[31.68655, -2.27584], [31.6951, -2.27225], [31.69616, -2.26231], [31.7014, -2.26311], [31.69432, -2.28132], [31.68655, -2.27584]]]]}}, {"type": "Feature", "properties": {"shapeID": "72390352B68533256720623", "shapeName": "Ngara"}, "geometry": {"type": "Polygon", "coordinates": [[[31.06551, -2.26204], [31.04011, -2.30321], [31.00441, -2.34633], [30.98877, -2.38762], [30.96683, -2.41856], [30.95634, -2.45715], [30.93761, -2.48183], [30.93295, -2.50283], [30.91836, -2.51889], [30.89617, -2.56418], [30.8675, -2.57246], [30.85648, -2.58195], [30.84348, -2.58029], [30.83258, -2.61997], [30.82172, -2.63742], [30.81038, -2.64434], [30.80593, -2.66987], [30.79924, -2.67718], [30.8186, -2.69622], [30.81408, -2.71252], [30.82061, -2.73474], [30.84227, -2.7543], [30.83889, -2.76379], [30.8658, -2.77653], [30.87304, -2.79813], [30.90577, -2.80841], [30.9354, -2.8015], [30.96202, -2.83001], [30.9845, -2.83574], [30.97938, -2.84356], [30.95978, -2.85356], [30.94154, -2.87513], [30.91819, -2.88864], [30.89328, -2.92036], [30.87768, -2.92846], [30.85168, -2.96516], [30.84963, -2.97732], [30.83182, -2.97567], [30.7727, -2.99385], [30.74398, -2.99725], [30.72553, -2.98989], [30.70425, -2.97031], [30.66766, -2.99096], [30.64705, -2.97079], [30.64545, -2.9503], [30.62003, -2.92472], [30.59839, -2.919], [30.57485, -2.89135], [30.56536, -2.89393], [30.5382, -2.93144], [30.532, -2.92882], [30.50514, -2.95119], [30.48175, -2.94332], [30.47073, -2.92467], [30.45688, -2.92078], [30.46155, -2.91502], [30.4561, -2.90717], [30.44831, -2.91093], [30.43606, -2.90088], [30.43332, -2.87235], [30.41067, -2.86756], [30.41107, -2.8521], [30.4238, -2.82906], [30.42585, -2.81932], [30.42087, -2.81704], [30.44064, -2.79212], [30.44506, -2.76675], [30.43486, -2.75389], [30.44025, -2.7502], [30.43886, -2.74336], [30.46277, -2.73328], [30.46454, -2.71723], [30.47458, -2.71339], [30.48259, -2.7204], [30.50337, -2.69493], [30.50742, -2.69732], [30.50665, -2.69138], [30.51612, -2.6896], [30.52361, -2.67845], [30.52622, -2.6553], [30.51133, -2.65474], [30.45868, -2.68996], [30.44311, -2.67748], [30.43072, -2.67848], [30.41843, -2.65889], [30.48313, -2.5559], [30.48187, -2.52611], [30.49508, -2.52022], [30.5088, -2.46524], [30.53953, -2.40681], [30.56852, -2.41205], [30.60738, -2.39214], [30.62392, -2.39282], [30.65674, -2.40694], [30.68176, -2.38617], [30.69522, -2.36058], [30.71566, -2.35314], [30.73834, -2.37172], [30.76112, -2.37936], [30.76609, -2.38747], [30.77683, -2.38556], [30.79549, -2.36284], [30.81092, -2.36034], [30.82816, -2.33654], [30.82323, -2.31042], [30.82529, -2.25721], [31.06362, -2.25599], [31.06551, -2.26204]]]}}, {"type": "Feature", "properties": {"shapeID": "72390352B10041948883658", "shapeName": "Micheweni"}, "geometry": {"type": "Polygon", "coordinates": [[[39.82241, -5.04796], [39.8066, -5.03553], [39.75774, -5.04572], [39.72556, -5.04462], [39.73264, -5.01379], [39.72092, -5.00603], [39.72704, -4.99461], [39.72403, -4.98573], [39.71265, -4.9847], [39.70892, -4.97434], [39.70264, -4.97662], [39.69405, -4.97002], [39.69459, -4.96373], [39.68975, -4.96651], [39.68301, -4.94739], [39.68644, -4.961], [39.67385, -4.95751], [39.67671, -4.87729], [39.6831, -4.86438], [39.69242, -4.89905], [39.70313, -4.90922], [39.72381, -4.9112], [39.72032, -4.9149], [39.72145, -4.92308], [39.72736, -4.90301], [39.74773, -4.90987], [39.7679, -4.92953], [39.77542, -4.93211], [39.78418, -4.92568], [39.7986, -4.95964], [39.80788, -4.96769], [39.80343, -4.97169], [39.8142, -4.96885], [39.81305, -4.98219], [39.82056, -4.986], [39.82498, -5.00192], [39.83007, -4.98223], [39.82176, -4.98023], [39.81646, -4.9654], [39.82658, -4.94733], [39.8176, -4.95199], [39.81123, -4.93733], [39.81548, -4.92699], [39.84384, -4.9448], [39.83601, -4.96971], [39.82883, -4.96803], [39.83252, -4.97428], [39.85261, -4.96189], [39.8556, -4.94809], [39.84929, -4.92366], [39.86144, -4.90706], [39.86292, -4.88796], [39.86911, -4.88985], [39.8741, -4.90441], [39.8762, -4.98266], [39.8714, -5.01186], [39.86358, -5.0252], [39.85627, -5.01376], [39.84905, -5.01501], [39.84842, -5.00693], [39.84226, -5.01482], [39.83997, -5.00788], [39.8329, -5.01466], [39.84027, -5.02825], [39.83634, -5.04878], [39.82241, -5.04796]]]}}, {"type": "Feature", "properties": {"shapeID": "72390352B34611789685005", "shapeName": "Wete"}, "geometry": {"type": "MultiPolygon", "coordinates": [[[[39.86294, -5.06736], [39.87291, -5.06799], [39.86502, -5.10621], [39.83461, -5.10487], [39.85684, -5.07926], [39.85581, -5.06862], [39.85091, -5.06938], [39.85558, -5.06198], [39.84782, -5.06002], [39.8597, -5.04059], [39.86294, -5.06736]]], [[[39.72403, -4.98573], [39.72704, -4.99461], [39.72092, -5.00603], [39.73264, -5.01379], [39.72556, -5.04462], [39.75774, -5.04572], [39.8066, -5.03553], [39.82241, -5.04796], [39.8342, -5.04608], [39.83091, -5.06442], [39.83526, -5.07622], [39.82917, -5.07756], [39.83796, -5.08147], [39.83108, -5.09156], [39.82526, -5.09141], [39.83131, -5.09481], [39.82646, -5.10604], [39.8238, -5.10458], [39.82056, -5.10497], [39.83188, -5.1128], [39.83011, -5.12596], [39.82042, -5.1372], [39.82713, -5.13919], [39.82424, -5.14676], [39.83769, -5.14726], [39.8449, -5.13957], [39.841, -5.137], [39.84549, -5.10874], [39.86378, -5.11452], [39.86244, -5.15887], [39.85819, -5.17238], [39.84672, -5.17914], [39.85492, -5.18076], [39.85569, -5.19182], [39.81943, -5.19329], [39.81557, -5.20082], [39.79209, -5.20861], [39.78913, -5.16299], [39.76529, -5.15853], [39.73607, -5.17534], [39.74441, -5.16054], [39.74004, -5.15285], [39.74595, -5.15134], [39.74752, -5.14789], [39.75048, -5.14816], [39.75129, -5.14499], [39.74941, -5.14376], [39.74501, -5.15084], [39.73525, -5.14909], [39.72346, -5.1672], [39.71084, -5.17438], [39.71727, -5.1545], [39.69548, -5.1396], [39.69779, -5.13374], [39.68632, -5.13602], [39.6838, -5.12154], [39.70085, -5.11622], [39.68548, -5.10348], [39.69571, -5.09275], [39.6942, -5.08239], [39.70047, -5.07955], [39.70093, -5.0696], [39.70582, -5.07488], [39.71031, -5.06943], [39.71001, -5.0767], [39.72967, -5.07374], [39.74096, -5.08109], [39.73356, -5.07191], [39.72148, -5.0705], [39.7148, -5.05728], [39.70574, -5.05857], [39.71183, -5.05488], [39.71239, -5.05209], [39.70607, -5.05625], [39.69813, -5.05278], [39.70067, -5.04291], [39.69544, -5.0462], [39.69714, -5.0535], [39.67073, -5.04164], [39.67725, -5.04367], [39.68489, -5.02987], [39.68722, -5.03495], [39.69498, -5.03139], [39.69599, -5.01565], [39.68533, -5.00725], [39.69112, -5.00391], [39.69128, -5.00161], [39.67949, -5.00456], [39.67647, -4.98344], [39.68894, -4.98242], [39.69754, -4.97478], [39.69875, -4.98132], [39.71074, -4.97923], [39.71265, -4.9847], [39.72403, -4.98573]]], [[[39.67661, -5.14043], [39.67133, -5.13674], [39.67888, -5.13373], [39.67661, -5.14043]]], [[[39.66882, -5.13957], [39.65714, -5.14917], [39.6606, -5.13237], [39.66882, -5.13957]]], [[[39.64387, -5.07476], [39.64514, -5.08748], [39.63545, -5.09344], [39.63352, -5.0823], [39.64873, -5.0276], [39.65925, -5.00762], [39.66455, -5.00805], [39.64387, -5.07476]]], [[[39.64027, -5.15179], [39.63755, -5.15408], [39.63822, -5.13865], [39.647, -5.13304], [39.64027, -5.15179]]], [[[39.63633, -5.11119], [39.64589, -5.11407], [39.63359, -5.12785], [39.63691, -5.11642], [39.63009, -5.10632], [39.63395, -5.0953], [39.63633, -5.11119]]]]}}, {"type": "Feature", "properties": {"shapeID": "72390352B77186952625716", "shapeName": "Kaskazini A"}, "geometry": {"type": "MultiPolygon", "coordinates": [[[[39.3815, -5.82137], [39.38511, -5.8184], [39.38557, -5.82188], [39.3815, -5.82137]]], [[[39.33023, -5.96083], [39.31478, -5.97407], [39.31156, -5.99082], [39.30027, -5.99077], [39.30333, -5.96564], [39.28814, -5.96255], [39.29285, -5.93607], [39.28468, -5.93606], [39.28141, -5.9075], [39.2531, -5.90772], [39.22267, -5.89245], [39.23468, -5.88006], [39.27496, -5.86382], [39.28336, -5.83185], [39.28927, -5.82933], [39.29597, -5.79085], [39.28758, -5.75963], [39.29359, -5.72448], [39.30643, -5.72302], [39.35597, -5.79625], [39.36098, -5.82678], [39.35385, -5.88382], [39.35728, -5.91912], [39.36699, -5.94815], [39.33023, -5.96083]]], [[[39.2863, -5.77559], [39.28364, -5.77726], [39.28311, -5.77226], [39.2863, -5.77559]]], [[[39.23723, -5.82073], [39.23289, -5.82121], [39.23387, -5.8143], [39.22903, -5.82087], [39.23764, -5.85365], [39.21662, -5.85947], [39.21152, -5.84535], [39.22063, -5.76606], [39.22671, -5.77235], [39.22828, -5.801], [39.24021, -5.80931], [39.23723, -5.82073]]], [[[39.22242, -5.76061], [39.21926, -5.76478], [39.21812, -5.76109], [39.22102, -5.75512], [39.22242, -5.76061]]]]}}, {"type": "Feature", "properties": {"shapeID": "72390352B15073652071238", "shapeName": "Kaskazini B"}, "geometry": {"type": "Polygon", "coordinates": [[[39.2531, -5.90772], [39.28141, -5.9075], [39.28468, -5.93606], [39.29285, -5.93607], [39.28814, -5.96255], [39.30333, -5.96564], [39.30027, -5.99077], [39.31156, -5.99082], [39.31478, -5.97407], [39.33023, -5.96083], [39.36699, -5.94815], [39.38399, -6.00249], [39.40121, -6.02161], [39.32966, -6.03494], [39.29502, -6.0266], [39.27116, -6.02728], [39.24082, -6.03836], [39.20424, -6.03545], [39.18417, -5.99386], [39.18381, -5.90899], [39.19435, -5.89604], [39.19996, -5.90006], [39.19835, -5.91345], [39.20734, -5.93804], [39.20626, -5.91877], [39.22096, -5.90529], [39.22267, -5.89245], [39.2531, -5.90772]]]}}, {"type": "Feature", "properties": {"shapeID": "72390352B12905062635487", "shapeName": "Mlele"}, "geometry": {"type": "Polygon", "coordinates": [[[31.91115, -5.73714], [31.92191, -5.75087], [31.93508, -5.74456], [31.96005, -5.7517], [31.96849, -5.74328], [31.97829, -5.75454], [32.00308, -5.75646], [32.00821, -5.7635], [32.02506, -5.76259], [32.02879, -5.76728], [32.03231, -5.78386], [32.02786, -5.79251], [32.04393, -5.82264], [32.05323, -5.83084], [32.06273, -5.82824], [32.07153, -5.83354], [32.08463, -5.85194], [32.08883, -5.86834], [32.08383, -5.90524], [32.09073, -5.91134], [32.08293, -5.91684], [32.09313, -5.92814], [32.09143, -5.94904], [32.11323, -5.95574], [32.11353, -5.97644], [32.12124, -5.98123], [32.11143, -5.99424], [32.13232, -6.00636], [32.13379, -6.02583], [32.14895, -6.02941], [32.1391, -6.03822], [32.14821, -6.04078], [32.15474, -6.05858], [32.16919, -6.06654], [32.16254, -6.08045], [32.17067, -6.08366], [32.16628, -6.10355], [32.17952, -6.10814], [32.17539, -6.11168], [32.1877, -6.12744], [32.17952, -6.14413], [32.18325, -6.14944], [32.18955, -6.14649], [32.19014, -6.15682], [32.2007, -6.16156], [32.19902, -6.1695], [32.20944, -6.18814], [32.22171, -6.19576], [32.24004, -6.19669], [32.24708, -6.21317], [32.25813, -6.22061], [32.26877, -6.21705], [32.29146, -6.23982], [32.30173, -6.23784], [32.30332, -6.22895], [32.31564, -6.22873], [32.31513, -6.23474], [32.33474, -6.22585], [32.35653, -6.23344], [32.3628, -6.24568], [32.4031, -6.26149], [32.40792, -6.27504], [32.4315, -6.29225], [32.43473, -6.28934], [32.44182, -6.30223], [32.47673, -6.30914], [32.47846, -6.30247], [32.49973, -6.30264], [32.5119, -6.31421], [32.54726, -6.30947], [32.55257, -6.31726], [32.5754, -6.32133], [32.59262, -6.33568], [32.61783, -6.32774], [32.64515, -6.32968], [32.64878, -6.33829], [32.65562, -6.33881], [32.66354, -6.36058], [32.68293, -6.36903], [32.69197, -6.38554], [32.70128, -6.3915], [32.72359, -6.38993], [32.75355, -6.40693], [32.75881, -6.61583], [32.75497, -6.73668], [32.7502, -6.7366], [32.74667, -6.75833], [32.74541, -6.99768], [32.58347, -7.00054], [32.57562, -7.03303], [32.58955, -7.07271], [32.58153, -7.09019], [32.55583, -7.10262], [32.54613, -7.11601], [32.53153, -7.11384], [32.52546, -7.12464], [32.487, -7.13184], [32.48946, -7.1507], [32.47693, -7.15103], [32.46358, -7.14332], [32.45445, -7.14822], [32.40208, -7.18995], [32.36964, -7.20141], [32.32461, -7.22956], [32.31916, -7.24052], [32.27895, -7.26956], [32.26732, -7.36299], [32.21042, -7.46221], [32.2095, -7.47469], [32.2002, -7.48188], [32.19021, -7.51623], [32.14855, -7.515], [32.12658, -7.5389], [32.1105, -7.51518], [32.09826, -7.51039], [32.08947, -7.51874], [32.08242, -7.56223], [32.06032, -7.58227], [32.04244, -7.61191], [31.93668, -7.53131], [31.88985, -7.4877], [31.87316, -7.46298], [31.83193, -7.4338], [31.79568, -7.42013], [31.79243, -7.43435], [31.80005, -7.43982], [31.79369, -7.43798], [31.7933, -7.44869], [31.77425, -7.44029], [31.75715, -7.44423], [31.75002, -7.46017], [31.72878, -7.48279], [31.72899, -7.48968], [31.71487, -7.50149], [31.61205, -7.52047], [31.58699, -7.54297], [31.58744, -7.55003], [31.57093, -7.55327], [31.57052, -7.58239], [31.53957, -7.56679], [31.52411, -7.52912], [31.51105, -7.52807], [31.49152, -7.50845], [31.48517, -7.48698], [31.4864, -7.46007], [31.49304, -7.44833], [31.48574, -7.44784], [31.47602, -7.40807], [31.43061, -7.42153], [31.42929, -7.46644], [31.37529, -7.47074], [31.35382, -7.42599], [31.33926, -7.35064], [31.34678, -7.25235], [31.34076, -7.24583], [31.32264, -7.24588], [31.30669, -7.23183], [31.28396, -7.22858], [31.25969, -7.21251], [31.23159, -7.21667], [31.18232, -7.20858], [31.16113, -7.21774], [31.1427, -7.19413], [31.14665, -7.17471], [31.0795, -7.12713], [31.04527, -7.11393], [30.98977, -7.11416], [30.95448, -7.07671], [30.9532, -7.06324], [30.96923, -6.9995], [30.9695, -6.96532], [30.94887, -6.94], [30.93596, -6.93713], [30.93542, -6.87158], [30.92625, -6.81958], [30.97682, -6.75461], [30.96971, -6.74201], [30.98167, -6.72434], [30.97687, -6.71997], [30.97954, -6.70718], [30.98748, -6.70691], [30.99605, -6.68891], [30.97799, -6.64654], [30.97092, -6.64728], [30.97581, -6.63035], [30.96042, -6.61057], [30.96656, -6.59902], [30.96002, -6.58327], [30.96659, -6.56354], [30.96068, -6.54794], [30.97097, -6.52105], [30.96091, -6.49822], [30.94841, -6.48701], [30.94531, -6.45967], [30.97623, -6.45581], [30.9803, -6.46265], [31.00258, -6.42104], [31.00879, -6.41497], [31.02235, -6.41538], [31.03682, -6.39241], [31.05164, -6.39401], [31.06483, -6.41125], [31.10631, -6.3923], [31.1159, -6.38223], [31.11394, -6.3703], [31.10328, -6.35915], [31.12979, -6.35087], [31.1312, -6.33895], [31.10997, -6.27544], [31.0813, -6.3012], [31.0684, -6.29541], [31.04778, -6.31714], [31.03751, -6.30436], [31.04145, -6.29645], [31.03353, -6.27139], [31.0522, -6.25988], [31.04548, -6.24357], [31.05461, -6.22057], [31.0473, -6.1993], [31.02268, -6.16773], [30.96129, -6.12712], [30.95175, -6.11204], [30.94965, -6.09371], [30.97377, -6.03524], [30.98757, -5.92885], [31.00772, -5.91242], [31.02669, -5.87889], [31.04356, -5.86522], [31.04493, -5.85016], [31.03263, -5.83291], [31.04291, -5.81478], [31.05943, -5.80347], [31.06773, -5.78387], [31.06833, -5.76769], [31.05474, -5.7391], [31.0717, -5.7201], [31.07003, -5.70852], [31.08231, -5.6839], [31.08308, -5.64702], [31.07775, -5.64014], [31.08649, -5.60711], [31.10599, -5.61621], [31.12027, -5.63949], [31.13877, -5.64477], [31.14243, -5.65031], [31.13798, -5.67034], [31.15681, -5.67829], [31.15756, -5.68313], [31.14025, -5.69884], [31.15433, -5.71227], [31.15771, -5.72493], [31.15799, -5.74328], [31.14417, -5.75978], [31.14572, -5.76646], [31.1689, -5.76212], [31.19871, -5.73797], [31.2153, -5.75386], [31.22919, -5.75466], [31.23946, -5.7439], [31.25302, -5.78373], [31.28225, -5.80508], [31.29637, -5.80178], [31.30932, -5.78258], [31.35926, -5.79696], [31.38006, -5.7928], [31.41785, -5.82638], [31.47864, -5.82444], [31.49124, -5.83317], [31.48679, -5.8263], [31.49286, -5.81815], [31.51152, -5.82795], [31.51206, -5.82321], [31.51942, -5.82428], [31.5234, -5.81375], [31.5521, -5.80513], [31.55734, -5.81199], [31.56446, -5.80859], [31.58386, -5.83394], [31.59229, -5.83185], [31.59706, -5.81974], [31.61363, -5.82057], [31.61649, -5.83692], [31.62438, -5.8372], [31.63521, -5.82062], [31.66124, -5.82727], [31.67812, -5.81255], [31.68626, -5.8189], [31.7021, -5.796], [31.69817, -5.78809], [31.7045, -5.78151], [31.71817, -5.78813], [31.71951, -5.77918], [31.73347, -5.76998], [31.7335, -5.7597], [31.74665, -5.76158], [31.76746, -5.75055], [31.77698, -5.72659], [31.79094, -5.71871], [31.79382, -5.72504], [31.80119, -5.72427], [31.79884, -5.71846], [31.82648, -5.71246], [31.82278, -5.7201], [31.83146, -5.71827], [31.83592, -5.72856], [31.88485, -5.73024], [31.89011, -5.73446], [31.88746, -5.73947], [31.89706, -5.74291], [31.91115, -5.73714]]]}}, {"type": "Feature", "properties": {"shapeID": "72390352B28587760392267", "shapeName": "Mpanda"}, "geometry": {"type": "Polygon", "coordinates": [[[30.96659, -6.56354], [30.96002, -6.58327], [30.96656, -6.59902], [30.96042, -6.61057], [30.97581, -6.63035], [30.97092, -6.64728], [30.97799, -6.64654], [30.99605, -6.68891], [30.98748, -6.70691], [30.97954, -6.70718], [30.97687, -6.71997], [30.98167, -6.72434], [30.96971, -6.74201], [30.97682, -6.75461], [30.92625, -6.81958], [30.93542, -6.87158], [30.93596, -6.93713], [30.85039, -6.91808], [30.78675, -6.91299], [30.75044, -6.89865], [30.68294, -6.88482], [30.61491, -6.89096], [30.55022, -6.90811], [30.50307, -6.91293], [30.46235, -6.86681], [30.44338, -6.82628], [30.39737, -6.80106], [30.40719, -6.75114], [30.37644, -6.71956], [30.36926, -6.69368], [30.34856, -6.67221], [30.33757, -6.63601], [30.32184, -6.62344], [30.28198, -6.60885], [30.24507, -6.57068], [30.25742, -6.56545], [30.25634, -6.55], [30.27093, -6.53948], [30.26711, -6.5314], [30.27704, -6.52266], [30.28549, -6.49775], [30.28181, -6.48652], [30.27203, -6.48408], [30.25866, -6.4109], [30.26155, -6.35048], [30.25536, -6.30673], [30.25833, -6.23024], [30.25332, -6.20514], [30.25669, -6.13294], [30.25148, -6.10236], [30.21425, -5.99432], [30.18639, -5.95924], [30.19064, -5.90776], [30.18049, -5.84208], [30.18628, -5.82508], [30.1779, -5.81514], [30.17608, -5.79976], [30.15912, -5.78078], [30.14551, -5.77523], [30.15239, -5.7614], [30.14605, -5.73236], [30.13082, -5.71882], [30.12673, -5.70325], [30.08824, -5.66337], [30.08818, -5.59567], [30.07557, -5.59012], [30.0824, -5.57971], [30.07352, -5.58293], [30.07604, -5.57459], [30.06627, -5.5735], [30.06206, -5.58287], [30.04436, -5.57874], [30.04113, -5.57298], [30.02549, -5.57342], [30.03255, -5.54226], [30.01413, -5.55378], [30.01286, -5.5466], [30.02257, -5.53385], [30.00174, -5.53048], [30.004, -5.52123], [30.03982, -5.49673], [30.04353, -5.4568], [30.013, -5.44099], [29.99347, -5.43802], [29.96999, -5.42106], [29.93381, -5.36331], [29.91488, -5.3469], [29.903, -5.32648], [29.9843, -5.34503], [30.05816, -5.34069], [30.07915, -5.33452], [30.09742, -5.29988], [30.09241, -5.28563], [30.10502, -5.18982], [30.11747, -5.1834], [30.14768, -5.19128], [30.16862, -5.18763], [30.16633, -5.22469], [30.17848, -5.23673], [30.22561, -5.22196], [30.24251, -5.1731], [30.25136, -5.17809], [30.30771, -5.16277], [30.35206, -5.16159], [30.44462, -5.14502], [30.47693, -5.15073], [30.49932, -5.14475], [30.53447, -5.14831], [30.55384, -5.14104], [30.56152, -5.15175], [30.55384, -5.16837], [30.55623, -5.18092], [30.60608, -5.19855], [30.61274, -5.19563], [30.61975, -5.17489], [30.63288, -5.16495], [30.65613, -5.16494], [30.65824, -5.15084], [30.67793, -5.13338], [30.70254, -5.13719], [30.71363, -5.1769], [30.72241, -5.18085], [30.72939, -5.19714], [30.74266, -5.20169], [30.74193, -5.21413], [30.75442, -5.2177], [30.76695, -5.24087], [30.80308, -5.2548], [30.80664, -5.2608], [30.81286, -5.25747], [30.82408, -5.26182], [30.83313, -5.27024], [30.82612, -5.29297], [30.83129, -5.31743], [30.84346, -5.32514], [30.85854, -5.31824], [30.86355, -5.3209], [30.87458, -5.30991], [30.90897, -5.31265], [30.91254, -5.29635], [30.97477, -5.28852], [31.00041, -5.2597], [31.03625, -5.25567], [31.01795, -5.2474], [31.02518, -5.24371], [31.0439, -5.2422], [31.04504, -5.25257], [31.06688, -5.25244], [31.13566, -5.27298], [31.18186, -5.27894], [31.18413, -5.43253], [31.14724, -5.45798], [31.10305, -5.46575], [31.08171, -5.47938], [31.06614, -5.49672], [31.07054, -5.51887], [31.03889, -5.55012], [31.04957, -5.5794], [31.08649, -5.60711], [31.07775, -5.64014], [31.08308, -5.64702], [31.08231, -5.6839], [31.07003, -5.70852], [31.0717, -5.7201], [31.05474, -5.7391], [31.06833, -5.76769], [31.06773, -5.78387], [31.05943, -5.80347], [31.04291, -5.81478], [31.03263, -5.83291], [31.04493, -5.85016], [31.04356, -5.86522], [31.02669, -5.87889], [31.00772, -5.91242], [30.98757, -5.92885], [30.97377, -6.03524], [30.94965, -6.09371], [30.95175, -6.11204], [30.96129, -6.12712], [31.02268, -6.16773], [31.0473, -6.1993], [31.05461, -6.22057], [31.04548, -6.24357], [31.0522, -6.25988], [31.03353, -6.27139], [31.04145, -6.29645], [31.03751, -6.30436], [31.04778, -6.31714], [31.03926, -6.32066], [31.0248, -6.34098], [31.01086, -6.33238], [30.98144, -6.3316], [30.96631, -6.35146], [30.97478, -6.38381], [30.9567, -6.39946], [30.92106, -6.41719], [30.88834, -6.42013], [30.87208, -6.43977], [30.84671, -6.49579], [30.85624, -6.49496], [30.86355, -6.50964], [30.92645, -6.5379], [30.94964, -6.53642], [30.96266, -6.54272], [30.96659, -6.56354]]]}}, {"type": "Feature", "properties": {"shapeID": "72390352B31642859672055", "shapeName": "Mpanda Urban"}, "geometry": {"type": "Polygon", "coordinates": [[[31.0684, -6.29541], [31.0813, -6.3012], [31.10997, -6.27544], [31.1312, -6.33895], [31.12979, -6.35087], [31.10328, -6.35915], [31.11394, -6.3703], [31.1159, -6.38223], [31.10631, -6.3923], [31.06483, -6.41125], [31.05164, -6.39401], [31.03682, -6.39241], [31.02235, -6.41538], [31.00879, -6.41497], [31.00258, -6.42104], [30.9803, -6.46265], [30.97623, -6.45581], [30.94531, -6.45967], [30.94841, -6.48701], [30.97027, -6.51457], [30.96266, -6.54272], [30.94964, -6.53642], [30.92645, -6.5379], [30.86355, -6.50964], [30.85624, -6.49496], [30.84671, -6.49579], [30.87208, -6.43977], [30.88834, -6.42013], [30.92106, -6.41719], [30.9567, -6.39946], [30.97478, -6.38381], [30.96631, -6.35146], [30.98144, -6.3316], [31.01086, -6.33238], [31.0248, -6.34098], [31.03926, -6.32066], [31.0684, -6.29541]]]}}, {"type": "Feature", "properties": {"shapeID": "72390352B43433883631580", "shapeName": "Buhigwe"}, "geometry": {"type": "Polygon", "coordinates": [[[30.12653, -4.41114], [30.11509, -4.40769], [30.09709, -4.41235], [30.08713, -4.40769], [30.07981, -4.42736], [30.0592, -4.45501], [30.05889, -4.46978], [30.03046, -4.46374], [30.01209, -4.47852], [30.00183, -4.49565], [30.00014, -4.51813], [29.9911, -4.52567], [29.98422, -4.55614], [29.97815, -4.55442], [29.97231, -4.53614], [29.96206, -4.53633], [29.9625, -4.56661], [29.9545, -4.5668], [29.94601, -4.57738], [29.92489, -4.57923], [29.93169, -4.598], [29.92398, -4.60938], [29.9215, -4.63659], [29.92012, -4.69594], [29.93041, -4.74498], [29.92665, -4.7544], [29.91022, -4.76467], [29.89714, -4.78333], [29.89271, -4.81607], [29.87781, -4.8184], [29.87205, -4.82673], [29.86595, -4.82279], [29.85525, -4.82966], [29.83381, -4.82355], [29.82022, -4.83772], [29.80136, -4.83671], [29.80012, -4.82326], [29.81013, -4.82462], [29.7968, -4.80993], [29.81905, -4.80978], [29.81637, -4.79671], [29.82642, -4.79102], [29.83382, -4.79366], [29.83605, -4.78022], [29.8198, -4.77819], [29.81908, -4.76964], [29.82179, -4.75873], [29.83565, -4.75194], [29.83044, -4.74716], [29.83387, -4.74118], [29.82546, -4.73726], [29.83128, -4.72444], [29.82116, -4.71938], [29.82195, -4.70414], [29.79024, -4.68496], [29.77932, -4.66498], [29.77182, -4.60896], [29.75956, -4.58838], [29.76625, -4.57345], [29.76528, -4.53823], [29.76996, -4.52738], [29.79069, -4.51409], [29.7716, -4.50718], [29.77047, -4.49091], [29.7568, -4.48457], [29.75947, -4.46476], [29.76763, -4.45396], [29.76301, -4.44426], [29.76657, -4.42061], [29.79384, -4.40035], [29.81257, -4.36249], [29.82527, -4.35904], [29.84517, -4.36662], [29.85051, -4.37937], [29.86729, -4.38078], [29.87375, -4.37783], [29.87263, -4.36717], [29.88274, -4.3678], [29.88353, -4.35761], [29.89198, -4.34997], [29.89919, -4.35381], [29.90891, -4.34601], [29.91077, -4.34989], [29.9133, -4.34956], [29.94184, -4.33694], [29.95925, -4.32512], [29.9691, -4.30087], [29.98631, -4.29394], [29.99092, -4.2995], [29.99429, -4.29019], [29.99615, -4.29714], [30.0044, -4.29206], [30.00335, -4.27783], [30.01268, -4.28171], [30.01988, -4.27149], [30.02402, -4.27832], [30.03059, -4.27044], [30.04144, -4.27386], [30.04257, -4.25379], [30.05246, -4.25631], [30.05094, -4.24175], [30.0465, -4.24095], [30.05449, -4.2385], [30.05266, -4.22197], [30.06168, -4.19862], [30.06982, -4.19341], [30.0743, -4.1697], [30.08443, -4.15748], [30.11119, -4.1477], [30.11682, -4.13597], [30.12228, -4.13768], [30.1526, -4.11481], [30.16071, -4.17108], [30.16934, -4.19389], [30.16332, -4.22186], [30.19668, -4.23007], [30.21595, -4.27388], [30.2144, -4.28044], [30.18414, -4.30424], [30.16036, -4.30886], [30.1715, -4.34283], [30.16503, -4.35899], [30.15051, -4.37057], [30.148, -4.38262], [30.1534, -4.38998], [30.14734, -4.40403], [30.12653, -4.41114]]]}}, {"type": "Feature", "properties": {"shapeID": "72390352B1364689767312", "shapeName": "Kakonko"}, "geometry": {"type": "Polygon", "coordinates": [[[31.15095, -3.37776], [31.16984, -3.40019], [31.16487, -3.40246], [31.16645, -3.40831], [31.19188, -3.42266], [31.19387, -3.44939], [31.15513, -3.4113], [31.13211, -3.40261], [31.09779, -3.40218], [31.05132, -3.37329], [30.99854, -3.39175], [30.97489, -3.4194], [30.94198, -3.42972], [30.89635, -3.48477], [30.79574, -3.50108], [30.78015, -3.49044], [30.78048, -3.4808], [30.76548, -3.45332], [30.69301, -3.49974], [30.66287, -3.50976], [30.63658, -3.50573], [30.61358, -3.51022], [30.59837, -3.52405], [30.57474, -3.52927], [30.57125, -3.53559], [30.56722, -3.53367], [30.56878, -3.53807], [30.56365, -3.53541], [30.56429, -3.54146], [30.54835, -3.53999], [30.54322, -3.54439], [30.54642, -3.55511], [30.53964, -3.55648], [30.52379, -3.59203], [30.50318, -3.55328], [30.50593, -3.53046], [30.53514, -3.49705], [30.56368, -3.48988], [30.57548, -3.48007], [30.5833, -3.48217], [30.59635, -3.47074], [30.62834, -3.45758], [30.66974, -3.41862], [30.67677, -3.39578], [30.65467, -3.38109], [30.64621, -3.38289], [30.64448, -3.36466], [30.63646, -3.35425], [30.66597, -3.31695], [30.71897, -3.3], [30.72819, -3.28599], [30.72889, -3.27273], [30.74066, -3.26191], [30.74674, -3.28325], [30.75621, -3.28884], [30.79724, -3.27642], [30.80138, -3.26969], [30.84027, -3.25224], [30.81953, -3.23853], [30.811, -3.22058], [30.82112, -3.21086], [30.8459, -3.20458], [30.83733, -3.19122], [30.84495, -3.15871], [30.83289, -3.14161], [30.81773, -3.1455], [30.83174, -3.11948], [30.83523, -3.09445], [30.82925, -3.08214], [30.81374, -3.07989], [30.80193, -3.06633], [30.79634, -3.04938], [30.8111, -3.03921], [30.82481, -3.00855], [30.83683, -2.99713], [30.87768, -2.92846], [30.89328, -2.92036], [30.91819, -2.88864], [30.94154, -2.87513], [30.95978, -2.85356], [30.96771, -2.85269], [30.99002, -2.83106], [31.00814, -2.8281], [31.0261, -2.85066], [31.02893, -2.87045], [31.04891, -2.89302], [31.04898, -2.9213], [31.0578, -2.92707], [31.06567, -2.92385], [31.08097, -2.96823], [31.0746, -2.99878], [31.06647, -3.00748], [31.0725, -3.03249], [31.06418, -3.03636], [31.05007, -3.07336], [31.03995, -3.08086], [31.03509, -3.1012], [31.01408, -3.13106], [31.00908, -3.15646], [30.98808, -3.17941], [30.98908, -3.19046], [31.01318, -3.19771], [31.0077, -3.20857], [31.01636, -3.21372], [31.02848, -3.20806], [31.0352, -3.18525], [31.06628, -3.18076], [31.08608, -3.18616], [31.12099, -3.23204], [31.11528, -3.25036], [31.11981, -3.29111], [31.13588, -3.33916], [31.15255, -3.35964], [31.15095, -3.37776]]]}}, {"type": "Feature", "properties": {"shapeID": "72390352B21750015500578", "shapeName": "Kasulu"}, "geometry": {"type": "Polygon", "coordinates": [[[29.89714, -4.78333], [29.93041, -4.74498], [29.96777, -4.7458], [29.99462, -4.7604], [30.00775, -4.75699], [30.00916, -4.72571], [30.02154, -4.69959], [30.01864, -4.67719], [30.03197, -4.65938], [30.03007, -4.64025], [30.03839, -4.62772], [30.05993, -4.64332], [30.09302, -4.63677], [30.10304, -4.66478], [30.10531, -4.70067], [30.09967, -4.71143], [30.10465, -4.73059], [30.17861, -4.72506], [30.21733, -4.71124], [30.19322, -4.69597], [30.18872, -4.68086], [30.21343, -4.68251], [30.23789, -4.67609], [30.24834, -4.65425], [30.2448, -4.6341], [30.2358, -4.62325], [30.25129, -4.6161], [30.2592, -4.59601], [30.2573, -4.57108], [30.24528, -4.54387], [30.246, -4.51632], [30.23795, -4.502], [30.23243, -4.50297], [30.23163, -4.48228], [30.18086, -4.4548], [30.15553, -4.42716], [30.14734, -4.40403], [30.1534, -4.38998], [30.148, -4.38262], [30.15051, -4.37057], [30.16503, -4.35899], [30.1715, -4.34283], [30.16036, -4.30886], [30.18414, -4.30424], [30.2144, -4.28044], [30.21595, -4.27388], [30.19668, -4.23007], [30.16332, -4.22186], [30.16934, -4.19389], [30.15145, -4.1182], [30.17915, -4.0879], [30.18719, -4.0574], [30.19537, -4.04645], [30.20399, -4.04821], [30.2296, -4.01181], [30.21861, -4.00476], [30.21676, -3.98902], [30.24088, -3.94508], [30.25955, -3.89251], [30.25681, -3.88433], [30.26812, -3.87533], [30.27909, -3.87444], [30.29789, -3.85697], [30.30007, -3.84782], [30.30816, -3.84487], [30.30869, -3.83236], [30.32392, -3.80975], [30.32174, -3.79872], [30.33697, -3.77833], [30.34721, -3.77372], [30.35861, -3.77623], [30.35946, -3.78094], [30.36601, -3.77545], [30.38548, -3.77904], [30.38619, -3.78697], [30.4028, -3.79603], [30.40926, -3.81396], [30.39792, -3.82674], [30.39696, -3.84873], [30.41606, -3.86495], [30.40513, -3.8778], [30.40245, -3.89827], [30.40733, -3.90212], [30.39751, -3.90666], [30.40239, -3.91408], [30.39387, -3.91387], [30.40094, -3.92239], [30.39387, -3.92796], [30.40115, -3.93201], [30.40232, -3.94335], [30.40919, -3.94137], [30.41688, -3.95761], [30.42861, -3.9603], [30.42788, -3.96873], [30.43081, -3.96482], [30.43533, -3.97325], [30.43899, -3.96922], [30.44758, -3.97325], [30.46582, -3.99844], [30.49427, -4.00452], [30.49709, -3.99106], [30.50361, -3.9928], [30.51382, -4.00561], [30.51838, -4.00127], [30.52663, -4.00431], [30.52945, -4.02016], [30.55179, -4.02212], [30.55456, -4.03036], [30.56913, -4.03485], [30.57133, -4.04511], [30.57985, -4.04062], [30.58187, -4.04502], [30.60431, -4.04264], [30.61027, -4.04685], [30.61073, -4.05721], [30.62978, -4.05904], [30.62804, -4.0693], [30.63574, -4.06719], [30.65122, -4.0748], [30.65535, -4.08451], [30.64957, -4.09138], [30.66542, -4.09047], [30.66588, -4.09954], [30.68036, -4.10659], [30.67486, -4.11401], [30.68164, -4.12143], [30.68439, -4.14168], [30.68027, -4.14315], [30.69319, -4.15964], [30.69108, -4.16459], [30.72113, -4.17008], [30.73661, -4.19693], [30.72809, -4.20875], [30.72214, -4.20857], [30.72534, -4.21287], [30.72003, -4.21947], [30.72415, -4.23367], [30.7204, -4.241], [30.74294, -4.24989], [30.73625, -4.25859], [30.74468, -4.26656], [30.74174, -4.28443], [30.72479, -4.29112], [30.72443, -4.29799], [30.72974, -4.29982], [30.72763, -4.31439], [30.70977, -4.32291], [30.71032, -4.34224], [30.70262, -4.33189], [30.68366, -4.34526], [30.68943, -4.36514], [30.68155, -4.38136], [30.6635, -4.36432], [30.65306, -4.3722], [30.6384, -4.37266], [30.64948, -4.39236], [30.66707, -4.40537], [30.65764, -4.42057], [30.65984, -4.43313], [30.63922, -4.43578], [30.63528, -4.42543], [30.62859, -4.43478], [30.63931, -4.44366], [30.62978, -4.45145], [30.63363, -4.45979], [30.65324, -4.45823], [30.65251, -4.47179], [30.63574, -4.48324], [30.65296, -4.50569], [30.63931, -4.50771], [30.63803, -4.5132], [30.65003, -4.51778], [30.65562, -4.5307], [30.6712, -4.534], [30.65086, -4.55819], [30.65635, -4.56992], [30.64508, -4.57267], [30.65324, -4.5789], [30.6559, -4.59154], [30.67798, -4.58091], [30.68943, -4.58742], [30.69474, -4.58485], [30.69181, -4.58119], [30.70052, -4.58522], [30.70033, -4.6117], [30.68595, -4.64184], [30.68696, -4.65329], [30.69987, -4.65531], [30.69575, -4.6794], [30.71014, -4.674], [30.72076, -4.68059], [30.73011, -4.67895], [30.72434, -4.68765], [30.73414, -4.69883], [30.7237, -4.71514], [30.74385, -4.71184], [30.74715, -4.70552], [30.75613, -4.71239], [30.78728, -4.69709], [30.80487, -4.7166], [30.81715, -4.70909], [30.83135, -4.71349], [30.84244, -4.72375], [30.84418, -4.73822], [30.83712, -4.74665], [30.85554, -4.76012], [30.85004, -4.76489], [30.86763, -4.79283], [30.88202, -4.7931], [30.89842, -4.81235], [30.90556, -4.80676], [30.90556, -4.82077], [30.91582, -4.82261], [30.92453, -4.83461], [30.9205, -4.84276], [30.92792, -4.84789], [30.91793, -4.88399], [30.90602, -4.88427], [30.9128, -4.89096], [30.90904, -4.89627], [30.91601, -4.89618], [30.90181, -4.90552], [30.91647, -4.91643], [30.89512, -4.9211], [30.89704, -4.94043], [30.89145, -4.95051], [30.89658, -4.96462], [30.90822, -4.96279], [30.90171, -4.96737], [30.904, -4.97396], [30.91281, -4.9676], [30.91205, -4.98446], [30.90206, -4.98648], [30.90855, -4.99411], [30.90391, -4.99976], [30.89809, -4.9973], [30.89582, -5.01225], [30.89926, -5.07806], [30.85716, -5.09474], [30.82439, -5.09108], [30.83106, -5.0676], [30.82916, -5.0107], [30.81518, -4.95634], [30.77918, -4.92189], [30.74844, -4.90252], [30.70374, -4.88804], [30.56349, -4.88626], [30.5391, -4.89434], [30.51671, -4.89461], [30.47739, -4.91919], [30.45729, -4.92406], [30.42612, -4.89266], [30.42194, -4.86298], [30.38138, -4.87155], [30.33224, -4.89116], [30.30007, -4.91146], [30.25871, -4.91563], [30.21101, -4.99636], [30.18615, -5.02482], [30.17955, -5.04935], [30.17335, -5.04902], [30.12139, -4.98932], [30.06702, -4.95042], [30.02683, -4.90481], [29.99559, -4.89948], [29.97849, -4.90511], [29.95716, -4.89266], [29.93484, -4.88926], [29.9283, -4.84737], [29.91469, -4.85056], [29.91151, -4.82032], [29.89271, -4.81607], [29.89714, -4.78333]]]}}, {"type": "Feature", "properties": {"shapeID": "72390352B60593007856017", "shapeName": "Kasulu Township Authority"}, "geometry": {"type": "Polygon", "coordinates": [[[29.92012, -4.69594], [29.92398, -4.60938], [29.93169, -4.598], [29.92489, -4.57923], [29.94601, -4.57738], [29.9545, -4.5668], [29.9625, -4.56661], [29.96206, -4.53633], [29.97231, -4.53614], [29.97815, -4.55442], [29.98422, -4.55614], [29.9911, -4.52567], [30.00014, -4.51813], [30.00183, -4.49565], [30.01209, -4.47852], [30.03046, -4.46374], [30.05889, -4.46978], [30.0592, -4.45501], [30.07981, -4.42736], [30.08713, -4.40769], [30.09709, -4.41235], [30.11509, -4.40769], [30.12653, -4.41114], [30.14734, -4.40403], [30.15553, -4.42716], [30.18086, -4.4548], [30.23163, -4.48228], [30.23243, -4.50297], [30.23795, -4.502], [30.246, -4.51632], [30.24528, -4.54387], [30.2573, -4.57108], [30.2592, -4.59601], [30.25129, -4.6161], [30.2358, -4.62325], [30.2448, -4.6341], [30.24834, -4.65425], [30.23789, -4.67609], [30.21343, -4.68251], [30.18872, -4.68086], [30.19322, -4.69597], [30.21733, -4.71124], [30.17861, -4.72506], [30.10465, -4.73059], [30.09967, -4.71143], [30.10531, -4.70067], [30.10304, -4.66478], [30.09302, -4.63677], [30.05993, -4.64332], [30.03839, -4.62772], [30.03007, -4.64025], [30.03197, -4.65938], [30.01864, -4.67719], [30.02154, -4.69959], [30.00916, -4.72571], [30.00775, -4.75699], [29.99462, -4.7604], [29.96777, -4.7458], [29.93041, -4.74498], [29.92012, -4.69594]]]}}, {"type": "Feature", "properties": {"shapeID": "72390352B58332556482444", "shapeName": "Kibondo"}, "geometry": {"type": "MultiPolygon", "coordinates": [[[[31.21241, -3.4732], [31.21229, -3.48973], [31.19914, -3.49746], [31.1966, -3.50723], [31.20204, -3.52184], [31.21351, -3.52862], [31.20964, -3.5592], [31.21819, -3.57824], [31.21148, -3.58166], [31.21563, -3.60585], [31.21172, -3.62552], [31.22357, -3.64628], [31.22381, -3.67462], [31.24861, -3.70846], [31.29406, -3.73118], [31.30041, -3.75244], [31.31568, -3.77089], [31.31715, -3.79788], [31.34231, -3.83099], [31.34598, -3.85408], [31.35343, -3.86226], [31.3533, -3.89696], [31.36259, -3.91418], [31.36577, -3.94668], [31.37847, -3.965], [31.37432, -4.01179], [31.38042, -4.01985], [31.36662, -4.04135], [31.35746, -4.04001], [31.36076, -4.06065], [31.34659, -4.06139], [31.34414, -4.10219], [31.33376, -4.11831], [31.32826, -4.14226], [31.3406, -4.1552], [31.33901, -4.16779], [31.34744, -4.17414], [31.34292, -4.1888], [31.34952, -4.20382], [31.3439, -4.21555], [31.34878, -4.21629], [31.34732, -4.2241], [31.35526, -4.23388], [31.36234, -4.22923], [31.36857, -4.23632], [31.36259, -4.24463], [31.3687, -4.24658], [31.36398, -4.29196], [31.36928, -4.30241], [31.39532, -4.31738], [31.39875, -4.34108], [31.41793, -4.36728], [31.41279, -4.38147], [31.42152, -4.39223], [31.41528, -4.40424], [31.42168, -4.42155], [31.41809, -4.43527], [31.42729, -4.45414], [31.42464, -4.46428], [31.4368, -4.46833], [31.44569, -4.45742], [31.45744, -4.45745], [31.45547, -4.46545], [31.46594, -4.47249], [31.46525, -4.50024], [31.45888, -4.50405], [31.45799, -4.51289], [31.47264, -4.53048], [31.47302, -4.54439], [31.47979, -4.54639], [31.47549, -4.55924], [31.48149, -4.58278], [31.49075, -4.58636], [31.48373, -4.60558], [31.49213, -4.6262], [31.48416, -4.64929], [31.45693, -4.69093], [31.43137, -4.70551], [31.42367, -4.69849], [31.40825, -4.69887], [31.40186, -4.71308], [31.38756, -4.72381], [31.39595, -4.7483], [31.39309, -4.76627], [31.40132, -4.76629], [31.39462, -4.78113], [31.39748, -4.80623], [31.37568, -4.80836], [31.37757, -4.81602], [31.36372, -4.82675], [31.35843, -4.84396], [31.31228, -4.89671], [31.30721, -4.91895], [31.26857, -4.92459], [31.23943, -4.94006], [31.23367, -4.95703], [31.23938, -4.99457], [31.21247, -4.98166], [31.20418, -4.96955], [31.20803, -4.96366], [31.18429, -4.96828], [31.1791, -4.95552], [31.16746, -4.97232], [31.154, -4.97325], [31.14077, -4.98433], [31.10856, -4.96538], [31.0983, -4.94124], [31.0872, -4.94695], [31.08855, -4.95308], [31.08105, -4.95089], [31.0793, -4.94224], [31.06308, -4.94242], [31.02096, -4.96155], [30.99416, -4.95909], [30.98021, -4.96469], [30.97552, -4.97302], [30.96898, -4.96844], [30.95537, -4.9703], [30.9504, -4.95888], [30.92913, -4.95578], [30.92938, -4.96078], [30.92819, -4.95653], [30.92037, -4.95903], [30.904, -4.97396], [30.90171, -4.96737], [30.90822, -4.96279], [30.89658, -4.96462], [30.89145, -4.95051], [30.89704, -4.94043], [30.89512, -4.9211], [30.91647, -4.91643], [30.90181, -4.90552], [30.91601, -4.89618], [30.90904, -4.89627], [30.9128, -4.89096], [30.90602, -4.88427], [30.91793, -4.88399], [30.92792, -4.84789], [30.9205, -4.84276], [30.92453, -4.83461], [30.91582, -4.82261], [30.90556, -4.82077], [30.90556, -4.80676], [30.89842, -4.81235], [30.88202, -4.7931], [30.86763, -4.79283], [30.85004, -4.76489], [30.85554, -4.76012], [30.83712, -4.74665], [30.84418, -4.73822], [30.84244, -4.72375], [30.83135, -4.71349], [30.81715, -4.70909], [30.80487, -4.7166], [30.78728, -4.69709], [30.75613, -4.71239], [30.74715, -4.70552], [30.74385, -4.71184], [30.7237, -4.71514], [30.73414, -4.69883], [30.72434, -4.68765], [30.73011, -4.67895], [30.72076, -4.68059], [30.71014, -4.674], [30.69575, -4.6794], [30.69987, -4.65531], [30.68696, -4.65329], [30.68595, -4.64184], [30.70033, -4.6117], [30.70052, -4.58522], [30.69181, -4.58119], [30.69474, -4.58485], [30.68943, -4.58742], [30.67798, -4.58091], [30.6559, -4.59154], [30.65324, -4.5789], [30.64508, -4.57267], [30.65635, -4.56992], [30.65086, -4.55819], [30.6712, -4.534], [30.65562, -4.5307], [30.65003, -4.51778], [30.63803, -4.5132], [30.63931, -4.50771], [30.65296, -4.50569], [30.63574, -4.48324], [30.65251, -4.47179], [30.65324, -4.45823], [30.63363, -4.45979], [30.62978, -4.45145], [30.63931, -4.44366], [30.62859, -4.43478], [30.63528, -4.42543], [30.63922, -4.43578], [30.65984, -4.43313], [30.65764, -4.42057], [30.66707, -4.40537], [30.64948, -4.39236], [30.6384, -4.37266], [30.65306, -4.3722], [30.6635, -4.36432], [30.68155, -4.38136], [30.68943, -4.36514], [30.68366, -4.34526], [30.70262, -4.33189], [30.71032, -4.34224], [30.70977, -4.32291], [30.72763, -4.31439], [30.72974, -4.29982], [30.72443, -4.29799], [30.72479, -4.29112], [30.74174, -4.28443], [30.74468, -4.26656], [30.73625, -4.25859], [30.74294, -4.24989], [30.7204, -4.241], [30.72415, -4.23367], [30.72003, -4.21947], [30.72534, -4.21287], [30.72214, -4.20857], [30.72809, -4.20875], [30.73661, -4.19693], [30.72113, -4.17008], [30.69108, -4.16459], [30.69319, -4.15964], [30.68027, -4.14315], [30.68439, -4.14168], [30.68164, -4.12143], [30.67486, -4.11401], [30.68036, -4.10659], [30.66588, -4.09954], [30.66542, -4.09047], [30.64957, -4.09138], [30.65535, -4.08451], [30.65122, -4.0748], [30.63574, -4.06719], [30.62804, -4.0693], [30.62978, -4.05904], [30.61073, -4.05721], [30.61027, -4.04685], [30.60431, -4.04264], [30.58187, -4.04502], [30.57985, -4.04062], [30.57133, -4.04511], [30.56913, -4.03485], [30.55456, -4.03036], [30.55179, -4.02212], [30.52945, -4.02016], [30.52663, -4.00431], [30.51838, -4.00127], [30.51382, -4.00561], [30.50361, -3.9928], [30.49709, -3.99106], [30.49427, -4.00452], [30.46582, -3.99844], [30.44758, -3.97325], [30.44046, -3.96922], [30.43533, -3.97325], [30.43081, -3.96482], [30.42788, -3.96873], [30.42861, -3.9603], [30.41688, -3.95761], [30.40919, -3.94137], [30.40232, -3.94335], [30.40115, -3.93201], [30.39387, -3.92796], [30.40094, -3.92239], [30.39387, -3.91387], [30.40239, -3.91408], [30.39751, -3.90666], [30.40733, -3.90212], [30.40245, -3.89827], [30.40513, -3.8778], [30.41606, -3.86495], [30.39696, -3.84873], [30.39792, -3.82674], [30.40926, -3.81396], [30.40002, -3.79167], [30.4089, -3.78095], [30.40844, -3.7629], [30.38655, -3.71178], [30.39947, -3.69767], [30.40176, -3.68613], [30.40844, -3.68503], [30.40789, -3.66753], [30.41522, -3.66176], [30.4209, -3.63903], [30.43217, -3.62996], [30.42915, -3.62108], [30.44079, -3.61805], [30.45526, -3.60413], [30.45682, -3.59093], [30.4505, -3.58837], [30.4559, -3.57398], [30.44912, -3.57481], [30.44537, -3.565], [30.48751, -3.52515], [30.49099, -3.51544], [30.50831, -3.517], [30.51115, -3.52268], [30.50245, -3.53688], [30.50318, -3.55328], [30.52379, -3.59203], [30.53964, -3.55648], [30.54642, -3.55511], [30.54322, -3.54439], [30.54835, -3.53999], [30.56429, -3.54146], [30.56365, -3.53541], [30.56878, -3.53807], [30.56722, -3.53367], [30.57125, -3.53559], [30.57474, -3.52927], [30.59837, -3.52405], [30.61358, -3.51022], [30.63658, -3.50573], [30.66287, -3.50976], [30.69301, -3.49974], [30.76548, -3.45332], [30.78048, -3.4808], [30.78015, -3.49044], [30.79574, -3.50108], [30.89635, -3.48477], [30.94198, -3.42972], [30.97489, -3.4194], [30.99854, -3.39175], [31.05132, -3.37329], [31.09779, -3.40218], [31.13211, -3.40261], [31.15513, -3.4113], [31.21241, -3.4732]]], [[[31.46045, -4.45757], [31.46123, -4.45976], [31.45779, -4.45722], [31.46045, -4.45757]]]]}}, {"type": "Feature", "properties": {"shapeID": "72390352B30674118715659", "shapeName": "Kigoma"}, "geometry": {"type": "Polygon", "coordinates": [[[29.7568, -4.48457], [29.77047, -4.49091], [29.7716, -4.50718], [29.79069, -4.51409], [29.76996, -4.52738], [29.76528, -4.53823], [29.76625, -4.57345], [29.75956, -4.58838], [29.77182, -4.60896], [29.7736, -4.64447], [29.79024, -4.68496], [29.82195, -4.70414], [29.82116, -4.71938], [29.83128, -4.72444], [29.82546, -4.73726], [29.83387, -4.74118], [29.83044, -4.74716], [29.83565, -4.75194], [29.82179, -4.75873], [29.81908, -4.76964], [29.8198, -4.77819], [29.83605, -4.78022], [29.83382, -4.79366], [29.82642, -4.79102], [29.81637, -4.79671], [29.81905, -4.80978], [29.7968, -4.80993], [29.81013, -4.82462], [29.80012, -4.82326], [29.80136, -4.83671], [29.82022, -4.83772], [29.83381, -4.82355], [29.85525, -4.82966], [29.86595, -4.82279], [29.87205, -4.82673], [29.8709, -4.82255], [29.88836, -4.81584], [29.91151, -4.82032], [29.91469, -4.85056], [29.9283, -4.84737], [29.9305, -4.8529], [29.92931, -4.87536], [29.93484, -4.88926], [29.95716, -4.89266], [29.97849, -4.90511], [29.9868, -4.90025], [29.97219, -4.91854], [29.98838, -4.93518], [29.98482, -4.95784], [29.89987, -4.93455], [29.88052, -4.89961], [29.8423, -4.89068], [29.83882, -4.88466], [29.83019, -4.89272], [29.83457, -4.90213], [29.82953, -4.91984], [29.79642, -4.90874], [29.78778, -4.88438], [29.79961, -4.83988], [29.79165, -4.83706], [29.78569, -4.84852], [29.76725, -4.85974], [29.75203, -4.8501], [29.74089, -4.8528], [29.7423, -4.86514], [29.71212, -4.87184], [29.69935, -4.88725], [29.69461, -4.87582], [29.6752, -4.86392], [29.6517, -4.82562], [29.64199, -4.82017], [29.63337, -4.82513], [29.62812, -4.84395], [29.60821, -4.85356], [29.60623, -4.84098], [29.61079, -4.83563], [29.60405, -4.82602], [29.61029, -4.81076], [29.59841, -4.79353], [29.60455, -4.77659], [29.60108, -4.74598], [29.6097, -4.72983], [29.62357, -4.6594], [29.63833, -4.61859], [29.64794, -4.54687], [29.65447, -4.53152], [29.65447, -4.47318], [29.66042, -4.44742], [29.6623, -4.44366], [29.69004, -4.45475], [29.69826, -4.44762], [29.70133, -4.45762], [29.71213, -4.44732], [29.72371, -4.45921], [29.73976, -4.46069], [29.75155, -4.47575], [29.75947, -4.46476], [29.7568, -4.48457]]]}}, {"type": "Feature", "properties": {"shapeID": "72390352B17759889395693", "shapeName": "Kigoma  Urban"}, "geometry": {"type": "Polygon", "coordinates": [[[29.6306, -4.84088], [29.63823, -4.81928], [29.6517, -4.82562], [29.6752, -4.86392], [29.69461, -4.87582], [29.70352, -4.89381], [29.71373, -4.89763], [29.72795, -4.91617], [29.73075, -4.96916], [29.70141, -4.93818], [29.66352, -4.91452], [29.63667, -4.91378], [29.61529, -4.90386], [29.61826, -4.90988], [29.60928, -4.91798], [29.59067, -4.91066], [29.59841, -4.9088], [29.59491, -4.90024], [29.60771, -4.90037], [29.61256, -4.88486], [29.62962, -4.87253], [29.62828, -4.86076], [29.61496, -4.86116], [29.61468, -4.85289], [29.6306, -4.84088]]]}}, {"type": "Feature", "properties": {"shapeID": "72390352B15676475935925", "shapeName": "Uvinza"}, "geometry": {"type": "Polygon", "coordinates": [[[31.13566, -5.27298], [31.06688, -5.25244], [31.04504, -5.25257], [31.0439, -5.2422], [31.02518, -5.24371], [31.01795, -5.2474], [31.03625, -5.25567], [31.00041, -5.2597], [30.97477, -5.28852], [30.91254, -5.29635], [30.90897, -5.31265], [30.87458, -5.30991], [30.86355, -5.3209], [30.85854, -5.31824], [30.84346, -5.32514], [30.83129, -5.31743], [30.82612, -5.29297], [30.83313, -5.27024], [30.82408, -5.26182], [30.81286, -5.25747], [30.80664, -5.2608], [30.80308, -5.2548], [30.76695, -5.24087], [30.75442, -5.2177], [30.74193, -5.21413], [30.74266, -5.20169], [30.72939, -5.19714], [30.72241, -5.18085], [30.71363, -5.1769], [30.70633, -5.14337], [30.69522, -5.13393], [30.6704, -5.13776], [30.65824, -5.15084], [30.65241, -5.16747], [30.63288, -5.16495], [30.61975, -5.17489], [30.61274, -5.19563], [30.60608, -5.19855], [30.55623, -5.18092], [30.55384, -5.16837], [30.56152, -5.15175], [30.55384, -5.14104], [30.53447, -5.14831], [30.49932, -5.14475], [30.47693, -5.15073], [30.44462, -5.14502], [30.35206, -5.16159], [30.30771, -5.16277], [30.25136, -5.17809], [30.24251, -5.1731], [30.22561, -5.22196], [30.17848, -5.23673], [30.16633, -5.22469], [30.16862, -5.18763], [30.14768, -5.19128], [30.11747, -5.1834], [30.10502, -5.18982], [30.09241, -5.28563], [30.09742, -5.29988], [30.07915, -5.33452], [30.05816, -5.34069], [29.9843, -5.34503], [29.903, -5.32648], [29.91488, -5.3469], [29.93381, -5.36331], [29.96999, -5.42106], [29.99347, -5.43802], [30.013, -5.44099], [30.04353, -5.4568], [30.03982, -5.49673], [30.004, -5.52123], [30.00174, -5.53048], [30.02257, -5.53385], [30.01286, -5.5466], [30.01413, -5.55378], [30.03255, -5.54226], [30.02549, -5.57342], [30.04113, -5.57298], [30.04436, -5.57874], [30.06206, -5.58287], [30.06627, -5.5735], [30.07604, -5.57459], [30.07352, -5.58293], [30.0824, -5.57971], [30.07557, -5.59012], [30.08818, -5.59567], [30.08824, -5.66337], [30.12673, -5.70325], [30.13082, -5.71882], [30.14605, -5.73236], [30.15239, -5.7614], [30.14551, -5.77523], [30.15912, -5.78078], [30.17608, -5.79976], [30.1779, -5.81514], [30.18628, -5.82508], [30.18049, -5.84208], [30.19064, -5.90776], [30.18639, -5.95924], [30.21425, -5.99432], [30.25148, -6.10236], [30.25669, -6.13294], [30.25332, -6.20514], [30.25833, -6.23024], [30.25536, -6.30673], [30.26155, -6.35048], [30.25866, -6.4109], [30.27203, -6.48408], [30.28181, -6.48652], [30.28549, -6.49775], [30.27704, -6.52266], [30.26711, -6.5314], [30.27093, -6.53948], [30.25634, -6.55], [30.25742, -6.56545], [30.25294, -6.57048], [30.23975, -6.56692], [30.17865, -6.49843], [30.14148, -6.44756], [30.10167, -6.44917], [30.05511, -6.45991], [29.94943, -6.50466], [29.95505, -6.47349], [29.94456, -6.47174], [29.94197, -6.46365], [29.92326, -6.46177], [29.91059, -6.44554], [29.89279, -6.43934], [29.88606, -6.42814], [29.87875, -6.42897], [29.86507, -6.41844], [29.75694, -6.27824], [29.73179, -6.25291], [29.7353, -6.24199], [29.72816, -6.24635], [29.72214, -6.2345], [29.72895, -6.2134], [29.74173, -6.19843], [29.7401, -6.16553], [29.731, -6.15417], [29.734, -6.14347], [29.72748, -6.11898], [29.73155, -6.03798], [29.74123, -6.03138], [29.74583, -6.01456], [29.75615, -6.01462], [29.75772, -6.00711], [29.77076, -6.00558], [29.78936, -5.99082], [29.80264, -5.99107], [29.80931, -5.9997], [29.80124, -5.99139], [29.79847, -5.99278], [29.8084, -6.00035], [29.82698, -5.99815], [29.8391, -5.97674], [29.84973, -5.97837], [29.86015, -5.96039], [29.8713, -5.96231], [29.87889, -5.94974], [29.89181, -5.94669], [29.90949, -5.9273], [29.91735, -5.93159], [29.94117, -5.91665], [29.95124, -5.89782], [29.95501, -5.85501], [29.94826, -5.79614], [29.93612, -5.75762], [29.91877, -5.73753], [29.88653, -5.66949], [29.88234, -5.65], [29.8688, -5.62999], [29.87093, -5.61718], [29.83906, -5.56778], [29.84026, -5.55234], [29.79407, -5.51026], [29.78176, -5.48904], [29.74842, -5.46107], [29.75729, -5.46001], [29.74758, -5.43434], [29.74755, -5.40165], [29.76579, -5.39361], [29.7649, -5.38201], [29.7708, -5.37433], [29.76809, -5.36103], [29.77167, -5.36244], [29.78976, -5.33354], [29.7864, -5.29584], [29.79791, -5.28995], [29.798, -5.2834], [29.78458, -5.27689], [29.8108, -5.27135], [29.81191, -5.24845], [29.80611, -5.23361], [29.81335, -5.23585], [29.80963, -5.23319], [29.81806, -5.22734], [29.81319, -5.22363], [29.82082, -5.22367], [29.81633, -5.22139], [29.82203, -5.21327], [29.81623, -5.19782], [29.8255, -5.14456], [29.80197, -5.08044], [29.77023, -5.03892], [29.78367, -5.02548], [29.78108, -5.015], [29.77408, -5.00919], [29.76744, -5.0114], [29.76884, -4.99432], [29.74641, -4.98164], [29.7493, -4.96961], [29.73078, -4.96825], [29.72795, -4.91617], [29.69935, -4.88725], [29.71212, -4.87184], [29.7423, -4.86514], [29.74089, -4.8528], [29.74695, -4.85028], [29.76725, -4.85974], [29.78569, -4.84852], [29.79165, -4.83706], [29.79961, -4.83988], [29.78778, -4.88438], [29.79642, -4.90874], [29.82953, -4.91984], [29.83457, -4.90213], [29.83019, -4.89272], [29.83882, -4.88466], [29.8423, -4.89068], [29.88052, -4.89961], [29.89987, -4.93455], [29.98482, -4.95784], [29.98838, -4.93518], [29.97219, -4.91854], [29.98118, -4.90695], [29.99559, -4.89948], [30.02683, -4.90481], [30.04482, -4.93014], [30.12139, -4.98932], [30.17689, -5.04993], [30.18615, -5.02482], [30.21101, -4.99636], [30.25871, -4.91563], [30.30007, -4.91146], [30.33224, -4.89116], [30.38138, -4.87155], [30.42194, -4.86298], [30.42612, -4.89266], [30.45729, -4.92406], [30.47739, -4.91919], [30.51671, -4.89461], [30.5391, -4.89434], [30.56349, -4.88626], [30.70374, -4.88804], [30.74844, -4.90252], [30.77918, -4.92189], [30.81518, -4.95634], [30.82916, -5.0107], [30.83106, -5.0676], [30.82439, -5.09108], [30.82897, -5.09416], [30.85716, -5.09474], [30.89926, -5.07806], [30.89809, -4.9973], [30.90391, -4.99976], [30.90855, -4.99411], [30.90206, -4.98648], [30.91205, -4.98446], [30.90948, -4.97417], [30.92037, -4.95903], [30.9504, -4.95888], [30.95537, -4.9703], [30.96898, -4.96844], [30.97552, -4.97302], [30.98021, -4.96469], [30.99416, -4.95909], [31.02096, -4.96155], [31.06308, -4.94242], [31.0793, -4.94224], [31.08105, -4.95089], [31.08855, -4.95308], [31.0872, -4.94695], [31.0983, -4.94124], [31.10856, -4.96538], [31.14077, -4.98433], [31.154, -4.97325], [31.16746, -4.97232], [31.1791, -4.95552], [31.18429, -4.96828], [31.20803, -4.96366], [31.20418, -4.96955], [31.21247, -4.98166], [31.24909, -4.99737], [31.26079, -5.01317], [31.24893, -5.0313], [31.24685, -5.05565], [31.21048, -5.1091], [31.20407, -5.14648], [31.21826, -5.15917], [31.22092, -5.16887], [31.22023, -5.17573], [31.20287, -5.19061], [31.20234, -5.21139], [31.2325, -5.24089], [31.22201, -5.24213], [31.20935, -5.25658], [31.18676, -5.25099], [31.18018, -5.25439], [31.18186, -5.27894], [31.13566, -5.27298]]]}}, {"type": "Feature", "properties": {"shapeID": "72390352B77483544974211", "shapeName": "Hai"}, "geometry": {"type": "Polygon", "coordinates": [[[37.05414, -3.37082], [37.11765, -3.34351], [37.13096, -3.3169], [37.11667, -3.27038], [37.10252, -3.2564], [37.10888, -3.23572], [37.10663, -3.222], [37.1285, -3.20792], [37.13198, -3.19763], [37.14381, -3.1892], [37.18114, -3.12254], [37.18176, -3.10992], [37.26403, -2.97427], [37.28042, -3.03175], [37.32016, -3.09151], [37.30418, -3.13022], [37.28984, -3.14591], [37.26752, -3.19085], [37.26948, -3.20533], [37.25808, -3.22747], [37.26031, -3.25593], [37.24895, -3.28872], [37.2571, -3.30014], [37.25736, -3.3131], [37.27974, -3.31474], [37.27794, -3.33313], [37.29624, -3.348], [37.30844, -3.36709], [37.30098, -3.39318], [37.3173, -3.4006], [37.31755, -3.4119], [37.29993, -3.44797], [37.29175, -3.45419], [37.28808, -3.46961], [37.28813, -3.47911], [37.30521, -3.5035], [37.27545, -3.49054], [37.25795, -3.49529], [37.22842, -3.48665], [37.21347, -3.45312], [37.19405, -3.44849], [37.18278, -3.45814], [37.17478, -3.45161], [37.16379, -3.45231], [37.13819, -3.485], [37.11167, -3.47967], [37.10964, -3.47419], [37.08834, -3.4877], [37.06046, -3.49012], [37.05414, -3.37082]]]}}, {"type": "Feature", "properties": {"shapeID": "72390352B4446234130359", "shapeName": "Moshi"}, "geometry": {"type": "Polygon", "coordinates": [[[37.28808, -3.46961], [37.31866, -3.40821], [37.3173, -3.4006], [37.30098, -3.39318], [37.30366, -3.38384], [37.32216, -3.37693], [37.32991, -3.38427], [37.36232, -3.38254], [37.35399, -3.36978], [37.3829, -3.36829], [37.39705, -3.3511], [37.39935, -3.33944], [37.39884, -3.33532], [37.38445, -3.33469], [37.37692, -3.32555], [37.35356, -3.32787], [37.3508, -3.31401], [37.34849, -3.31863], [37.33191, -3.31558], [37.32514, -3.30662], [37.3116, -3.31081], [37.31264, -3.32405], [37.30477, -3.32221], [37.3044, -3.33369], [37.2949, -3.33065], [37.294, -3.33833], [37.28646, -3.34028], [37.27794, -3.33313], [37.27974, -3.31474], [37.25736, -3.3131], [37.2571, -3.30014], [37.25005, -3.29285], [37.26031, -3.25593], [37.26002, -3.21858], [37.26948, -3.20533], [37.26752, -3.19085], [37.28984, -3.14591], [37.30418, -3.13022], [37.32016, -3.09151], [37.39771, -3.17273], [37.42211, -3.21372], [37.44202, -3.23481], [37.48822, -3.23789], [37.50528, -3.23339], [37.51594, -3.23955], [37.52281, -3.23647], [37.52826, -3.24287], [37.5567, -3.24002], [37.56831, -3.24855], [37.58295, -3.244], [37.58248, -3.25233], [37.60006, -3.26609], [37.59627, -3.29191], [37.60823, -3.3186], [37.59976, -3.34989], [37.60896, -3.36498], [37.60399, -3.37952], [37.61552, -3.40316], [37.58964, -3.43214], [37.56076, -3.44091], [37.54801, -3.45215], [37.55501, -3.45664], [37.55373, -3.47353], [37.53573, -3.49283], [37.53288, -3.5166], [37.52252, -3.534], [37.50347, -3.53821], [37.49776, -3.54911], [37.48932, -3.5473], [37.48549, -3.55507], [37.46869, -3.56091], [37.46199, -3.57246], [37.46604, -3.5856], [37.45632, -3.5867], [37.44781, -3.59688], [37.43518, -3.59131], [37.43963, -3.59947], [37.42666, -3.59924], [37.4179, -3.60909], [37.40322, -3.6075], [37.40081, -3.61618], [37.40849, -3.61871], [37.40764, -3.62459], [37.39891, -3.62499], [37.40072, -3.64411], [37.37666, -3.6425], [37.38318, -3.63912], [37.37445, -3.64111], [37.37093, -3.64802], [37.34138, -3.62836], [37.33018, -3.59126], [37.31212, -3.57382], [37.30582, -3.56073], [37.30889, -3.55056], [37.29777, -3.53587], [37.29828, -3.52387], [37.30618, -3.51284], [37.28808, -3.46961]]]}}, {"type": "Feature", "properties": {"shapeID": "72390352B76512132105243", "shapeName": "Moshi Urban"}, "geometry": {"type": "Polygon", "coordinates": [[[37.30844, -3.36709], [37.28646, -3.34028], [37.294, -3.33833], [37.2949, -3.33065], [37.3044, -3.33369], [37.30477, -3.32221], [37.31264, -3.32405], [37.3116, -3.31081], [37.31748, -3.30789], [37.32514, -3.30662], [37.33191, -3.31558], [37.34849, -3.31863], [37.3508, -3.31401], [37.35783, -3.32938], [37.37692, -3.32555], [37.38445, -3.33469], [37.39884, -3.33532], [37.39705, -3.3511], [37.3829, -3.36829], [37.35399, -3.36978], [37.36232, -3.38254], [37.34466, -3.38601], [37.32991, -3.38427], [37.32216, -3.37693], [37.30703, -3.379], [37.30844, -3.36709]]]}}, {"type": "Feature", "properties": {"shapeID": "72390352B15719315121224", "shapeName": "Mwanga"}, "geometry": {"type": "Polygon", "coordinates": [[[37.46199, -3.57246], [37.46869, -3.56091], [37.48549, -3.55507], [37.48932, -3.5473], [37.49776, -3.54911], [37.50347, -3.53821], [37.52252, -3.534], [37.53288, -3.5166], [37.53573, -3.49283], [37.55373, -3.47353], [37.55501, -3.45664], [37.54801, -3.45215], [37.56076, -3.44091], [37.58964, -3.43214], [37.58461, -3.43805], [37.58461, -3.45967], [37.61711, -3.459], [37.6244, -3.46564], [37.6252, -3.4846], [37.60651, -3.50353], [37.60272, -3.51819], [37.62107, -3.52361], [37.67321, -3.50351], [37.69271, -3.5246], [37.71818, -3.52878], [37.74326, -3.54172], [37.76718, -3.63087], [37.78496, -3.6747], [37.95281, -3.79252], [37.89806, -3.86063], [37.81926, -3.90388], [37.70118, -3.90664], [37.68273, -3.93408], [37.46259, -3.93406], [37.45789, -3.92921], [37.46744, -3.9133], [37.45928, -3.89823], [37.46348, -3.88866], [37.44933, -3.88311], [37.45464, -3.87368], [37.45171, -3.86782], [37.45635, -3.8686], [37.44956, -3.8644], [37.45929, -3.85614], [37.45926, -3.83323], [37.46781, -3.82014], [37.46225, -3.80112], [37.42741, -3.74792], [37.41002, -3.68807], [37.42065, -3.64863], [37.46604, -3.5856], [37.46199, -3.57246]]]}}, {"type": "Feature", "properties": {"shapeID": "72390352B49231532539034", "shapeName": "Rombo"}, "geometry": {"type": "Polygon", "coordinates": [[[37.38253, -2.88267], [37.40851, -2.90272], [37.42937, -2.90642], [37.54804, -2.975], [37.67061, -3.05855], [37.71057, -3.3031], [37.68479, -3.32118], [37.68479, -3.34878], [37.68, -3.35467], [37.66344, -3.35651], [37.61552, -3.40316], [37.60399, -3.37952], [37.60896, -3.36498], [37.59976, -3.34989], [37.60823, -3.3186], [37.59627, -3.29191], [37.60006, -3.26609], [37.58248, -3.25233], [37.58295, -3.244], [37.56831, -3.24855], [37.5567, -3.24002], [37.52826, -3.24287], [37.52281, -3.23647], [37.51594, -3.23955], [37.50528, -3.23339], [37.48822, -3.23789], [37.44202, -3.23481], [37.42211, -3.21372], [37.39771, -3.17273], [37.30814, -3.07819], [37.28042, -3.03175], [37.25033, -2.92489], [37.251, -2.8496], [37.38253, -2.88267]]]}}, {"type": "Feature", "properties": {"shapeID": "72390352B83063272545753", "shapeName": "Same"}, "geometry": {"type": "Polygon", "coordinates": [[[37.68273, -3.93408], [37.70118, -3.90664], [37.81926, -3.90388], [37.89806, -3.86063], [37.95281, -3.79252], [38.40353, -4.10889], [38.23871, -4.36462], [38.12005, -4.53059], [38.11863, -4.57258], [38.10888, -4.59604], [38.08375, -4.61158], [38.04978, -4.61371], [38.03737, -4.59347], [38.0232, -4.59824], [38.00517, -4.5914], [37.99856, -4.61133], [37.96682, -4.59582], [37.93418, -4.5972], [37.93463, -4.58693], [37.94001, -4.58436], [37.93299, -4.574], [37.91402, -4.57702], [37.91192, -4.58248], [37.89592, -4.58249], [37.88702, -4.57601], [37.87352, -4.5859], [37.86159, -4.57509], [37.8528, -4.57984], [37.84348, -4.56999], [37.79092, -4.6051], [37.77589, -4.60687], [37.76212, -4.59545], [37.75655, -4.60658], [37.7419, -4.57992], [37.71934, -4.57494], [37.71685, -4.56248], [37.6883, -4.55065], [37.68495, -4.53159], [37.67317, -4.52328], [37.66158, -4.52212], [37.65557, -4.51515], [37.62957, -4.5207], [37.61789, -4.51124], [37.61589, -4.50203], [37.59196, -4.49385], [37.58178, -4.48271], [37.58395, -4.47871], [37.57003, -4.47445], [37.57021, -4.46818], [37.55319, -4.46742], [37.54263, -4.45244], [37.52393, -4.43991], [37.50691, -4.40363], [37.4984, -4.39872], [37.49088, -4.35373], [37.50684, -4.33758], [37.49366, -4.30617], [37.50775, -4.29725], [37.51285, -4.27799], [37.50409, -4.26524], [37.50283, -4.23873], [37.49389, -4.22209], [37.49836, -4.21042], [37.49562, -4.19328], [37.50233, -4.18112], [37.49562, -4.16994], [37.50655, -4.15678], [37.5073, -4.14287], [37.51475, -4.1331], [37.50531, -4.08352], [37.51105, -4.08024], [37.49016, -4.04999], [37.49438, -4.04006], [37.48829, -4.01864], [37.46997, -4.00935], [37.47124, -3.99092], [37.46239, -3.97753], [37.46586, -3.97379], [37.4595, -3.95561], [37.46616, -3.94349], [37.46259, -3.93406], [37.68273, -3.93408]]]}}, {"type": "Feature", "properties": {"shapeID": "72390352B52159147893976", "shapeName": "Siha"}, "geometry": {"type": "Polygon", "coordinates": [[[36.93488, -3.0372], [36.93426, -2.98213], [36.97932, -2.97242], [36.99222, -2.97776], [37.03469, -2.96092], [37.03653, -2.94788], [37.06289, -2.93564], [37.06912, -2.91905], [37.11192, -2.86614], [37.1257, -2.85761], [37.251, -2.8496], [37.25033, -2.92489], [37.26403, -2.97427], [37.18176, -3.10992], [37.18114, -3.12254], [37.14381, -3.1892], [37.13198, -3.19763], [37.1285, -3.20792], [37.10663, -3.222], [37.10888, -3.23572], [37.10252, -3.2564], [37.11667, -3.27038], [37.11871, -3.28797], [37.1311, -3.31339], [37.11765, -3.34351], [37.06316, -3.36717], [37.06287, -3.34461], [37.04439, -3.29464], [37.04513, -3.27625], [37.0299, -3.25558], [36.99656, -3.25232], [36.99653, -3.22901], [36.97983, -3.22807], [36.97919, -3.20688], [36.93993, -3.20537], [36.93501, -3.18175], [36.9085, -3.18509], [36.90803, -3.16408], [36.88958, -3.13256], [36.90388, -3.11732], [36.93488, -3.0372]]]}}, {"type": "Feature", "properties": {"shapeID": "72390352B74660811526984", "shapeName": "Chake Chake"}, "geometry": {"type": "Polygon", "coordinates": [[[39.76529, -5.15853], [39.78913, -5.16299], [39.79209, -5.20861], [39.81557, -5.20082], [39.81943, -5.19329], [39.85569, -5.19182], [39.8426, -5.24985], [39.83512, -5.26224], [39.82077, -5.24528], [39.83687, -5.27071], [39.81577, -5.27806], [39.83528, -5.27564], [39.8218, -5.31546], [39.81792, -5.31032], [39.81957, -5.32183], [39.8112, -5.32371], [39.80836, -5.33559], [39.8036, -5.32355], [39.79237, -5.32186], [39.7826, -5.32739], [39.74421, -5.31339], [39.72524, -5.32287], [39.71389, -5.32077], [39.70096, -5.28251], [39.71855, -5.28767], [39.71546, -5.28209], [39.69361, -5.27798], [39.68655, -5.25366], [39.71497, -5.25599], [39.71141, -5.25065], [39.7281, -5.24247], [39.7476, -5.25159], [39.74785, -5.25704], [39.75322, -5.25614], [39.75597, -5.26378], [39.75948, -5.26591], [39.75499, -5.25749], [39.75988, -5.25633], [39.74938, -5.24875], [39.76147, -5.24595], [39.7553, -5.24351], [39.75856, -5.23644], [39.74841, -5.24194], [39.7467, -5.23614], [39.73611, -5.23939], [39.73683, -5.23328], [39.73323, -5.2385], [39.71878, -5.23416], [39.70123, -5.21567], [39.67351, -5.21786], [39.64876, -5.2029], [39.64752, -5.18861], [39.65231, -5.18667], [39.66444, -5.1969], [39.66422, -5.20748], [39.67448, -5.21416], [39.68813, -5.21091], [39.68946, -5.20294], [39.69595, -5.20875], [39.71584, -5.20544], [39.71936, -5.21152], [39.72351, -5.19857], [39.73096, -5.20306], [39.73054, -5.20927], [39.73455, -5.20546], [39.73867, -5.20923], [39.74397, -5.19952], [39.74797, -5.20312], [39.75051, -5.20343], [39.73432, -5.18783], [39.74846, -5.18175], [39.74648, -5.17073], [39.76529, -5.15853]]]}}, {"type": "Feature", "properties": {"shapeID": "72390352B13842693360807", "shapeName": "Mkoani"}, "geometry": {"type": "MultiPolygon", "coordinates": [[[[39.71389, -5.32077], [39.72524, -5.32287], [39.74421, -5.31339], [39.7826, -5.32739], [39.79237, -5.32186], [39.80317, -5.32365], [39.8034, -5.33512], [39.79619, -5.34393], [39.80789, -5.34779], [39.80972, -5.363], [39.8055, -5.37152], [39.79404, -5.36989], [39.77986, -5.38929], [39.77605, -5.38064], [39.77468, -5.37914], [39.77289, -5.37913], [39.77809, -5.38921], [39.77315, -5.39678], [39.76689, -5.39746], [39.76638, -5.39306], [39.76011, -5.39294], [39.76625, -5.39339], [39.7648, -5.39749], [39.77236, -5.39835], [39.76566, -5.40096], [39.76649, -5.40731], [39.75803, -5.4101], [39.75343, -5.40232], [39.75315, -5.40562], [39.75185, -5.40441], [39.74933, -5.40508], [39.74972, -5.40722], [39.74696, -5.4064], [39.74394, -5.40854], [39.74974, -5.40764], [39.75153, -5.40485], [39.75346, -5.40932], [39.76658, -5.41375], [39.76757, -5.41928], [39.77363, -5.42295], [39.75845, -5.43945], [39.74958, -5.44358], [39.7419, -5.43976], [39.73912, -5.42765], [39.7295, -5.43979], [39.71799, -5.43057], [39.71586, -5.44045], [39.70984, -5.43021], [39.70773, -5.4337], [39.7115, -5.42448], [39.70915, -5.42255], [39.70172, -5.4392], [39.70557, -5.43764], [39.71484, -5.45072], [39.70492, -5.45583], [39.69763, -5.44236], [39.67723, -5.43082], [39.638, -5.43474], [39.63037, -5.40538], [39.63259, -5.39391], [39.64276, -5.3865], [39.645, -5.39068], [39.64156, -5.37472], [39.64482, -5.37514], [39.64791, -5.36947], [39.64811, -5.37536], [39.65114, -5.37307], [39.64812, -5.36931], [39.63945, -5.37155], [39.64552, -5.35584], [39.64229, -5.33967], [39.64998, -5.33616], [39.65517, -5.31951], [39.66431, -5.34238], [39.67049, -5.33457], [39.68424, -5.34087], [39.68108, -5.34612], [39.68207, -5.35034], [39.67761, -5.34888], [39.67492, -5.35198], [39.67597, -5.35477], [39.6778, -5.34916], [39.68711, -5.35347], [39.68836, -5.35189], [39.68223, -5.3471], [39.68656, -5.3409], [39.68813, -5.34296], [39.69454, -5.34606], [39.68105, -5.33504], [39.6654, -5.29966], [39.65406, -5.28883], [39.6677, -5.28432], [39.68029, -5.29273], [39.6908, -5.28181], [39.69086, -5.28614], [39.70092, -5.2847], [39.71389, -5.32077]], [[39.74933, -5.4198], [39.75158, -5.4207], [39.74932, -5.41385], [39.74569, -5.41194], [39.74933, -5.4198]]], [[[39.78941, -5.39182], [39.79416, -5.39544], [39.77454, -5.42119], [39.76788, -5.41891], [39.76727, -5.41379], [39.76411, -5.4093], [39.76773, -5.40743], [39.76832, -5.4027], [39.77459, -5.39864], [39.77635, -5.39288], [39.79255, -5.37828], [39.78941, -5.39182]]], [[[39.74397, -5.45145], [39.72761, -5.4594], [39.72938, -5.47171], [39.72465, -5.47399], [39.72106, -5.45], [39.72323, -5.45423], [39.73327, -5.44877], [39.7294, -5.44101], [39.73898, -5.43344], [39.74397, -5.45145]]], [[[39.6675, -5.46145], [39.66872, -5.46924], [39.65776, -5.45793], [39.65908, -5.45176], [39.6675, -5.46145]]], [[[39.59502, -5.42164], [39.59798, -5.41607], [39.59995, -5.41981], [39.59891, -5.41123], [39.60764, -5.4367], [39.61612, -5.42662], [39.61886, -5.43837], [39.61278, -5.44511], [39.61993, -5.45224], [39.62528, -5.44329], [39.63061, -5.45577], [39.63448, -5.44691], [39.63507, -5.45332], [39.64076, -5.44754], [39.65057, -5.45452], [39.65301, -5.45113], [39.65459, -5.46042], [39.64858, -5.465], [39.64509, -5.47303], [39.64976, -5.47103], [39.65049, -5.48699], [39.64128, -5.47937], [39.6326, -5.48107], [39.6333, -5.46633], [39.61816, -5.46255], [39.61508, -5.45266], [39.60715, -5.45186], [39.60546, -5.46025], [39.60259, -5.46054], [39.60293, -5.43715], [39.59259, -5.43377], [39.59846, -5.42986], [39.59221, -5.43098], [39.59417, -5.42743], [39.57003, -5.41211], [39.58195, -5.41528], [39.58486, -5.41084], [39.59502, -5.42164]]], [[[39.62965, -5.37841], [39.62859, -5.38919], [39.61588, -5.37892], [39.60439, -5.37777], [39.61306, -5.36955], [39.62965, -5.37841]]], [[[39.57235, -5.40343], [39.5731, -5.40893], [39.56271, -5.40201], [39.56692, -5.39864], [39.57235, -5.40343]]]]}}, {"type": "Feature", "properties": {"shapeID": "72390352B68738670078554", "shapeName": "Kati"}, "geometry": {"type": "MultiPolygon", "coordinates": [[[[39.50698, -6.17682], [39.49647, -6.14738], [39.48889, -6.1485], [39.49453, -6.12304], [39.51079, -6.12761], [39.52924, -6.17582], [39.50698, -6.17682]]], [[[39.32966, -6.03494], [39.40121, -6.02161], [39.40983, -6.03951], [39.40919, -6.0514], [39.43158, -6.06485], [39.42545, -6.1359], [39.43816, -6.16059], [39.43785, -6.17134], [39.41981, -6.18139], [39.4092, -6.19968], [39.41551, -6.18984], [39.42171, -6.19453], [39.43184, -6.18438], [39.4324, -6.19358], [39.43639, -6.18201], [39.44435, -6.17916], [39.45627, -6.20115], [39.45305, -6.20542], [39.45317, -6.20874], [39.45471, -6.21192], [39.45741, -6.20074], [39.46085, -6.20275], [39.45577, -6.1938], [39.46885, -6.19261], [39.4607, -6.19061], [39.46483, -6.18228], [39.47438, -6.17999], [39.47491, -6.17068], [39.47965, -6.18173], [39.47479, -6.1866], [39.48102, -6.18783], [39.48152, -6.19596], [39.49107, -6.19656], [39.4937, -6.18404], [39.50239, -6.19073], [39.46945, -6.24306], [39.46511, -6.2612], [39.42588, -6.26113], [39.4274, -6.2511], [39.38863, -6.25194], [39.38727, -6.31185], [39.40429, -6.32831], [39.41636, -6.35082], [39.40992, -6.39244], [39.39903, -6.36631], [39.38734, -6.36516], [39.38918, -6.34814], [39.37815, -6.31784], [39.3819, -6.31664], [39.37749, -6.31781], [39.37535, -6.33269], [39.37532, -6.32011], [39.35323, -6.2993], [39.35363, -6.30885], [39.34744, -6.30286], [39.33363, -6.26228], [39.30996, -6.23706], [39.30686, -6.22296], [39.28778, -6.20712], [39.28505, -6.19284], [39.27457, -6.18071], [39.27869, -6.16939], [39.26907, -6.14562], [39.27001, -6.12935], [39.27822, -6.10067], [39.275, -6.07578], [39.28638, -6.05074], [39.27878, -6.02796], [39.32966, -6.03494]]]]}}, {"type": "Feature", "properties": {"shapeID": "72390352B36829534131483", "shapeName": "Kusini"}, "geometry": {"type": "Polygon", "coordinates": [[[39.52924, -6.17582], [39.53477, -6.18721], [39.53915, -6.29048], [39.55473, -6.33722], [39.58035, -6.38441], [39.56193, -6.44006], [39.53053, -6.46933], [39.50713, -6.47813], [39.48815, -6.47405], [39.46571, -6.44942], [39.45533, -6.41819], [39.44184, -6.40171], [39.43078, -6.34344], [39.41158, -6.31946], [39.41494, -6.30869], [39.42539, -6.30052], [39.4293, -6.2905], [39.42967, -6.28748], [39.42907, -6.2837], [39.42572, -6.29716], [39.40888, -6.30423], [39.40435, -6.31641], [39.38961, -6.31004], [39.38863, -6.25194], [39.4274, -6.2511], [39.42588, -6.26113], [39.46511, -6.2612], [39.46945, -6.24306], [39.50239, -6.19073], [39.50628, -6.19874], [39.50845, -6.19975], [39.50644, -6.1897], [39.51256, -6.19153], [39.50591, -6.18199], [39.51301, -6.18772], [39.50895, -6.17718], [39.52924, -6.17582]]]}}, {"type": "Feature", "properties": {"shapeID": "72390352B7880721655308", "shapeName": "Kilwa"}, "geometry": {"type": "MultiPolygon", "coordinates": [[[[39.65461, -8.30838], [39.65002, -8.30378], [39.65633, -8.29861], [39.6638, -8.30091], [39.65461, -8.30838]]], [[[39.25187, -8.31402], [39.26382, -8.32765], [39.2615, -8.33615], [39.26999, -8.33723], [39.27332, -8.34291], [39.27319, -8.34784], [39.26748, -8.3398], [39.26327, -8.34075], [39.28983, -8.36934], [39.29175, -8.38901], [39.30518, -8.37426], [39.30009, -8.37298], [39.30185, -8.36209], [39.31603, -8.36059], [39.30241, -8.39496], [39.28962, -8.38973], [39.28361, -8.39605], [39.28714, -8.40363], [39.29366, -8.39875], [39.29774, -8.412], [39.30277, -8.40929], [39.30228, -8.40017], [39.30969, -8.41206], [39.29109, -8.41492], [39.28552, -8.40606], [39.27779, -8.43109], [39.28411, -8.42797], [39.28676, -8.43629], [39.29727, -8.4189], [39.30338, -8.41998], [39.30339, -8.42586], [39.30671, -8.42038], [39.30019, -8.4168], [39.31255, -8.41456], [39.30774, -8.42708], [39.29362, -8.43649], [39.29465, -8.45373], [39.28677, -8.45496], [39.28358, -8.44542], [39.27597, -8.44928], [39.29153, -8.48367], [39.28572, -8.51124], [39.29688, -8.5319], [39.28707, -8.5533], [39.27891, -8.55708], [39.27986, -8.56433], [39.28584, -8.566], [39.28373, -8.57804], [39.28903, -8.57861], [39.29358, -8.57044], [39.29997, -8.57521], [39.29402, -8.56212], [39.3088, -8.54032], [39.31368, -8.5475], [39.31053, -8.55403], [39.32824, -8.55871], [39.34069, -8.5895], [39.34891, -8.58318], [39.36469, -8.62582], [39.35475, -8.66579], [39.35921, -8.68921], [39.36739, -8.70124], [39.36587, -8.71553], [39.40704, -8.74033], [39.43227, -8.74304], [39.44591, -8.7687], [39.44909, -8.78927], [39.46179, -8.7926], [39.47349, -8.8151], [39.496, -8.8004], [39.4974, -8.81742], [39.50728, -8.81664], [39.50399, -8.82999], [39.49942, -8.82894], [39.50216, -8.84334], [39.51443, -8.85956], [39.51526, -8.89119], [39.52302, -8.90106], [39.54811, -8.91054], [39.55428, -8.92087], [39.52851, -8.92837], [39.51789, -8.92383], [39.51083, -8.94042], [39.50381, -8.93231], [39.50794, -8.92443], [39.50073, -8.91892], [39.49644, -8.90261], [39.49026, -8.90322], [39.49206, -8.8968], [39.48539, -8.90105], [39.47328, -8.87871], [39.4582, -8.87836], [39.45804, -8.86516], [39.43272, -8.8651], [39.42337, -8.85338], [39.40602, -8.87029], [39.40769, -8.85546], [39.39284, -8.88335], [39.38043, -8.88705], [39.39317, -8.89634], [39.38288, -8.91045], [39.37562, -8.91046], [39.37484, -8.92954], [39.33202, -8.94424], [39.32697, -8.95266], [39.33544, -8.95913], [39.34924, -8.94954], [39.34603, -8.94693], [39.35225, -8.94809], [39.34351, -8.95622], [39.35003, -8.9594], [39.34372, -8.96976], [39.35091, -8.97014], [39.34294, -8.97305], [39.35005, -8.98107], [39.35792, -8.97661], [39.35686, -8.98309], [39.36814, -8.98878], [39.36493, -8.98318], [39.36754, -8.97418], [39.37396, -8.97253], [39.36841, -8.96857], [39.37376, -8.96663], [39.3686, -8.95639], [39.37579, -8.95309], [39.37413, -8.94468], [39.3853, -8.93732], [39.3925, -8.94341], [39.39385, -8.93412], [39.39949, -8.93344], [39.40116, -8.9433], [39.39193, -8.95491], [39.40322, -8.96012], [39.39429, -8.97735], [39.40723, -8.98536], [39.41626, -8.96785], [39.42879, -8.96358], [39.43774, -8.96618], [39.44, -8.98619], [39.44573, -8.97884], [39.44377, -8.96656], [39.45135, -8.96365], [39.45028, -8.95649], [39.46465, -8.94458], [39.4661, -8.93568], [39.50726, -8.95545], [39.51924, -8.95208], [39.52793, -8.93957], [39.53825, -8.94324], [39.54132, -8.94964], [39.53329, -8.97049], [39.55055, -8.9764], [39.55233, -8.98569], [39.53932, -9.01152], [39.5085, -9.01144], [39.49081, -9.0222], [39.49472, -9.03273], [39.47313, -9.0346], [39.46361, -9.04244], [39.45163, -9.02844], [39.43713, -9.02536], [39.43864, -9.05137], [39.44711, -9.08153], [39.46113, -9.10374], [39.51144, -9.13094], [39.53314, -9.1175], [39.52506, -9.11388], [39.52398, -9.10479], [39.54166, -9.10558], [39.54979, -9.08823], [39.56271, -9.09454], [39.5783, -9.1064], [39.5988, -9.16225], [39.60054, -9.15688], [39.60333, -9.1621], [39.6077, -9.15825], [39.62102, -9.1821], [39.63495, -9.18134], [39.64104, -9.23309], [39.6361, -9.24122], [39.62753, -9.24172], [39.6334, -9.25756], [39.64617, -9.26524], [39.6563, -9.35401], [39.64574, -9.37075], [39.62554, -9.38026], [39.60278, -9.40599], [39.58093, -9.39942], [39.56561, -9.37585], [39.55677, -9.37479], [39.55115, -9.38092], [39.57542, -9.40162], [39.56346, -9.40708], [39.56958, -9.42705], [39.587, -9.42873], [39.60079, -9.41895], [39.62642, -9.41862], [39.65372, -9.45265], [39.64098, -9.47393], [39.62047, -9.47948], [39.61024, -9.47507], [39.60793, -9.49219], [39.5942, -9.49113], [39.58392, -9.50072], [39.57855, -9.52205], [39.58323, -9.52668], [39.57478, -9.5391], [39.56031, -9.53622], [39.55718, -9.54659], [39.54374, -9.54727], [39.52893, -9.55636], [39.52632, -9.56768], [39.51063, -9.57785], [39.4925, -9.57331], [39.49839, -9.60543], [39.48679, -9.6156], [39.45925, -9.61832], [39.43773, -9.59217], [39.44157, -9.56243], [39.41986, -9.55317], [39.40818, -9.56109], [39.39283, -9.55378], [39.384, -9.55589], [39.37787, -9.56693], [39.36764, -9.56549], [39.36836, -9.55287], [39.36104, -9.54424], [39.31687, -9.56873], [39.31294, -9.58324], [39.30089, -9.58317], [39.30147, -9.57781], [39.28657, -9.58261], [39.26355, -9.57806], [39.25457, -9.58677], [39.24331, -9.57901], [39.24228, -9.56211], [39.22774, -9.56241], [39.21459, -9.56917], [39.20364, -9.58404], [39.21008, -9.5897], [39.20292, -9.59427], [39.2087, -9.60007], [39.20475, -9.60595], [39.21025, -9.63283], [39.19853, -9.6748], [39.1692, -9.67608], [39.16773, -9.66912], [39.15955, -9.66806], [39.14172, -9.68315], [39.13647, -9.69737], [39.12273, -9.70366], [39.11331, -9.70392], [39.10713, -9.6939], [39.09651, -9.69883], [39.08034, -9.6939], [39.06933, -9.70715], [39.04321, -9.70851], [39.03795, -9.72166], [39.017, -9.72795], [39.01466, -9.71857], [39.0092, -9.71905], [39.00375, -9.73327], [38.97344, -9.74023], [38.96535, -9.75754], [38.95014, -9.76102], [38.94419, -9.77214], [38.93133, -9.77078], [38.91846, -9.78384], [38.90218, -9.7849], [38.89564, -9.8345], [38.88286, -9.83924], [38.86337, -9.83536], [38.85304, -9.82598], [38.84933, -9.84116], [38.83031, -9.8512], [38.83489, -9.86136], [38.8304, -9.87151], [38.80612, -9.87672], [38.78583, -9.8946], [38.77803, -9.88937], [38.74361, -9.90105], [38.73569, -9.91999], [38.71317, -9.91911], [38.66964, -9.80473], [38.58491, -9.69749], [38.5729, -9.63559], [38.52283, -9.49512], [38.52095, -9.44754], [38.50798, -9.4372], [38.50877, -9.42715], [38.50126, -9.41476], [38.48739, -9.4043], [38.4764, -9.37514], [38.47789, -9.33131], [38.50052, -9.29717], [38.49444, -9.28246], [38.50174, -9.26055], [38.48127, -9.23513], [38.49077, -9.21709], [38.4891, -9.20471], [38.45759, -9.1421], [38.46102, -9.12518], [38.43625, -9.10483], [38.45323, -9.06608], [38.44635, -9.04954], [38.49194, -9.0057], [38.53169, -8.95273], [38.58169, -8.91377], [38.58874, -8.86773], [38.60167, -8.84845], [38.60644, -8.81531], [38.62512, -8.79581], [38.64791, -8.75312], [38.65448, -8.65448], [38.69407, -8.5463], [38.70421, -8.52709], [38.72899, -8.5007], [38.7418, -8.49465], [38.79678, -8.425], [38.83553, -8.39937], [38.95003, -8.36821], [39.01743, -8.331], [39.09285, -8.33014], [39.12329, -8.31299], [39.16682, -8.27234], [39.18506, -8.26381], [39.2086, -8.2626], [39.21619, -8.25724], [39.24109, -8.27151], [39.24549, -8.26372], [39.25187, -8.31402]]], [[[39.56666, -9.03383], [39.5713, -9.03033], [39.60358, -9.05705], [39.62373, -9.05874], [39.61097, -9.08022], [39.60904, -9.1143], [39.60388, -9.11193], [39.59807, -9.08739], [39.57478, -9.0679], [39.58085, -9.06652], [39.582, -9.05602], [39.59759, -9.07268], [39.5828, -9.04491], [39.57627, -9.04619], [39.5654, -9.07258], [39.55422, -9.07093], [39.54986, -9.05546], [39.56164, -9.05174], [39.54759, -9.03731], [39.55727, -9.02837], [39.56666, -9.03383]]], [[[39.61786, -8.38303], [39.61327, -8.37843], [39.62016, -8.37614], [39.61786, -8.38303]]], [[[39.60508, -8.26872], [39.60957, -8.26964], [39.60706, -8.27531], [39.59783, -8.27744], [39.60508, -8.26872]]], [[[39.52529, -9.05893], [39.51496, -9.05642], [39.51928, -9.04439], [39.52994, -9.05015], [39.52529, -9.05893]]], [[[39.50041, -8.52165], [39.49906, -8.5003], [39.50695, -8.50332], [39.52276, -8.52542], [39.52052, -8.53816], [39.50041, -8.52165]]]]}}, {"type": "Feature", "properties": {"shapeID": "72390352B7713188541433", "shapeName": "Lindi"}, "geometry": {"type": "Polygon", "coordinates": [[[39.19853, -9.6748], [39.20039, -9.65784], [39.20831, -9.64662], [39.21063, -9.62406], [39.20475, -9.60595], [39.2087, -9.60007], [39.20292, -9.59427], [39.21008, -9.5897], [39.20364, -9.58404], [39.21459, -9.56917], [39.22774, -9.56241], [39.24228, -9.56211], [39.24331, -9.57901], [39.25457, -9.58677], [39.26355, -9.57806], [39.28657, -9.58261], [39.30147, -9.57781], [39.30089, -9.58317], [39.31294, -9.58324], [39.31687, -9.56873], [39.36104, -9.54424], [39.36836, -9.55287], [39.36764, -9.56549], [39.37787, -9.56693], [39.384, -9.55589], [39.39283, -9.55378], [39.40818, -9.56109], [39.41986, -9.55317], [39.44157, -9.56243], [39.43773, -9.59217], [39.45925, -9.61832], [39.46912, -9.61983], [39.49672, -9.61109], [39.4925, -9.57331], [39.51063, -9.57785], [39.52632, -9.56768], [39.52893, -9.55636], [39.54374, -9.54727], [39.55718, -9.54659], [39.56031, -9.53622], [39.57478, -9.5391], [39.58323, -9.52668], [39.57855, -9.52205], [39.58392, -9.50072], [39.5942, -9.49113], [39.60793, -9.49219], [39.61024, -9.47507], [39.62047, -9.47948], [39.64098, -9.47393], [39.65167, -9.45692], [39.65991, -9.48693], [39.66731, -9.49208], [39.68019, -9.48857], [39.68948, -9.51271], [39.70055, -9.52003], [39.69574, -9.53654], [39.71069, -9.55756], [39.71362, -9.57748], [39.72905, -9.59518], [39.72841, -9.61075], [39.71847, -9.63098], [39.7398, -9.64167], [39.74752, -9.65583], [39.73831, -9.67982], [39.7277, -9.68605], [39.74568, -9.69143], [39.75205, -9.70212], [39.71967, -9.71936], [39.7174, -9.72787], [39.72321, -9.739], [39.73646, -9.73449], [39.75962, -9.74448], [39.7548, -9.76553], [39.76054, -9.77884], [39.67332, -9.77503], [39.60721, -9.79338], [39.63757, -9.84156], [39.66909, -9.86134], [39.66777, -9.86748], [39.62795, -9.8638], [39.59822, -9.8721], [39.57982, -9.86852], [39.51935, -9.87676], [39.47858, -9.89198], [39.38916, -9.9079], [39.4158, -9.95185], [39.46569, -9.9817], [39.47744, -10.07663], [39.54239, -10.08123], [39.54417, -10.09487], [39.63676, -10.14713], [39.64234, -10.13765], [39.65262, -10.13461], [39.65594, -10.12107], [39.6665, -10.11642], [39.67009, -10.10544], [39.6671, -10.13234], [39.67297, -10.13548], [39.68263, -10.12486], [39.69115, -10.09979], [39.72415, -10.0884], [39.75914, -10.09022], [39.7816, -10.11388], [39.79873, -10.06253], [39.80759, -9.97094], [39.81498, -9.96834], [39.82933, -9.98005], [39.83134, -9.99855], [39.84734, -10.00357], [39.87678, -9.99895], [39.90793, -10.02396], [39.92968, -10.07416], [39.93289, -10.06968], [39.94235, -10.08275], [39.96574, -10.07751], [39.97573, -10.08719], [39.97692, -10.119], [39.96187, -10.14638], [39.97754, -10.16017], [39.97993, -10.17362], [39.96443, -10.19957], [39.89579, -10.22863], [39.8931, -10.26254], [39.86106, -10.25935], [39.77241, -10.26542], [39.75514, -10.28312], [39.69173, -10.32484], [39.69086, -10.37502], [39.71675, -10.45743], [39.70224, -10.47845], [39.70083, -10.49431], [39.72785, -10.52486], [39.72927, -10.53647], [39.66636, -10.57557], [39.64458, -10.61612], [39.62356, -10.61658], [39.62023, -10.5978], [39.57991, -10.59803], [39.57444, -10.56172], [39.56158, -10.52587], [39.49252, -10.45698], [39.48017, -10.38085], [39.46111, -10.36252], [39.41072, -10.33611], [39.38403, -10.33562], [39.37901, -10.34284], [39.35775, -10.34986], [39.3296, -10.3252], [39.3036, -10.33928], [39.28886, -10.33603], [39.27377, -10.35075], [39.2595, -10.35315], [39.24846, -10.34694], [39.23138, -10.35189], [39.17305, -10.39086], [39.1577, -10.38275], [39.14911, -10.38465], [39.13679, -10.37238], [39.11826, -10.37596], [39.11337, -10.37224], [39.07429, -10.24155], [39.07419, -10.19631], [39.02663, -10.18706], [39.01776, -10.15525], [39.0204, -10.14072], [39.05966, -10.109], [39.08051, -10.06672], [39.16647, -10.00222], [39.18057, -9.98435], [39.18523, -9.76296], [39.19436, -9.73824], [39.18783, -9.71548], [39.18705, -9.67837], [39.19853, -9.6748]]]}}, {"type": "Feature", "properties": {"shapeID": "72390352B58883595926721", "shapeName": "Lindi Urban"}, "geometry": {"type": "MultiPolygon", "coordinates": [[[[39.79873, -10.06253], [39.7816, -10.11388], [39.75914, -10.09022], [39.72415, -10.0884], [39.69115, -10.09979], [39.68056, -10.08207], [39.67951, -10.06318], [39.71541, -10.03893], [39.72606, -10.02386], [39.72556, -10.00679], [39.73421, -9.99438], [39.77688, -9.96863], [39.80759, -9.97094], [39.79873, -10.06253]]], [[[39.6665, -10.11642], [39.65594, -10.12107], [39.65262, -10.13461], [39.64234, -10.13765], [39.63676, -10.14713], [39.54417, -10.09487], [39.54239, -10.08123], [39.47744, -10.07663], [39.46569, -9.9817], [39.4158, -9.95185], [39.38916, -9.9079], [39.47858, -9.89198], [39.51935, -9.87676], [39.57982, -9.86852], [39.59822, -9.8721], [39.62795, -9.8638], [39.66777, -9.86748], [39.66909, -9.86134], [39.63757, -9.84156], [39.60765, -9.79681], [39.62525, -9.78627], [39.68618, -9.77479], [39.76054, -9.77884], [39.76609, -9.78534], [39.7849, -9.78744], [39.78509, -9.79584], [39.77652, -9.80437], [39.75975, -9.81211], [39.78306, -9.80771], [39.78918, -9.7925], [39.79643, -9.80097], [39.80627, -9.85103], [39.79718, -9.88232], [39.78925, -9.89062], [39.7632, -9.88974], [39.75457, -9.88436], [39.75133, -9.88848], [39.74498, -9.87767], [39.73308, -9.89113], [39.77941, -9.89221], [39.78853, -9.92165], [39.7675, -9.93517], [39.75248, -9.93013], [39.71283, -9.95105], [39.70523, -9.97408], [39.71628, -10.00108], [39.6989, -10.03163], [39.67227, -10.02316], [39.66396, -10.00131], [39.66025, -10.01153], [39.6578, -10.0047], [39.65497, -10.01178], [39.64816, -10.01107], [39.65259, -10.02207], [39.68431, -10.03862], [39.6549, -10.04051], [39.64982, -10.04695], [39.67027, -10.04927], [39.65892, -10.05251], [39.66597, -10.06214], [39.65546, -10.07197], [39.66212, -10.07341], [39.66245, -10.07983], [39.66619, -10.07765], [39.66138, -10.09595], [39.67045, -10.09901], [39.6665, -10.11642]]]]}}, {"type": "Feature", "properties": {"shapeID": "72390352B80391364217442", "shapeName": "Liwale"}, "geometry": {"type": "Polygon", "coordinates": [[[38.69407, -8.5463], [38.67128, -8.61236], [38.66158, -8.62598], [38.65448, -8.65448], [38.64791, -8.75312], [38.62512, -8.79581], [38.60644, -8.81531], [38.60167, -8.84845], [38.58874, -8.86773], [38.58169, -8.91377], [38.53169, -8.95273], [38.49194, -9.0057], [38.44635, -9.04954], [38.45323, -9.06608], [38.43625, -9.10483], [38.46102, -9.12518], [38.45759, -9.1421], [38.4891, -9.20471], [38.49077, -9.21709], [38.48127, -9.23513], [38.50174, -9.26055], [38.49444, -9.28246], [38.50052, -9.29717], [38.47789, -9.33131], [38.4764, -9.37514], [38.48739, -9.4043], [38.50126, -9.41476], [38.50877, -9.42715], [38.50798, -9.4372], [38.52095, -9.44754], [38.52283, -9.49512], [38.5729, -9.63559], [38.57779, -9.67789], [38.5901, -9.7064], [38.66964, -9.80473], [38.71317, -9.91911], [38.70253, -9.92422], [38.69112, -9.91884], [38.68209, -9.93507], [38.66158, -9.93271], [38.63744, -9.96575], [38.62574, -9.96828], [38.61837, -9.98167], [38.60515, -9.98002], [38.60017, -9.99536], [38.54441, -10.01033], [38.53296, -10.02953], [38.52349, -10.03384], [38.52573, -10.04397], [38.51053, -10.06212], [38.47251, -10.06117], [38.44641, -10.07574], [38.44037, -10.08914], [38.42353, -10.09596], [38.41945, -10.10534], [38.40788, -10.10815], [38.39959, -10.11975], [38.38846, -10.12137], [38.38949, -10.13671], [38.35669, -10.15482], [38.35169, -10.17403], [38.34311, -10.17669], [38.34174, -10.18607], [38.33106, -10.18977], [38.32262, -10.20197], [38.30427, -10.20536], [38.2946, -10.22649], [38.29115, -10.22276], [38.28543, -10.22751], [38.28676, -10.2369], [38.27396, -10.24476], [38.25411, -10.24606], [38.24956, -10.26616], [38.23453, -10.26404], [38.22756, -10.28353], [38.2113, -10.29139], [38.21353, -10.30167], [38.20132, -10.31341], [38.19395, -10.31473], [38.18753, -10.29714], [38.17849, -10.30292], [38.17295, -10.29581], [38.14511, -10.287], [38.13005, -10.29331], [38.12823, -10.30066], [38.10955, -10.31371], [38.07261, -10.32811], [38.03963, -10.36117], [37.97904, -10.36953], [37.96276, -10.38357], [37.92065, -10.38145], [37.89176, -10.35859], [37.88297, -10.36723], [37.85486, -10.37237], [37.83328, -10.38282], [37.82646, -10.39294], [37.80943, -10.39664], [37.77178, -10.38799], [37.764, -10.37847], [37.75923, -10.39114], [37.50994, -10.44018], [37.36353, -10.38007], [37.23578, -10.34461], [37.14884, -10.29827], [37.03442, -10.28109], [37.00242, -10.26282], [36.98299, -10.24304], [36.9481, -10.17132], [36.90092, -10.11061], [36.8741, -10.09212], [36.86812, -10.04991], [36.87832, -10.02206], [36.8846, -10.01838], [36.88102, -9.99106], [36.89011, -9.93964], [36.96934, -9.88686], [37.01426, -9.80153], [37.03369, -9.79482], [37.0483, -9.7552], [37.08727, -9.72068], [37.11952, -9.65572], [37.12343, -9.62658], [37.13878, -9.58498], [37.25074, -9.52223], [37.2674, -9.49767], [37.2824, -9.49625], [37.28573, -9.49016], [37.26806, -9.48472], [37.27565, -9.46674], [37.28571, -9.46321], [37.27316, -9.456], [37.28494, -9.43804], [37.27932, -9.42313], [37.28718, -9.40991], [37.27745, -9.40599], [37.29267, -9.39103], [37.27919, -9.38694], [37.28223, -9.38011], [37.2743, -9.3759], [37.28798, -9.36912], [37.28865, -9.35363], [37.29964, -9.34505], [37.303, -9.32938], [37.31684, -9.31873], [37.3129, -9.30739], [37.33199, -9.28505], [37.32026, -9.27209], [37.33345, -9.27155], [37.33727, -9.26621], [37.32753, -9.25604], [37.33931, -9.20692], [37.37293, -9.13842], [37.3805, -9.10168], [37.38089, -9.01341], [37.40353, -8.91053], [37.41254, -8.82107], [37.40179, -8.74379], [37.40078, -8.69107], [37.40714, -8.64205], [37.44092, -8.51469], [37.50016, -8.47814], [37.5571, -8.39621], [37.58078, -8.31782], [37.63282, -8.21624], [37.66029, -8.09494], [37.68749, -8.05334], [37.7197, -7.97864], [37.76285, -7.94444], [37.80106, -7.93253], [37.80781, -7.94534], [37.82557, -7.94858], [37.82739, -7.95733], [37.83979, -7.96755], [37.83383, -7.98007], [37.8421, -8.00414], [37.86435, -8.01241], [37.88781, -8.03089], [37.99893, -8.08415], [38.12938, -8.12525], [38.48251, -8.31444], [38.49855, -8.34516], [38.51219, -8.35675], [38.50843, -8.36886], [38.51544, -8.38075], [38.50998, -8.41185], [38.51625, -8.50111], [38.62555, -8.51129], [38.71777, -8.51252], [38.69407, -8.5463]]]}}, {"type": "Feature", "properties": {"shapeID": "72390352B76457855664867", "shapeName": "Nachingwea"}, "geometry": {"type": "Polygon", "coordinates": [[[37.75923, -10.39114], [37.764, -10.37847], [37.77178, -10.38799], [37.80943, -10.39664], [37.82646, -10.39294], [37.83328, -10.38282], [37.85486, -10.37237], [37.88297, -10.36723], [37.89176, -10.35859], [37.92065, -10.38145], [37.96276, -10.38357], [37.97904, -10.36953], [38.03963, -10.36117], [38.07261, -10.32811], [38.10955, -10.31371], [38.12823, -10.30066], [38.13005, -10.29331], [38.14511, -10.287], [38.17295, -10.29581], [38.17849, -10.30292], [38.18753, -10.29714], [38.19395, -10.31473], [38.20132, -10.31341], [38.21353, -10.30167], [38.2113, -10.29139], [38.22756, -10.28353], [38.23453, -10.26404], [38.24956, -10.26616], [38.25411, -10.24606], [38.27396, -10.24476], [38.28676, -10.2369], [38.28543, -10.22751], [38.29115, -10.22276], [38.2946, -10.22649], [38.30427, -10.20536], [38.32262, -10.20197], [38.33106, -10.18977], [38.34174, -10.18607], [38.34311, -10.17669], [38.35169, -10.17403], [38.35669, -10.15482], [38.38949, -10.13671], [38.38846, -10.12137], [38.39959, -10.11975], [38.40788, -10.10815], [38.41945, -10.10534], [38.42353, -10.09596], [38.44037, -10.08914], [38.44641, -10.07574], [38.47251, -10.06117], [38.51053, -10.06212], [38.52573, -10.04397], [38.52349, -10.03384], [38.53296, -10.02953], [38.54441, -10.01033], [38.60017, -9.99536], [38.60515, -9.98002], [38.61837, -9.98167], [38.62574, -9.96828], [38.643, -9.96025], [38.66158, -9.93271], [38.68209, -9.93507], [38.69112, -9.91884], [38.70253, -9.92422], [38.71316, -9.91911], [38.73206, -9.96543], [38.7555, -9.96855], [38.75844, -10.0042], [38.79001, -10.03724], [38.81822, -10.05159], [38.84149, -10.0812], [38.84317, -10.12325], [38.83701, -10.13474], [38.83871, -10.1448], [38.82817, -10.15346], [38.83588, -10.17198], [38.85748, -10.18245], [38.87053, -10.19779], [38.89569, -10.19703], [38.89956, -10.22085], [38.89894, -10.23975], [38.85297, -10.24424], [38.83412, -10.2514], [38.86342, -10.31697], [38.85846, -10.33992], [38.87378, -10.35289], [38.89596, -10.35445], [38.92705, -10.37117], [38.92783, -10.38773], [38.92533, -10.44726], [38.91846, -10.4407], [38.89768, -10.44742], [38.89447, -10.4372], [38.89066, -10.43915], [38.88499, -10.52656], [38.87478, -10.54514], [38.8399, -10.54467], [38.82456, -10.55067], [38.75956, -10.54488], [38.73649, -10.51539], [38.72758, -10.51447], [38.71473, -10.48168], [38.70484, -10.47574], [38.6879, -10.50041], [38.62028, -10.50417], [38.55786, -10.54832], [38.42381, -10.60478], [38.28122, -10.60567], [38.27723, -10.60825], [38.27521, -10.66875], [38.26424, -10.68389], [38.24813, -10.69082], [38.22904, -10.68811], [38.19153, -10.69502], [38.12125, -10.68351], [37.99905, -10.72444], [37.95014, -10.73469], [37.8856, -10.73454], [37.88517, -10.66648], [37.87901, -10.64741], [37.88383, -10.62638], [37.87442, -10.61869], [37.87605, -10.60822], [37.86437, -10.57842], [37.8561, -10.57434], [37.86279, -10.54827], [37.82006, -10.54179], [37.78599, -10.5467], [37.76584, -10.54089], [37.75633, -10.54609], [37.68968, -10.53159], [37.64572, -10.51263], [37.61419, -10.50666], [37.59025, -10.47958], [37.55178, -10.46478], [37.54633, -10.45596], [37.50994, -10.44018], [37.75923, -10.39114]]]}}, {"type": "Feature", "properties": {"shapeID": "72390352B35310074637090", "shapeName": "Ruangwa"}, "geometry": {"type": "Polygon", "coordinates": [[[38.73569, -9.91999], [38.74361, -9.90105], [38.77803, -9.88937], [38.78583, -9.8946], [38.80612, -9.87672], [38.8304, -9.87151], [38.83489, -9.86136], [38.83031, -9.8512], [38.84933, -9.84116], [38.85304, -9.82598], [38.86337, -9.83536], [38.88286, -9.83924], [38.89564, -9.8345], [38.90218, -9.7849], [38.91846, -9.78384], [38.93133, -9.77078], [38.94419, -9.77214], [38.95014, -9.76102], [38.96535, -9.75754], [38.97344, -9.74023], [39.00375, -9.73327], [39.0092, -9.71905], [39.01466, -9.71857], [39.017, -9.72795], [39.03795, -9.72166], [39.04321, -9.70851], [39.06933, -9.70715], [39.08034, -9.6939], [39.09651, -9.69883], [39.10713, -9.6939], [39.11331, -9.70392], [39.12273, -9.70366], [39.13647, -9.69737], [39.14172, -9.68315], [39.15955, -9.66806], [39.16773, -9.66912], [39.1692, -9.67608], [39.18705, -9.67837], [39.18783, -9.71548], [39.19436, -9.73824], [39.18523, -9.76296], [39.18057, -9.98435], [39.16647, -10.00222], [39.08051, -10.06672], [39.05966, -10.109], [39.0204, -10.14072], [39.01776, -10.15525], [39.02663, -10.18706], [39.07419, -10.19631], [39.07429, -10.24155], [39.11337, -10.37224], [39.11826, -10.37596], [39.13679, -10.37238], [39.15318, -10.38968], [39.15476, -10.40053], [39.14583, -10.39714], [39.12356, -10.40336], [39.11399, -10.41737], [39.09214, -10.41952], [39.04885, -10.45186], [39.0357, -10.45034], [39.02171, -10.45924], [38.98177, -10.46445], [38.97721, -10.47501], [38.96043, -10.47798], [38.94356, -10.49638], [38.90365, -10.50073], [38.88563, -10.51211], [38.89066, -10.43915], [38.89447, -10.4372], [38.89768, -10.44742], [38.91846, -10.4407], [38.92533, -10.44726], [38.92705, -10.37117], [38.89596, -10.35445], [38.87378, -10.35289], [38.85971, -10.34289], [38.86342, -10.31697], [38.83412, -10.2514], [38.85297, -10.24424], [38.89894, -10.23975], [38.89569, -10.19703], [38.87053, -10.19779], [38.85748, -10.18245], [38.83588, -10.17198], [38.82817, -10.15346], [38.83871, -10.1448], [38.83701, -10.13474], [38.84317, -10.12325], [38.84149, -10.0812], [38.81822, -10.05159], [38.79001, -10.03724], [38.75844, -10.0042], [38.7555, -9.96855], [38.73206, -9.96543], [38.71317, -9.91911], [38.73569, -9.91999]]]}}, {"type": "Feature", "properties": {"shapeID": "72390352B12207219772126", "shapeName": "Babati"}, "geometry": {"type": "Polygon", "coordinates": [[[35.71262, -3.62913], [35.7152, -3.5545], [35.72251, -3.55432], [35.72535, -3.56503], [35.73765, -3.56487], [35.74352, -3.57065], [35.76101, -3.55801], [35.77782, -3.55893], [35.73842, -3.61052], [35.7582, -3.66033], [35.75832, -3.67451], [35.755, -3.68342], [35.74407, -3.68901], [35.74511, -3.72518], [35.73449, -3.74306], [35.74622, -3.76044], [35.7499, -3.79649], [35.75907, -3.80409], [35.76633, -3.80233], [35.76939, -3.78816], [35.78862, -3.77024], [35.81061, -3.75712], [35.84161, -3.70506], [35.86403, -3.68242], [35.87253, -3.66278], [35.87309, -3.62574], [35.88095, -3.64119], [35.94155, -3.63476], [35.96841, -3.65682], [35.98039, -3.65419], [36.00004, -3.68652], [36.1484, -3.86873], [36.28078, -4.14784], [36.29758, -4.14286], [36.30536, -4.42547], [36.24967, -4.41255], [36.15331, -4.40092], [35.99988, -4.39468], [35.96188, -4.37192], [35.90216, -4.34785], [35.86496, -4.34247], [35.84339, -4.33324], [35.81774, -4.31273], [35.81774, -4.34406], [35.81133, -4.35889], [35.81679, -4.38822], [35.76357, -4.40447], [35.74604, -4.42017], [35.74352, -4.43391], [35.6859, -4.47254], [35.68285, -4.48116], [35.6525, -4.49357], [35.64744, -4.47326], [35.61215, -4.45983], [35.60538, -4.45137], [35.61241, -4.4166], [35.58842, -4.37207], [35.59069, -4.32388], [35.56718, -4.26802], [35.53014, -4.27014], [35.49568, -4.2809], [35.4921, -4.32503], [35.49637, -4.35678], [35.4702, -4.39526], [35.45852, -4.37508], [35.44037, -4.36073], [35.41917, -4.36076], [35.37344, -4.37657], [35.32395, -4.34795], [35.23837, -4.31733], [35.21442, -4.27531], [35.19457, -4.26454], [35.20749, -4.25323], [35.23351, -4.24739], [35.24892, -4.22912], [35.27587, -4.21547], [35.30257, -4.18865], [35.3126, -4.18771], [35.32033, -4.1798], [35.33817, -4.18708], [35.35083, -4.16094], [35.36568, -4.16537], [35.37355, -4.15707], [35.40393, -4.15083], [35.42045, -4.12348], [35.41574, -4.11797], [35.42057, -4.1145], [35.44661, -4.10348], [35.50803, -4.09298], [35.5527, -4.07351], [35.55796, -4.06286], [35.58432, -4.04673], [35.60721, -4.01541], [35.62133, -3.97104], [35.64668, -3.95095], [35.69826, -3.88286], [35.68585, -3.87734], [35.67758, -3.85575], [35.67891, -3.76407], [35.71262, -3.62913]], [[35.69666, -4.07305], [35.70492, -4.08887], [35.6947, -4.10302], [35.69838, -4.1199], [35.68113, -4.1321], [35.64451, -4.17472], [35.60739, -4.17422], [35.61886, -4.19951], [35.62434, -4.23748], [35.66149, -4.23449], [35.68629, -4.24772], [35.67822, -4.25928], [35.68605, -4.26174], [35.67998, -4.27684], [35.72849, -4.29223], [35.729, -4.32272], [35.72043, -4.33073], [35.71797, -4.34717], [35.72783, -4.3546], [35.74568, -4.35508], [35.7594, -4.34973], [35.78109, -4.31998], [35.78702, -4.28551], [35.79496, -4.28473], [35.79874, -4.2761], [35.84017, -4.27564], [35.84552, -4.21521], [35.8386, -4.19875], [35.84218, -4.19398], [35.83724, -4.1857], [35.84058, -4.17377], [35.83518, -4.14681], [35.81585, -4.13106], [35.83141, -4.09656], [35.71777, -4.07195], [35.69666, -4.07305]]]}}, {"type": "Feature", "properties": {"shapeID": "72390352B90089128995390", "shapeName": "Babati UrbanBabati Urban"}, "geometry": {"type": "Polygon", "coordinates": [[[35.83141, -4.09656], [35.81585, -4.13106], [35.83518, -4.14681], [35.84058, -4.17377], [35.83724, -4.1857], [35.84218, -4.19398], [35.8386, -4.19875], [35.84552, -4.21521], [35.84017, -4.27564], [35.79874, -4.2761], [35.79496, -4.28473], [35.78702, -4.28551], [35.78109, -4.31998], [35.7594, -4.34973], [35.74568, -4.35508], [35.72783, -4.3546], [35.71797, -4.34717], [35.72043, -4.33073], [35.729, -4.32272], [35.72849, -4.29223], [35.67998, -4.27684], [35.68605, -4.26174], [35.67822, -4.25928], [35.68629, -4.24772], [35.66149, -4.23449], [35.62434, -4.23748], [35.61886, -4.19951], [35.60739, -4.17422], [35.64451, -4.17472], [35.68113, -4.1321], [35.69838, -4.1199], [35.6947, -4.10302], [35.70492, -4.08887], [35.69666, -4.07305], [35.71777, -4.07195], [35.83141, -4.09656]]]}}, {"type": "Feature", "properties": {"shapeID": "72390352B73734578830609", "shapeName": "Hanang"}, "geometry": {"type": "Polygon", "coordinates": [[[35.41333, -4.86761], [35.40253, -4.85968], [35.37329, -4.86432], [35.3501, -4.85608], [35.34037, -4.87676], [35.32249, -4.8691], [35.28342, -4.8041], [35.20155, -4.76718], [35.18002, -4.76643], [35.15667, -4.75546], [35.14429, -4.73], [35.14557, -4.67553], [35.12772, -4.62856], [35.08993, -4.62396], [35.07298, -4.61615], [35.03693, -4.53597], [34.99449, -4.49921], [34.9718, -4.45783], [34.87462, -4.41088], [34.86631, -4.39178], [34.86569, -4.35968], [34.91074, -4.26961], [34.92725, -4.26445], [35.03522, -4.26539], [35.10818, -4.24782], [35.12372, -4.25249], [35.1381, -4.24256], [35.15218, -4.25052], [35.16116, -4.24654], [35.16557, -4.26245], [35.19457, -4.26454], [35.21442, -4.27531], [35.22185, -4.29461], [35.24226, -4.32045], [35.32395, -4.34795], [35.37344, -4.37657], [35.41917, -4.36076], [35.44037, -4.36073], [35.45852, -4.37508], [35.4702, -4.39526], [35.49637, -4.35678], [35.4921, -4.32503], [35.49568, -4.2809], [35.53014, -4.27014], [35.56718, -4.26802], [35.59069, -4.32388], [35.58842, -4.37207], [35.61241, -4.4166], [35.60538, -4.45137], [35.61215, -4.45983], [35.64744, -4.47326], [35.64951, -4.49105], [35.65822, -4.49246], [35.65163, -4.50881], [35.65899, -4.53593], [35.65287, -4.55384], [35.66477, -4.57914], [35.65268, -4.59533], [35.64269, -4.62477], [35.61326, -4.65631], [35.60653, -4.67197], [35.60759, -4.6892], [35.53797, -4.73823], [35.51398, -4.7866], [35.50592, -4.81721], [35.47967, -4.84426], [35.41333, -4.86761]]]}}, {"type": "Feature", "properties": {"shapeID": "72390352B80776151350042", "shapeName": "Kiteto"}, "geometry": {"type": "Polygon", "coordinates": [[[36.26955, -5.48259], [36.25781, -5.46216], [36.24641, -5.40869], [36.29814, -5.41563], [36.29318, -5.30014], [36.27332, -5.23061], [36.29993, -5.20532], [36.26955, -5.197], [36.27851, -5.17941], [36.29226, -5.16967], [36.32371, -5.08885], [36.31288, -5.01098], [36.32133, -4.99013], [36.3268, -4.91821], [36.33721, -4.88747], [36.33657, -4.84541], [36.31037, -4.81824], [36.30647, -4.80533], [36.30329, -4.74352], [36.29266, -4.69706], [36.29621, -4.66801], [36.28771, -4.58451], [36.29907, -4.55514], [36.34617, -4.55714], [36.37054, -4.56642], [36.38884, -4.56345], [36.39752, -4.57717], [36.42668, -4.59498], [36.50255, -4.60805], [36.55705, -4.56482], [36.68704, -4.43718], [36.79422, -4.4371], [36.93894, -4.62152], [36.93878, -4.69622], [36.97006, -4.83813], [36.98652, -4.95337], [36.98989, -5.00879], [36.98262, -5.08464], [36.98617, -5.13699], [37.16266, -5.11058], [37.2362, -5.09388], [37.30709, -5.07032], [37.38081, -5.19321], [37.35897, -5.21641], [37.38667, -5.25292], [37.38667, -5.26173], [37.33002, -5.44929], [37.26791, -5.52548], [37.24978, -5.5378], [37.23746, -5.57066], [37.25551, -5.58462], [37.24905, -5.59807], [37.25656, -5.60294], [37.24405, -5.6138], [37.24157, -5.62678], [37.2334, -5.62324], [37.22354, -5.62771], [37.21825, -5.64976], [37.18395, -5.68305], [37.16526, -5.71603], [37.20541, -5.71469], [37.20441, -5.75186], [37.14746, -5.74123], [37.1163, -5.77152], [37.1019, -5.76904], [37.06125, -5.82371], [37.05007, -5.82782], [37.02728, -5.87236], [37.01895, -5.87666], [37.02699, -5.8861], [37.02183, -5.89828], [36.99885, -5.91766], [36.99529, -5.91366], [36.96399, -5.92519], [36.92374, -5.92683], [36.87863, -5.94746], [36.85404, -5.95131], [36.82902, -5.93922], [36.79399, -5.93633], [36.74531, -5.93719], [36.71497, -5.94409], [36.7084, -5.9184], [36.67607, -5.86268], [36.64768, -5.82947], [36.59987, -5.79736], [36.57781, -5.7436], [36.53359, -5.72631], [36.51276, -5.68988], [36.49033, -5.67925], [36.46984, -5.67901], [36.46324, -5.67149], [36.43106, -5.66788], [36.44042, -5.65905], [36.44179, -5.64172], [36.43591, -5.6298], [36.41991, -5.62192], [36.41755, -5.60172], [36.30413, -5.51632], [36.26955, -5.48259]]]}}, {"type": "Feature", "properties": {"shapeID": "72390352B2366371930573", "shapeName": "Mbulu"}, "geometry": {"type": "Polygon", "coordinates": [[[34.98305, -3.86091], [34.99974, -3.86281], [35.00799, -3.8716], [35.01763, -3.86905], [35.04691, -3.85279], [35.07095, -3.83018], [35.10795, -3.81937], [35.14, -3.80126], [35.2921, -3.68728], [35.32856, -3.68849], [35.38523, -3.61479], [35.46479, -3.65929], [35.52292, -3.6763], [35.53991, -3.6896], [35.60622, -3.69029], [35.62406, -3.69546], [35.59123, -3.77294], [35.67891, -3.76407], [35.67758, -3.85575], [35.68585, -3.87734], [35.69826, -3.88286], [35.64668, -3.95095], [35.62133, -3.97104], [35.60721, -4.01541], [35.58432, -4.04673], [35.55796, -4.06286], [35.5527, -4.07351], [35.50803, -4.09298], [35.44661, -4.10348], [35.42057, -4.1145], [35.41574, -4.11797], [35.42045, -4.12348], [35.40393, -4.15083], [35.37355, -4.15707], [35.36568, -4.16537], [35.35083, -4.16094], [35.33817, -4.18708], [35.32033, -4.1798], [35.3126, -4.18771], [35.30257, -4.18865], [35.27587, -4.21547], [35.24892, -4.22912], [35.23351, -4.24739], [35.20749, -4.25323], [35.19457, -4.26454], [35.17572, -4.26542], [35.16557, -4.26245], [35.16116, -4.24654], [35.15218, -4.25052], [35.1381, -4.24256], [35.12372, -4.25249], [35.10818, -4.24782], [35.03522, -4.26539], [34.92758, -4.26445], [34.93389, -4.25025], [34.95808, -4.23532], [34.96998, -4.20573], [34.96983, -4.17157], [34.96418, -4.15761], [34.97046, -4.13197], [34.96593, -4.09004], [34.99025, -3.98838], [34.93611, -3.9923], [34.91134, -3.9686], [34.8912, -3.90639], [34.98305, -3.86091]]]}}, {"type": "Feature", "properties": {"shapeID": "72390352B2790991966076", "shapeName": "Simanjiro"}, "geometry": {"type": "Polygon", "coordinates": [[[36.72964, -3.55762], [36.76862, -3.5984], [36.80229, -3.65315], [36.83595, -3.6467], [36.86084, -3.58408], [36.88479, -3.58194], [36.89262, -3.59561], [36.91948, -3.56829], [36.96537, -3.5704], [36.98244, -3.53826], [37.02013, -3.50019], [37.04503, -3.49698], [37.07142, -3.48578], [37.08834, -3.4877], [37.10964, -3.47419], [37.11167, -3.47967], [37.13819, -3.485], [37.14809, -3.46818], [37.16842, -3.45059], [37.18278, -3.45814], [37.19405, -3.44849], [37.20992, -3.45165], [37.22842, -3.48665], [37.25795, -3.49529], [37.27545, -3.49054], [37.29969, -3.49938], [37.30618, -3.51284], [37.29714, -3.5321], [37.30176, -3.54625], [37.30889, -3.55056], [37.30582, -3.56073], [37.31212, -3.57382], [37.33018, -3.59126], [37.34138, -3.62836], [37.39892, -3.66936], [37.40827, -3.68233], [37.42741, -3.74792], [37.46225, -3.80112], [37.46781, -3.82014], [37.45926, -3.83323], [37.45929, -3.85614], [37.44956, -3.8644], [37.45635, -3.8686], [37.45171, -3.86782], [37.45464, -3.87368], [37.44933, -3.88311], [37.46348, -3.88866], [37.45928, -3.89823], [37.46744, -3.9133], [37.45789, -3.92921], [37.46616, -3.94349], [37.4595, -3.95561], [37.46586, -3.97379], [37.46239, -3.97753], [37.47124, -3.99092], [37.46997, -4.00935], [37.48829, -4.01864], [37.49438, -4.04006], [37.49016, -4.04999], [37.51105, -4.08024], [37.50531, -4.08352], [37.51475, -4.1331], [37.5073, -4.14287], [37.50655, -4.15678], [37.49562, -4.16994], [37.50233, -4.18112], [37.49562, -4.19328], [37.49836, -4.21042], [37.49389, -4.22209], [37.50283, -4.23873], [37.50409, -4.26524], [37.51285, -4.27799], [37.50775, -4.29725], [37.49366, -4.30617], [37.50684, -4.33758], [37.49088, -4.35373], [37.4984, -4.39872], [37.50691, -4.40363], [37.52393, -4.43991], [37.54263, -4.45244], [37.55319, -4.46742], [37.57021, -4.46818], [37.57003, -4.47445], [37.58395, -4.47871], [37.58178, -4.48271], [37.59196, -4.49385], [37.61589, -4.50203], [37.61789, -4.51124], [37.62957, -4.5207], [37.65557, -4.51515], [37.66158, -4.52212], [37.67317, -4.52328], [37.68495, -4.53159], [37.6883, -4.55065], [37.71685, -4.56248], [37.71934, -4.57494], [37.7419, -4.57992], [37.75655, -4.60658], [37.76212, -4.59545], [37.77589, -4.60687], [37.79092, -4.6051], [37.84348, -4.56999], [37.8528, -4.57984], [37.86159, -4.57509], [37.87352, -4.5859], [37.88702, -4.57601], [37.89592, -4.58249], [37.91192, -4.58248], [37.91402, -4.57702], [37.93299, -4.574], [37.94001, -4.58436], [37.93463, -4.58693], [37.93418, -4.5972], [37.96682, -4.59582], [37.99856, -4.61133], [37.99361, -4.70801], [37.98147, -4.75161], [37.99748, -4.77737], [37.99398, -4.83348], [37.99969, -4.86568], [37.99453, -4.91664], [37.99987, -4.9917], [37.98016, -4.98892], [37.96681, -4.98251], [37.95625, -4.96605], [37.94383, -4.96088], [37.93359, -4.96522], [37.93214, -4.95922], [37.92417, -4.9674], [37.90069, -4.96809], [37.89985, -4.97536], [37.89012, -4.97775], [37.88722, -4.97329], [37.86243, -4.98092], [37.84696, -4.97868], [37.83123, -4.99758], [37.82461, -5.02028], [37.80474, -5.02059], [37.79802, -5.03011], [37.76529, -5.00926], [37.73535, -5.01626], [37.68557, -5.03919], [37.62913, -5.01332], [37.58429, -5.00493], [37.48989, -5.05906], [37.38081, -5.19321], [37.30709, -5.07032], [37.2362, -5.09388], [37.16266, -5.11058], [36.98617, -5.13699], [36.98262, -5.08464], [36.98989, -5.00879], [36.98652, -4.95337], [36.97006, -4.83813], [36.93878, -4.69622], [36.93894, -4.62152], [36.79422, -4.4371], [36.68704, -4.43718], [36.55705, -4.56482], [36.50255, -4.60805], [36.42668, -4.59498], [36.39752, -4.57717], [36.38884, -4.56345], [36.37054, -4.56642], [36.34617, -4.55714], [36.29907, -4.55514], [36.30782, -4.52021], [36.32676, -4.49994], [36.32643, -4.48366], [36.31941, -4.47788], [36.34537, -4.43515], [36.30536, -4.42547], [36.29561, -4.16703], [36.29861, -3.97017], [36.29234, -3.93984], [36.29085, -3.8568], [36.29779, -3.803], [36.39287, -3.79581], [36.4906, -3.77364], [36.49335, -3.76059], [36.52846, -3.73646], [36.54836, -3.70963], [36.56247, -3.71406], [36.58868, -3.69232], [36.61014, -3.68268], [36.6194, -3.6594], [36.61782, -3.6466], [36.6345, -3.63434], [36.64839, -3.63629], [36.65971, -3.62844], [36.66602, -3.6115], [36.68448, -3.60951], [36.69008, -3.61382], [36.70169, -3.60908], [36.68999, -3.59055], [36.71268, -3.56236], [36.71499, -3.55108], [36.72964, -3.55762]]]}}, {"type": "Feature", "properties": {"shapeID": "72390352B35806479810351", "shapeName": "Bunda"}, "geometry": {"type": "MultiPolygon", "coordinates": [[[[34.26676, -1.80479], [34.27853, -1.83501], [34.31124, -1.86357], [34.31442, -1.88002], [34.29485, -1.90922], [34.32242, -1.9338], [34.31209, -1.95301], [34.31455, -1.96681], [34.2731, -2.00572], [34.25032, -2.01823], [34.24141, -2.03961], [34.24503, -2.06763], [34.23823, -2.09314], [34.23921, -2.1285], [34.23105, -2.14729], [34.2382, -2.19477], [34.23304, -2.24065], [34.21542, -2.29878], [34.19961, -2.29153], [34.18781, -2.27763], [34.17772, -2.27683], [34.17542, -2.26374], [34.16362, -2.25454], [34.15053, -2.25474], [34.12724, -2.26794], [34.11065, -2.26614], [34.10105, -2.25824], [34.09076, -2.26074], [34.06207, -2.23725], [34.04652, -2.21264], [34.03758, -2.21427], [33.98904, -2.18187], [33.9434, -2.19109], [33.90659, -2.17863], [33.85496, -2.19745], [33.84694, -2.19747], [33.84419, -2.19059], [33.83111, -2.19664], [33.83749, -2.17434], [33.83086, -2.1267], [33.81597, -2.10723], [33.80541, -2.11101], [33.79934, -2.09144], [33.80256, -2.07777], [33.79822, -2.08161], [33.7931, -2.0712], [33.777, -2.06584], [33.76153, -2.06669], [33.73793, -2.07977], [33.71169, -2.1144], [33.69453, -2.11805], [33.66234, -2.1418], [33.63996, -2.14644], [33.62594, -2.18046], [33.61286, -2.18814], [33.6032, -2.17619], [33.59405, -2.17992], [33.57074, -2.1669], [33.42439, -2.15087], [33.41113, -2.15432], [33.39393, -2.16975], [33.37834, -2.16182], [33.3567, -2.17241], [33.34902, -2.1695], [33.3354, -2.13512], [33.31444, -2.12299], [33.30677, -2.10715], [33.28754, -2.11169], [33.27328, -2.09497], [33.24982, -2.09821], [33.22516, -2.12194], [33.22051, -2.14519], [33.21026, -2.13935], [33.20871, -2.12686], [33.21505, -2.11996], [33.20293, -2.10625], [33.20561, -2.09684], [33.23395, -2.06886], [33.21245, -2.04688], [33.21107, -2.03357], [33.22032, -2.03264], [33.2282, -2.04699], [33.24045, -2.05387], [33.25189, -2.05237], [33.25844, -2.04166], [33.27132, -2.04195], [33.29813, -2.07344], [33.30572, -2.07001], [33.2923, -2.03305], [33.29287, -2.00756], [33.28858, -2.00623], [33.28848, -2.02011], [33.27253, -1.99841], [33.28572, -2.00139], [33.28183, -1.99317], [33.28796, -1.98689], [33.29655, -1.99419], [33.29768, -2.02175], [33.31097, -2.04499], [33.32766, -2.0442], [33.32466, -2.01876], [33.33468, -2.02], [33.34101, -2.01074], [33.37311, -2.04642], [33.40503, -2.03888], [33.38428, -2.01224], [33.38013, -1.97691], [33.39791, -1.96796], [33.41746, -1.96703], [33.44958, -1.98817], [33.45703, -2.00393], [33.47935, -2.0106], [33.48492, -2.02329], [33.51987, -2.01145], [33.52631, -2.02636], [33.53203, -2.02728], [33.55349, -2.01251], [33.57028, -2.03318], [33.59124, -2.04145], [33.59533, -2.03517], [33.60438, -2.03683], [33.61114, -2.02177], [33.62928, -2.00495], [33.65033, -1.99926], [33.67718, -1.97365], [33.71274, -1.96917], [33.71742, -1.96131], [33.73805, -1.9593], [33.7583, -1.94942], [33.75048, -1.93832], [33.75524, -1.93163], [33.75104, -1.92956], [33.75457, -1.89034], [33.77144, -1.89349], [33.77823, -1.86443], [33.83596, -1.8917], [33.85343, -1.90889], [33.93259, -1.95222], [33.96255, -1.9198], [34.00155, -1.90245], [34.01944, -1.82702], [34.13645, -1.8016], [34.15477, -1.7956], [34.16878, -1.77978], [34.1945, -1.77297], [34.24642, -1.78616], [34.26676, -1.80479]]], [[[33.46391, -2.21037], [33.45968, -2.21411], [33.45201, -2.20324], [33.45683, -2.20025], [33.46391, -2.21037]]], [[[33.44898, -2.21352], [33.44134, -2.21301], [33.44128, -2.20884], [33.44731, -2.20791], [33.44898, -2.21352]]], [[[33.42255, -2.19515], [33.42496, -2.19646], [33.42449, -2.19798], [33.42255, -2.19515]]], [[[33.33747, -2.28349], [33.33785, -2.28579], [33.33353, -2.28642], [33.33747, -2.28349]]], [[[33.30688, -2.18829], [33.29986, -2.19515], [33.3001, -2.21375], [33.28717, -2.22217], [33.26893, -2.21692], [33.27017, -2.19657], [33.29143, -2.18884], [33.29881, -2.17167], [33.30477, -2.17493], [33.30688, -2.18829]]]]}}, {"type": "Feature", "properties": {"shapeID": "72390352B35299561044003", "shapeName": "Butiam"}, "geometry": {"type": "MultiPolygon", "coordinates": [[[[34.1945, -1.77297], [34.16878, -1.77978], [34.15477, -1.7956], [34.13645, -1.8016], [34.01944, -1.82702], [34.00155, -1.90245], [33.96255, -1.9198], [33.93259, -1.95222], [33.89072, -1.93118], [33.88254, -1.92134], [33.85343, -1.90889], [33.83596, -1.8917], [33.76026, -1.85879], [33.75358, -1.84687], [33.74212, -1.84145], [33.77164, -1.81629], [33.77512, -1.80673], [33.76717, -1.75127], [33.75367, -1.7443], [33.74164, -1.71352], [33.75374, -1.69492], [33.75327, -1.67803], [33.71466, -1.66523], [33.7049, -1.64051], [33.69345, -1.63806], [33.68624, -1.64316], [33.66851, -1.63099], [33.69589, -1.62806], [33.69269, -1.59993], [33.67881, -1.59966], [33.66957, -1.5902], [33.65063, -1.58955], [33.64556, -1.56917], [33.62839, -1.56294], [33.63009, -1.57568], [33.62577, -1.57672], [33.61583, -1.56304], [33.67771, -1.55717], [33.68305, -1.54877], [33.67996, -1.54311], [33.68905, -1.53697], [33.69383, -1.51894], [33.69066, -1.50927], [33.66729, -1.51281], [33.66405, -1.49156], [33.6467, -1.48821], [33.64706, -1.478], [33.66754, -1.47905], [33.67726, -1.46711], [33.68624, -1.46711], [33.70854, -1.48917], [33.72958, -1.49575], [33.74232, -1.49077], [33.75417, -1.52864], [33.79051, -1.55543], [33.788, -1.56925], [33.81329, -1.55575], [33.84714, -1.55477], [33.85981, -1.52542], [33.86375, -1.52881], [33.88493, -1.52352], [33.91635, -1.53681], [33.93481, -1.51104], [33.96681, -1.52073], [33.99185, -1.53765], [34.03361, -1.53968], [34.05493, -1.53038], [34.07636, -1.53829], [34.10553, -1.55955], [34.13786, -1.57073], [34.17115, -1.54278], [34.17245, -1.52843], [34.18491, -1.51909], [34.16723, -1.49196], [34.19807, -1.48207], [34.22146, -1.48296], [34.22876, -1.47524], [34.2487, -1.47326], [34.25436, -1.46686], [34.27842, -1.46977], [34.28588, -1.4758], [34.2907, -1.46487], [34.30243, -1.46507], [34.30446, -1.49209], [34.28702, -1.50167], [34.28796, -1.51039], [34.26734, -1.53453], [34.24978, -1.59965], [34.24981, -1.64053], [34.25622, -1.6588], [34.24596, -1.70077], [34.24642, -1.78616], [34.1945, -1.77297]]], [[[33.71204, -1.41449], [33.71277, -1.40495], [33.71576, -1.40717], [33.71775, -1.41152], [33.71204, -1.41449]]], [[[33.71344, -1.39262], [33.70996, -1.40116], [33.69974, -1.40551], [33.69533, -1.39249], [33.71344, -1.39262]]], [[[33.69769, -1.38855], [33.6929, -1.39141], [33.69282, -1.38844], [33.69769, -1.38855]]], [[[33.6144, -1.50537], [33.61787, -1.49988], [33.62002, -1.50603], [33.6144, -1.50537]]]]}}, {"type": "Feature", "properties": {"shapeID": "72390352B7456768278221", "shapeName": "Musoma"}, "geometry": {"type": "MultiPolygon", "coordinates": [[[[33.77144, -1.89349], [33.75457, -1.89034], [33.75104, -1.92956], [33.75524, -1.93163], [33.75048, -1.93832], [33.7583, -1.94942], [33.73805, -1.9593], [33.71742, -1.96131], [33.71274, -1.96917], [33.67718, -1.97365], [33.65033, -1.99926], [33.62928, -2.00495], [33.61114, -2.02177], [33.60438, -2.03683], [33.59533, -2.03517], [33.59124, -2.04145], [33.57833, -2.03838], [33.55912, -2.02284], [33.55349, -2.01092], [33.56435, -1.99806], [33.55349, -1.9958], [33.54701, -1.98467], [33.54493, -1.99076], [33.53345, -1.98783], [33.53065, -1.98091], [33.53113, -1.97523], [33.53852, -1.96656], [33.53354, -1.95928], [33.52742, -1.9639], [33.50945, -1.95806], [33.49986, -1.96585], [33.49518, -1.95535], [33.47663, -1.94938], [33.46661, -1.95835], [33.46958, -1.94491], [33.49035, -1.92549], [33.46855, -1.90101], [33.45728, -1.90337], [33.45117, -1.88148], [33.4399, -1.87991], [33.42973, -1.89929], [33.4158, -1.89551], [33.37588, -1.91379], [33.3665, -1.92387], [33.35231, -1.92135], [33.3259, -1.94829], [33.29957, -1.94688], [33.28786, -1.93714], [33.29191, -1.91959], [33.31858, -1.89894], [33.32342, -1.85597], [33.31989, -1.85075], [33.32614, -1.84038], [33.375, -1.79625], [33.42325, -1.80961], [33.43997, -1.79729], [33.44094, -1.78923], [33.44727, -1.78909], [33.44219, -1.79743], [33.44344, -1.83648], [33.47564, -1.84482], [33.5096, -1.83424], [33.5209, -1.82672], [33.52392, -1.81608], [33.53701, -1.8178], [33.55723, -1.80376], [33.56469, -1.79485], [33.5614, -1.78909], [33.56907, -1.77695], [33.56668, -1.76889], [33.57398, -1.76047], [33.58249, -1.76805], [33.59863, -1.76143], [33.61765, -1.77782], [33.64876, -1.78387], [33.65782, -1.76297], [33.6489, -1.76092], [33.64608, -1.75068], [33.62915, -1.74887], [33.61964, -1.738], [33.59774, -1.73406], [33.58756, -1.7143], [33.56764, -1.7082], [33.56449, -1.69272], [33.55383, -1.69237], [33.53792, -1.6813], [33.54037, -1.67461], [33.55994, -1.67144], [33.5734, -1.6834], [33.60176, -1.6827], [33.62738, -1.66628], [33.64678, -1.67287], [33.65324, -1.68394], [33.66404, -1.68254], [33.67017, -1.67469], [33.69995, -1.68221], [33.71187, -1.65544], [33.71681, -1.66674], [33.75327, -1.67803], [33.75374, -1.69492], [33.74164, -1.71352], [33.75367, -1.7443], [33.76717, -1.75127], [33.77512, -1.80673], [33.76326, -1.825], [33.74149, -1.8391], [33.76026, -1.85879], [33.77699, -1.86595], [33.77144, -1.89349]]], [[[33.56728, -1.62286], [33.56611, -1.62052], [33.56935, -1.62027], [33.56728, -1.62286]]], [[[33.5488, -1.61372], [33.54921, -1.61205], [33.55085, -1.61325], [33.5488, -1.61372]]], [[[33.54347, -1.60959], [33.54455, -1.60926], [33.54504, -1.6108], [33.54347, -1.60959]]]]}}, {"type": "Feature", "properties": {"shapeID": "72390352B68648514157418", "shapeName": "Musoma Urban"}, "geometry": {"type": "Polygon", "coordinates": [[[33.84714, -1.55477], [33.81329, -1.55575], [33.788, -1.56925], [33.79051, -1.55543], [33.75417, -1.52864], [33.73817, -1.48086], [33.74225, -1.48497], [33.75941, -1.48124], [33.77766, -1.49406], [33.77838, -1.50051], [33.77979, -1.49444], [33.79841, -1.49144], [33.80494, -1.48329], [33.8037, -1.47393], [33.81133, -1.49425], [33.81861, -1.49263], [33.81093, -1.50069], [33.81921, -1.5023], [33.82873, -1.52216], [33.85321, -1.52419], [33.84714, -1.55477]]]}}, {"type": "Feature", "properties": {"shapeID": "72390352B17164070988815", "shapeName": "Rorya"}, "geometry": {"type": "MultiPolygon", "coordinates": [[[[34.18491, -1.51909], [34.17245, -1.52843], [34.17115, -1.54278], [34.13786, -1.57073], [34.10553, -1.55955], [34.07636, -1.53829], [34.05493, -1.53038], [34.03361, -1.53968], [33.99185, -1.53765], [33.96681, -1.52073], [33.9331, -1.51212], [33.94034, -1.49479], [33.92647, -1.49063], [33.89825, -1.50698], [33.88664, -1.4736], [33.87187, -1.48537], [33.86161, -1.47325], [33.85932, -1.4593], [33.85011, -1.45676], [33.85486, -1.45129], [33.85256, -1.43784], [33.83195, -1.42894], [33.8218, -1.43824], [33.78779, -1.43822], [33.78002, -1.41913], [33.77913, -1.40265], [33.80494, -1.38905], [33.81708, -1.40067], [33.81662, -1.41415], [33.82734, -1.40794], [33.84341, -1.41274], [33.85348, -1.40441], [33.85173, -1.39673], [33.8335, -1.38847], [33.81959, -1.39258], [33.82802, -1.37892], [33.8162, -1.37558], [33.80962, -1.36316], [33.81334, -1.35172], [33.7968, -1.35243], [33.79391, -1.34072], [33.79921, -1.32574], [33.82775, -1.33284], [33.84794, -1.32155], [33.85915, -1.32009], [33.862, -1.32717], [33.87348, -1.31961], [33.90309, -1.32481], [33.91981, -1.3385], [33.92909, -1.33179], [33.93773, -1.33603], [33.93535, -1.34364], [33.93541, -1.34624], [33.93661, -1.34842], [33.95753, -1.33593], [33.98096, -1.35082], [33.97947, -1.34569], [33.98609, -1.34096], [33.97954, -1.33142], [33.98446, -1.32762], [33.9575, -1.31664], [33.9509, -1.29965], [33.9392, -1.3025], [33.93685, -1.28669], [33.92388, -1.29227], [33.89651, -1.29049], [33.89023, -1.27309], [33.87093, -1.27039], [33.8651, -1.2633], [33.8679, -1.25591], [33.86045, -1.25144], [33.87263, -1.24665], [33.87117, -1.22958], [33.87732, -1.22752], [33.87879, -1.2167], [33.88783, -1.21683], [33.89918, -1.2057], [33.91092, -1.20801], [33.921, -1.19548], [33.93706, -1.19388], [33.95108, -1.1839], [33.96142, -1.18555], [33.96814, -1.16615], [33.97277, -1.17068], [33.98583, -1.16823], [33.99203, -1.147], [34.00813, -1.13898], [34.00148, -1.12325], [33.99192, -1.1273], [33.96988, -1.12297], [33.97114, -1.10486], [33.98963, -1.09991], [33.99021, -1.10919], [33.99523, -1.10968], [34.00725, -1.09006], [34.01152, -1.09461], [34.00859, -1.1023], [34.00924, -1.10465], [34.01686, -1.09958], [34.02469, -1.10986], [34.02789, -1.08994], [34.03124, -1.08655], [34.04081, -1.09449], [34.04627, -1.09272], [34.05274, -1.07556], [34.06182, -1.07619], [34.06491, -1.06445], [34.07335, -1.06434], [34.07804, -1.05765], [34.07662, -1.03388], [34.08648, -1.03536], [34.0927, -1.02622], [34.37666, -1.18633], [34.37087, -1.20104], [34.34138, -1.21096], [34.31995, -1.20669], [34.29884, -1.18986], [34.29252, -1.23554], [34.28214, -1.23477], [34.26934, -1.22412], [34.24026, -1.22413], [34.25778, -1.24142], [34.244, -1.26018], [34.26558, -1.31475], [34.24103, -1.31999], [34.26601, -1.33993], [34.28606, -1.33331], [34.28677, -1.32308], [34.30078, -1.3294], [34.31575, -1.34732], [34.31422, -1.36348], [34.2894, -1.38176], [34.24353, -1.37983], [34.20595, -1.39094], [34.18743, -1.40319], [34.16584, -1.46133], [34.16723, -1.49196], [34.18491, -1.51909]]], [[[33.847, -1.47214], [33.84769, -1.46642], [33.85137, -1.46898], [33.847, -1.47214]]], [[[33.77586, -1.38897], [33.76376, -1.38884], [33.76245, -1.38212], [33.77242, -1.37818], [33.77586, -1.38897]]], [[[33.76727, -1.40801], [33.765, -1.40635], [33.76568, -1.4013], [33.77435, -1.39783], [33.76727, -1.40801]]]]}}, {"type": "Feature", "properties": {"shapeID": "72390352B48676394939092", "shapeName": "Serengeti"}, "geometry": {"type": "Polygon", "coordinates": [[[35.2105, -2.06649], [35.26583, -2.3], [35.26592, -2.35534], [35.1602, -2.39145], [35.20637, -2.48507], [35.21815, -2.49829], [35.07761, -2.49752], [34.98969, -2.48563], [34.77509, -2.48684], [34.76638, -2.48012], [34.74283, -2.47813], [34.65568, -2.49104], [34.60801, -2.48391], [34.5655, -2.49048], [34.52508, -2.48525], [34.48813, -2.48942], [34.48924, -2.48532], [34.45332, -2.45403], [34.45138, -2.44488], [34.41848, -2.43058], [34.39927, -2.39799], [34.38524, -2.39752], [34.37338, -2.38696], [34.36032, -2.38824], [34.35564, -2.37413], [34.34779, -2.3761], [34.32525, -2.36532], [34.2945, -2.32166], [34.29687, -2.31099], [34.27684, -2.30227], [34.25411, -2.31002], [34.24259, -2.30345], [34.22794, -2.30658], [34.21542, -2.29878], [34.23304, -2.24065], [34.2382, -2.19477], [34.23105, -2.14729], [34.23921, -2.1285], [34.23823, -2.09314], [34.24503, -2.06763], [34.24141, -2.03961], [34.25032, -2.01823], [34.2731, -2.00572], [34.31455, -1.96681], [34.31209, -1.95301], [34.32242, -1.9338], [34.29485, -1.90922], [34.31442, -1.88002], [34.31124, -1.86357], [34.27853, -1.83501], [34.26676, -1.80479], [34.24642, -1.78616], [34.24491, -1.76237], [34.24596, -1.70077], [34.25142, -1.69358], [34.2472, -1.68728], [34.25622, -1.6588], [34.24981, -1.64053], [34.24978, -1.59965], [34.26734, -1.53453], [34.28796, -1.51039], [34.28702, -1.50167], [34.30446, -1.49209], [34.30605, -1.46464], [34.32461, -1.46885], [34.32898, -1.49891], [34.33639, -1.49772], [34.33662, -1.50583], [34.34201, -1.50208], [34.34632, -1.51465], [34.35287, -1.50525], [34.35004, -1.49792], [34.36322, -1.4998], [34.36542, -1.50959], [34.37884, -1.50314], [34.38032, -1.4958], [34.38264, -1.49979], [34.38733, -1.49479], [34.38773, -1.50358], [34.39719, -1.50457], [34.40657, -1.4988], [34.40346, -1.49535], [34.4084, -1.49045], [34.40741, -1.49598], [34.42084, -1.49729], [34.42917, -1.49251], [34.43111, -1.49633], [34.43023, -1.48904], [34.43512, -1.49269], [34.44065, -1.48764], [34.44088, -1.49643], [34.47468, -1.48943], [34.47271, -1.49571], [34.48003, -1.49917], [34.49357, -1.49207], [34.49644, -1.49907], [34.52077, -1.49775], [34.5236, -1.50533], [34.52712, -1.50083], [34.533, -1.50615], [34.545, -1.502], [34.55194, -1.50862], [34.5552, -1.50338], [34.56361, -1.51908], [34.55499, -1.52064], [34.55398, -1.55267], [34.54426, -1.55556], [34.5446, -1.56637], [34.53608, -1.57355], [34.54794, -1.59019], [34.56211, -1.58508], [34.55548, -1.5767], [34.56685, -1.57002], [34.57464, -1.57182], [34.56999, -1.58029], [34.58254, -1.59049], [34.57743, -1.59907], [34.58796, -1.60583], [34.60079, -1.59619], [34.62723, -1.59583], [34.63389, -1.58601], [34.63989, -1.58885], [34.64211, -1.57039], [34.65305, -1.56766], [34.65903, -1.55748], [34.67588, -1.56063], [34.69406, -1.55062], [34.69944, -1.52227], [34.6952, -1.49335], [34.7087, -1.45805], [34.7351, -1.437], [34.78303, -1.4163], [34.94921, -1.52031], [35.03048, -1.58184], [35.18425, -1.66274], [35.25607, -1.68697], [35.2105, -2.06649]]]}}, {"type": "Feature", "properties": {"shapeID": "72390352B9041864776563", "shapeName": "Tarime"}, "geometry": {"type": "Polygon", "coordinates": [[[34.2907, -1.46487], [34.28588, -1.4758], [34.27842, -1.46977], [34.25436, -1.46686], [34.2487, -1.47326], [34.22876, -1.47524], [34.22146, -1.48296], [34.19807, -1.48207], [34.16723, -1.49196], [34.16419, -1.46883], [34.17307, -1.43194], [34.18435, -1.41974], [34.18743, -1.40319], [34.20595, -1.39094], [34.24353, -1.37983], [34.2894, -1.38176], [34.31422, -1.36348], [34.31575, -1.34732], [34.30078, -1.3294], [34.28677, -1.32308], [34.28606, -1.33331], [34.26601, -1.33993], [34.24103, -1.31999], [34.26558, -1.31475], [34.244, -1.26018], [34.25778, -1.24142], [34.24026, -1.22413], [34.26934, -1.22412], [34.28214, -1.23477], [34.29538, -1.23461], [34.29884, -1.18986], [34.31995, -1.20669], [34.34138, -1.21096], [34.37087, -1.20104], [34.37666, -1.18633], [34.78303, -1.4163], [34.7351, -1.437], [34.7087, -1.45805], [34.6952, -1.49335], [34.69944, -1.52227], [34.69406, -1.55062], [34.67588, -1.56063], [34.65903, -1.55748], [34.65305, -1.56766], [34.64211, -1.57039], [34.63989, -1.58885], [34.63389, -1.58601], [34.62723, -1.59583], [34.60079, -1.59619], [34.58796, -1.60583], [34.57743, -1.59907], [34.58254, -1.59049], [34.56999, -1.58029], [34.57464, -1.57182], [34.56685, -1.57002], [34.55548, -1.5767], [34.56211, -1.58508], [34.54794, -1.59019], [34.53608, -1.57355], [34.5446, -1.56637], [34.54426, -1.55556], [34.55398, -1.55267], [34.55499, -1.52064], [34.56361, -1.51908], [34.5552, -1.50338], [34.55194, -1.50862], [34.545, -1.502], [34.533, -1.50615], [34.52712, -1.50083], [34.5236, -1.50533], [34.52077, -1.49775], [34.49644, -1.49907], [34.49357, -1.49207], [34.48003, -1.49917], [34.47271, -1.49571], [34.47468, -1.48943], [34.44088, -1.49643], [34.44065, -1.48764], [34.43512, -1.49269], [34.43023, -1.48904], [34.43111, -1.49633], [34.42917, -1.49251], [34.42084, -1.49729], [34.40741, -1.49598], [34.4084, -1.49045], [34.40346, -1.49535], [34.40657, -1.4988], [34.39719, -1.50457], [34.38773, -1.50358], [34.38733, -1.49479], [34.38264, -1.49979], [34.38032, -1.4958], [34.37884, -1.50314], [34.36542, -1.50959], [34.36322, -1.4998], [34.35004, -1.49792], [34.35287, -1.50525], [34.34632, -1.51465], [34.34201, -1.50208], [34.33662, -1.50583], [34.33639, -1.49772], [34.32898, -1.49891], [34.32461, -1.46885], [34.31367, -1.46353], [34.2907, -1.46487]]]}}, {"type": "Feature", "properties": {"shapeID": "72390352B92011686492741", "shapeName": "Chunya"}, "geometry": {"type": "Polygon", "coordinates": [[[34.19923, -7.49447], [34.26763, -7.58998], [34.27115, -7.61868], [34.24857, -7.75159], [34.22384, -7.76814], [34.17402, -7.77957], [34.03809, -7.77959], [33.94005, -7.79235], [33.85765, -7.79599], [33.83271, -7.81394], [33.82565, -7.82679], [33.81837, -7.86145], [33.82001, -7.92198], [33.81553, -7.94403], [33.78705, -7.97309], [33.75121, -7.99322], [33.73745, -8.01511], [33.70822, -8.04007], [33.65771, -8.06999], [33.64242, -8.14155], [33.63023, -8.15446], [33.61423, -8.18743], [33.60948, -8.23536], [33.61231, -8.28445], [33.66957, -8.31782], [33.67666, -8.33652], [33.69961, -8.35107], [33.71119, -8.37456], [33.70941, -8.43343], [33.69358, -8.44822], [33.67881, -8.47908], [33.67461, -8.54454], [33.66213, -8.56515], [33.66647, -8.61956], [33.65252, -8.62971], [33.62193, -8.6816], [33.54299, -8.68473], [33.54291, -8.69102], [33.53203, -8.69728], [33.50536, -8.69477], [33.47928, -8.68076], [33.43664, -8.63602], [33.41382, -8.64955], [33.39761, -8.65203], [33.37408, -8.67089], [33.35594, -8.66974], [33.34666, -8.67598], [33.35636, -8.70146], [33.35856, -8.72789], [33.38058, -8.73748], [33.29946, -8.73913], [33.2766, -8.74674], [33.22402, -8.72328], [33.23159, -8.70217], [33.20888, -8.68818], [33.20916, -8.66173], [33.19247, -8.64639], [33.17519, -8.61791], [33.15064, -8.60239], [33.13055, -8.57749], [33.12558, -8.49378], [33.09231, -8.48954], [33.08756, -8.47584], [33.07389, -8.46406], [33.04724, -8.45615], [33.04442, -8.44891], [33.0547, -8.43501], [33.0625, -8.38601], [33.10386, -8.37435], [33.11839, -8.34972], [33.13831, -8.33987], [33.1471, -8.32183], [33.16178, -8.31495], [33.16235, -8.28859], [33.15255, -8.27123], [33.11991, -8.25734], [33.09847, -8.26213], [33.05057, -8.25149], [33.03363, -8.25424], [33.02208, -8.27322], [32.99569, -8.29168], [32.97523, -8.29188], [32.9761, -8.28156], [32.96961, -8.27472], [32.97299, -8.26793], [32.96841, -8.25783], [32.97926, -8.24968], [32.9767, -8.24257], [32.98122, -8.23828], [32.97103, -8.2102], [32.9773, -8.19885], [32.97065, -8.17609], [32.99031, -8.14812], [32.9939, -8.09723], [33.0032, -8.07242], [33.01783, -8.05958], [33.02916, -8.02598], [33.02925, -8.00772], [33.01976, -7.98427], [33.08657, -7.86894], [32.93214, -7.87185], [32.97155, -7.78495], [32.99195, -7.7543], [33.0397, -7.75531], [33.03156, -7.74363], [33.03006, -7.62593], [33.03914, -7.53551], [33.01437, -7.52769], [32.98447, -7.52823], [32.94153, -7.54559], [32.9187, -7.54775], [32.91327, -7.50218], [32.89788, -7.46598], [32.89499, -6.95884], [32.89531, -6.92558], [32.90187, -6.90529], [32.91544, -6.90306], [32.91785, -6.89499], [32.94241, -6.89705], [32.98174, -6.86667], [32.99531, -6.86513], [33.01025, -6.87337], [33.02614, -6.86511], [33.04675, -6.87014], [33.06599, -6.86579], [33.09612, -6.88555], [33.11949, -6.91129], [33.15349, -6.91695], [33.17737, -6.93273], [33.18425, -6.948], [33.20401, -6.9528], [33.23166, -6.95571], [33.28112, -6.94281], [33.29968, -6.94829], [33.31479, -6.9421], [33.32373, -6.94965], [33.3677, -6.95871], [33.37491, -6.95012], [33.38848, -6.94668], [33.41356, -6.94786], [33.42301, -6.95643], [33.4467, -6.94165], [33.46251, -6.94524], [33.47538, -6.94059], [33.51422, -6.9572], [33.54834, -6.95501], [33.57399, -6.99292], [33.62301, -7.01951], [33.64147, -7.02132], [33.67011, -7.04609], [33.67532, -7.04319], [33.69538, -7.08129], [33.71674, -7.08609], [33.73765, -7.1073], [33.79818, -7.12187], [33.80736, -7.14478], [33.78513, -7.29699], [33.80159, -7.37929], [33.81402, -7.40656], [33.81789, -7.45393], [33.79817, -7.5021], [33.79626, -7.51677], [33.80113, -7.52406], [33.87956, -7.53054], [33.91463, -7.52521], [33.93643, -7.53477], [33.97792, -7.53056], [34.0154, -7.47396], [34.00503, -7.45178], [34.00499, -7.43485], [34.01801, -7.41422], [34.1938, -7.37077], [34.19923, -7.49447]]]}}, {"type": "Feature", "properties": {"shapeID": "72390352B41643980878870", "shapeName": "Kyela"}, "geometry": {"type": "Polygon", "coordinates": [[[34.08472, -9.52055], [34.05912, -9.53515], [34.02574, -9.50013], [33.99428, -9.50021], [33.96895, -9.52128], [33.94535, -9.57219], [33.95568, -9.61302], [33.96471, -9.62226], [33.95278, -9.63843], [33.95561, -9.65437], [33.94368, -9.6779], [33.93926, -9.71872], [33.93285, -9.70962], [33.91556, -9.71449], [33.90533, -9.69089], [33.89987, -9.69656], [33.89886, -9.68893], [33.89124, -9.68911], [33.89012, -9.67984], [33.8807, -9.68317], [33.8816, -9.67397], [33.87468, -9.67489], [33.86642, -9.6604], [33.85284, -9.66161], [33.85039, -9.65156], [33.84462, -9.65232], [33.84724, -9.64752], [33.84423, -9.65047], [33.84024, -9.64235], [33.82675, -9.64237], [33.81359, -9.6322], [33.81417, -9.61735], [33.80064, -9.6138], [33.80147, -9.6063], [33.78802, -9.60617], [33.77368, -9.58639], [33.74201, -9.58281], [33.72655, -9.58779], [33.72312, -9.58362], [33.70893, -9.60997], [33.69953, -9.6146], [33.69444, -9.61031], [33.6974, -9.59732], [33.67102, -9.58136], [33.66816, -9.5477], [33.6901, -9.53739], [33.67752, -9.52796], [33.67932, -9.50594], [33.68957, -9.50289], [33.67573, -9.4941], [33.67032, -9.46587], [33.70247, -9.4608], [33.71332, -9.48021], [33.72648, -9.48793], [33.7391, -9.49023], [33.74663, -9.4853], [33.7659, -9.49392], [33.77938, -9.47374], [33.81001, -9.45133], [33.85789, -9.45187], [33.86169, -9.43166], [33.85443, -9.41981], [33.8602, -9.41597], [33.87131, -9.41615], [33.88394, -9.43716], [33.89506, -9.43678], [33.91298, -9.41643], [33.92395, -9.41711], [33.93893, -9.40838], [33.96233, -9.3781], [33.97904, -9.36843], [33.98903, -9.39383], [34.00982, -9.40824], [34.06739, -9.49662], [34.08975, -9.50757], [34.08472, -9.52055]]]}}, {"type": "Feature", "properties": {"shapeID": "72390352B36245556910711", "shapeName": "Mbarali"}, "geometry": {"type": "Polygon", "coordinates": [[[34.35476, -7.73072], [34.38621, -7.73341], [34.50909, -7.71143], [34.62911, -7.72332], [34.68102, -7.73965], [34.75151, -7.82539], [34.8506, -7.90062], [34.85701, -7.92877], [34.89661, -7.99787], [34.91915, -8.04994], [34.94302, -8.08686], [34.96807, -8.09973], [34.95328, -8.11529], [34.93913, -8.14483], [34.90896, -8.16388], [34.86383, -8.22287], [34.83666, -8.24633], [34.82667, -8.26796], [34.81585, -8.27343], [34.79718, -8.3023], [34.74693, -8.3572], [34.73459, -8.38346], [34.69867, -8.40863], [34.68321, -8.44992], [34.71389, -8.47896], [34.72501, -8.51371], [34.71259, -8.57883], [34.71793, -8.59707], [34.71778, -8.63544], [34.70793, -8.64255], [34.6992, -8.6642], [34.67415, -8.66495], [34.58987, -8.69077], [34.55671, -8.74445], [34.54567, -8.78738], [34.51133, -8.81017], [34.50449, -8.80524], [34.45782, -8.81062], [34.4188, -8.82529], [34.39157, -8.82879], [34.29298, -8.82458], [34.28544, -8.91955], [34.23652, -8.93609], [34.19998, -8.93782], [34.15819, -8.85861], [34.12349, -8.83908], [34.05636, -8.84196], [34.05536, -8.87741], [34.0423, -8.88493], [34.03856, -8.89876], [33.99304, -8.88629], [33.99201, -8.86683], [33.90098, -8.87471], [33.89993, -8.83962], [33.84777, -8.84267], [33.83731, -8.86449], [33.82747, -8.91101], [33.81813, -8.90858], [33.81331, -8.87315], [33.79098, -8.82144], [33.74748, -8.79701], [33.7069, -8.79979], [33.69687, -8.7857], [33.67539, -8.77762], [33.64774, -8.79381], [33.63005, -8.83014], [33.55525, -8.83488], [33.55016, -8.82133], [33.56984, -8.76645], [33.57871, -8.71586], [33.62193, -8.6816], [33.65252, -8.62971], [33.66819, -8.61561], [33.66213, -8.56515], [33.67461, -8.54454], [33.67881, -8.47908], [33.69358, -8.44822], [33.70941, -8.43343], [33.71119, -8.37456], [33.69961, -8.35107], [33.68098, -8.34183], [33.66957, -8.31782], [33.61162, -8.28239], [33.61423, -8.18743], [33.63023, -8.15446], [33.64242, -8.14155], [33.65771, -8.06999], [33.70822, -8.04007], [33.73745, -8.01511], [33.75121, -7.99322], [33.78705, -7.97309], [33.81553, -7.94403], [33.82001, -7.92198], [33.81837, -7.86145], [33.83271, -7.81394], [33.85765, -7.79599], [33.94005, -7.79235], [34.03809, -7.77959], [34.17402, -7.77957], [34.22384, -7.76814], [34.24857, -7.75159], [34.27115, -7.61868], [34.35476, -7.73072]]]}}, {"type": "Feature", "properties": {"shapeID": "72390352B82808491826054", "shapeName": "Mbeya"}, "geometry": {"type": "Polygon", "coordinates": [[[33.2766, -8.74674], [33.29946, -8.73913], [33.38058, -8.73748], [33.35856, -8.72789], [33.35636, -8.70146], [33.34666, -8.67598], [33.35594, -8.66974], [33.37408, -8.67089], [33.39761, -8.65203], [33.41382, -8.64955], [33.43664, -8.63602], [33.47928, -8.68076], [33.50536, -8.69477], [33.53203, -8.69728], [33.54291, -8.69102], [33.54299, -8.68473], [33.62193, -8.6816], [33.57871, -8.71586], [33.56984, -8.76645], [33.55016, -8.82133], [33.55907, -8.84505], [33.53727, -8.86958], [33.51577, -8.84985], [33.50915, -8.85196], [33.49732, -8.84097], [33.47215, -8.83087], [33.44525, -8.83795], [33.41791, -8.85124], [33.4177, -8.85714], [33.37449, -8.8481], [33.37344, -8.85849], [33.38411, -8.88434], [33.37471, -8.90704], [33.36768, -8.90686], [33.36102, -8.91825], [33.36547, -8.93079], [33.39589, -8.95237], [33.43692, -8.9401], [33.43623, -8.93494], [33.4584, -8.94268], [33.47906, -8.93538], [33.49158, -8.95395], [33.49962, -8.95163], [33.49401, -8.96214], [33.52938, -8.97024], [33.52442, -8.92897], [33.54, -8.93367], [33.54447, -8.92532], [33.55414, -8.93142], [33.55943, -8.97609], [33.57542, -8.97868], [33.57617, -8.95314], [33.56445, -8.92734], [33.57754, -8.93261], [33.58474, -8.92976], [33.56481, -8.88928], [33.57066, -8.88843], [33.57509, -8.85344], [33.58998, -8.833], [33.63005, -8.83014], [33.64774, -8.79381], [33.67539, -8.77762], [33.69687, -8.7857], [33.7069, -8.79979], [33.74748, -8.79701], [33.79098, -8.82144], [33.81331, -8.87315], [33.8252, -8.96037], [33.82699, -9.03888], [33.73843, -9.01891], [33.70098, -9.03629], [33.67161, -9.03856], [33.65887, -9.03256], [33.64917, -9.00368], [33.64227, -8.99898], [33.60341, -8.99138], [33.52536, -8.99282], [33.5104, -8.97853], [33.45859, -8.99579], [33.45303, -9.00312], [33.45897, -9.05028], [33.42799, -9.07924], [33.43387, -9.08567], [33.43321, -9.10282], [33.44908, -9.11014], [33.45276, -9.12014], [33.45019, -9.14268], [33.43738, -9.15033], [33.44064, -9.15534], [33.42921, -9.19607], [33.43562, -9.26026], [33.43194, -9.27027], [33.43695, -9.27419], [33.41892, -9.33387], [33.40512, -9.3239], [33.38458, -9.32489], [33.36979, -9.28424], [33.35881, -9.281], [33.3447, -9.28787], [33.3373, -9.26749], [33.32674, -9.26007], [33.32211, -9.23872], [33.30316, -9.23599], [33.28341, -9.23458], [33.25346, -9.24934], [33.23294, -9.2641], [33.23261, -9.2758], [33.20942, -9.29779], [33.14383, -9.2957], [33.12917, -9.28614], [33.11758, -9.26919], [33.13072, -9.24073], [33.14725, -9.2447], [33.16306, -9.22084], [33.16608, -9.2053], [33.19744, -9.19141], [33.2535, -9.18892], [33.25978, -9.17239], [33.26652, -9.16904], [33.26628, -9.15468], [33.2109, -9.13119], [33.21316, -9.11473], [33.2347, -9.088], [33.22066, -9.04664], [33.21335, -9.03996], [33.22316, -8.99539], [33.2162, -8.97979], [33.22603, -8.96759], [33.22673, -8.9533], [33.20945, -8.90952], [33.21467, -8.90137], [33.22459, -8.90198], [33.22833, -8.89678], [33.21833, -8.88568], [33.19437, -8.88096], [33.18452, -8.87087], [33.18139, -8.85247], [33.16661, -8.83635], [33.17237, -8.8276], [33.17019, -8.8203], [33.14106, -8.81498], [33.09725, -8.78767], [33.04961, -8.75108], [33.04465, -8.74142], [33.03201, -8.73972], [33.01932, -8.71496], [33.01007, -8.70959], [33.06286, -8.61767], [33.07197, -8.60927], [33.08875, -8.60869], [33.12657, -8.64492], [33.14407, -8.69048], [33.16713, -8.70409], [33.2766, -8.74674]]]}}, {"type": "Feature", "properties": {"shapeID": "72390352B25057310038558", "shapeName": "Mbeya Urban"}, "geometry": {"type": "Polygon", "coordinates": [[[33.58998, -8.833], [33.57509, -8.85344], [33.57066, -8.88843], [33.56481, -8.88928], [33.58474, -8.92976], [33.57754, -8.93261], [33.56445, -8.92734], [33.57617, -8.95314], [33.57542, -8.97868], [33.55943, -8.97609], [33.55414, -8.93142], [33.54447, -8.92532], [33.54, -8.93367], [33.52442, -8.92897], [33.52938, -8.97024], [33.49401, -8.96214], [33.49962, -8.95163], [33.49158, -8.95395], [33.47906, -8.93538], [33.4584, -8.94268], [33.43623, -8.93494], [33.43692, -8.9401], [33.39589, -8.95237], [33.36547, -8.93079], [33.36102, -8.91825], [33.36768, -8.90686], [33.37471, -8.90704], [33.38411, -8.88434], [33.37344, -8.85849], [33.37449, -8.8481], [33.4177, -8.85714], [33.41791, -8.85124], [33.44525, -8.83795], [33.47215, -8.83087], [33.49732, -8.84097], [33.50915, -8.85196], [33.51577, -8.84985], [33.53727, -8.86958], [33.55907, -8.84505], [33.55525, -8.83488], [33.58998, -8.833]]]}}, {"type": "Feature", "properties": {"shapeID": "72390352B86695961679763", "shapeName": "Rungwe"}, "geometry": {"type": "Polygon", "coordinates": [[[33.96233, -9.3781], [33.93893, -9.40838], [33.92395, -9.41711], [33.91298, -9.41643], [33.89506, -9.43678], [33.88394, -9.43716], [33.87131, -9.41615], [33.8602, -9.41597], [33.85443, -9.41981], [33.86169, -9.43166], [33.85789, -9.45187], [33.81001, -9.45133], [33.77938, -9.47374], [33.7659, -9.49392], [33.74663, -9.4853], [33.7391, -9.49023], [33.72648, -9.48793], [33.71332, -9.48021], [33.70247, -9.4608], [33.67094, -9.46709], [33.66106, -9.45023], [33.62363, -9.44878], [33.61026, -9.40114], [33.58799, -9.37989], [33.58706, -9.37156], [33.5629, -9.35918], [33.55968, -9.34868], [33.52413, -9.32252], [33.51311, -9.32989], [33.5109, -9.31149], [33.47927, -9.30268], [33.4544, -9.24302], [33.4637, -9.22918], [33.46621, -9.21152], [33.45134, -9.19591], [33.44823, -9.16103], [33.43738, -9.15033], [33.45019, -9.14268], [33.45276, -9.12014], [33.44908, -9.11014], [33.43321, -9.10282], [33.43387, -9.08567], [33.42795, -9.08079], [33.43745, -9.06575], [33.45897, -9.05028], [33.45357, -8.99941], [33.5104, -8.97853], [33.52536, -8.99282], [33.60341, -8.99138], [33.64227, -8.99898], [33.64917, -9.00368], [33.65887, -9.03256], [33.67161, -9.03856], [33.70098, -9.03629], [33.73843, -9.01891], [33.82699, -9.03888], [33.81099, -9.06411], [33.82163, -9.07329], [33.82741, -9.08848], [33.84768, -9.10203], [33.84675, -9.14211], [33.85933, -9.15765], [33.8393, -9.18322], [33.83776, -9.19484], [33.87085, -9.23445], [33.92138, -9.25038], [33.94821, -9.28734], [33.9698, -9.30461], [33.98195, -9.32808], [33.98399, -9.35945], [33.96233, -9.3781]]]}}, {"type": "Feature", "properties": {"shapeID": "72390352B70436774950451", "shapeName": "Magharibi"}, "geometry": {"type": "Polygon", "coordinates": [[[39.24082, -6.03836], [39.27878, -6.02796], [39.28638, -6.05074], [39.275, -6.07578], [39.27822, -6.10067], [39.26907, -6.14562], [39.27869, -6.16939], [39.27457, -6.18071], [39.28505, -6.19284], [39.28778, -6.20712], [39.30955, -6.22887], [39.30996, -6.23706], [39.29381, -6.23627], [39.3055, -6.27265], [39.2942, -6.25348], [39.27979, -6.25726], [39.28491, -6.27894], [39.29648, -6.29626], [39.29697, -6.32159], [39.27263, -6.31637], [39.24642, -6.26909], [39.2328, -6.2636], [39.22612, -6.25389], [39.21629, -6.25296], [39.21001, -6.22711], [39.19974, -6.22026], [39.20142, -6.20526], [39.20744, -6.19317], [39.21605, -6.19552], [39.22677, -6.16449], [39.22078, -6.14177], [39.21119, -6.13791], [39.21541, -6.09396], [39.20259, -6.05495], [39.20424, -6.03545], [39.24082, -6.03836]]]}}, {"type": "Feature", "properties": {"shapeID": "72390352B88201413510937", "shapeName": "Mjini"}, "geometry": {"type": "Polygon", "coordinates": [[[39.22078, -6.14177], [39.22677, -6.16449], [39.21605, -6.19552], [39.20744, -6.19317], [39.18559, -6.16307], [39.1921, -6.15457], [39.2014, -6.15667], [39.21119, -6.13791], [39.22078, -6.14177]]]}}, {"type": "Feature", "properties": {"shapeID": "72390352B71030681800047", "shapeName": "Gairo"}, "geometry": {"type": "Polygon", "coordinates": [[[36.76674, -6.41399], [36.79936, -6.40346], [36.84938, -6.35663], [36.84891, -6.26298], [36.81623, -6.05446], [36.86803, -6.00768], [36.89749, -5.99853], [36.94075, -5.97347], [36.96399, -5.92519], [36.99529, -5.91366], [36.99885, -5.91766], [37.07393, -5.85829], [37.12544, -5.96437], [37.14618, -5.98969], [37.17537, -6.00052], [37.23289, -6.00008], [37.24659, -5.9934], [37.2897, -5.98993], [37.30244, -5.97915], [37.32746, -5.9815], [37.34541, -5.97456], [37.3874, -5.99371], [37.38345, -6.05127], [37.36683, -6.06396], [37.37039, -6.07787], [37.37706, -6.08201], [37.36855, -6.0906], [37.37519, -6.10658], [37.36966, -6.10824], [37.35194, -6.14164], [37.35369, -6.15786], [37.34687, -6.16028], [37.32009, -6.20794], [37.30934, -6.21015], [37.28818, -6.18238], [37.27408, -6.17665], [37.26568, -6.14654], [37.24183, -6.14366], [37.18067, -6.12004], [37.14566, -6.08119], [37.12088, -6.07105], [37.11671, -6.05699], [37.09928, -6.04223], [37.0875, -6.0487], [37.08059, -6.07985], [37.03661, -6.08486], [37.00741, -6.0811], [36.98048, -6.09546], [36.97536, -6.12342], [36.95135, -6.14473], [36.9548, -6.17845], [36.92103, -6.18121], [36.90723, -6.20418], [36.92014, -6.22547], [36.91917, -6.2488], [36.92769, -6.25267], [36.92099, -6.2551], [36.93443, -6.29167], [36.96098, -6.28781], [36.96557, -6.29472], [36.96583, -6.29068], [37.00886, -6.28087], [37.00952, -6.29647], [37.00326, -6.30651], [36.98996, -6.309], [36.99106, -6.3784], [37.04115, -6.4033], [37.01954, -6.42088], [37.03848, -6.44186], [37.02787, -6.48649], [37.03017, -6.50626], [36.96094, -6.50509], [36.95444, -6.5196], [36.92601, -6.53649], [36.91199, -6.57047], [36.89225, -6.57405], [36.89623, -6.58236], [36.88357, -6.59659], [36.86777, -6.57952], [36.84974, -6.58204], [36.82602, -6.57524], [36.78565, -6.57897], [36.77303, -6.55792], [36.7574, -6.54945], [36.74821, -6.55438], [36.74471, -6.49827], [36.72172, -6.49186], [36.72528, -6.45853], [36.76674, -6.41399]]]}}, {"type": "Feature", "properties": {"shapeID": "72390352B25590445201102", "shapeName": "Kilombero"}, "geometry": {"type": "Polygon", "coordinates": [[[36.02211, -8.35568], [36.10643, -8.28771], [36.14027, -8.22985], [36.18932, -8.17854], [36.30143, -8.08361], [36.41437, -8.01615], [36.46339, -7.97972], [36.46397, -8.02664], [36.71144, -8.02382], [36.70161, -8.00978], [36.70151, -7.97904], [36.81225, -7.81778], [36.83406, -7.77612], [36.83047, -7.73619], [36.84481, -7.64695], [36.85571, -7.63451], [36.88591, -7.64007], [36.89937, -7.63406], [36.90997, -7.6433], [36.94286, -7.63958], [36.95534, -7.65352], [36.98419, -7.66064], [36.99362, -7.66932], [37.01787, -7.67702], [37.02433, -7.6886], [37.03441, -7.68898], [37.0349, -7.69815], [37.04534, -7.70961], [37.05597, -7.71045], [37.05721, -7.71514], [37.04839, -7.72089], [37.05137, -7.72534], [37.06148, -7.72229], [37.0765, -7.72732], [37.09778, -7.74341], [37.10458, -7.75084], [37.09905, -7.76889], [37.11067, -7.7786], [37.12279, -7.77532], [37.11276, -7.84195], [37.12069, -7.86822], [37.12924, -7.87272], [37.1449, -7.86183], [37.18515, -7.86185], [37.24113, -7.85289], [37.28441, -7.8568], [37.29613, -7.86947], [37.30581, -7.87138], [37.31269, -7.86412], [37.32713, -7.8672], [37.33687, -7.85306], [37.36552, -7.86009], [37.40055, -7.88413], [37.41036, -7.88061], [37.41492, -7.86633], [37.43328, -7.84752], [37.44744, -7.85053], [37.44734, -7.84666], [37.4615, -7.84573], [37.47897, -7.86185], [37.50718, -7.84797], [37.51614, -7.86633], [37.52913, -7.87439], [37.57302, -7.88649], [37.59318, -7.88693], [37.60079, -7.87081], [37.61692, -7.8735], [37.63952, -7.90046], [37.73919, -7.87395], [37.74815, -7.87708], [37.76069, -7.90261], [37.79699, -7.91481], [37.79414, -7.92718], [37.80106, -7.93253], [37.76285, -7.94444], [37.7197, -7.97864], [37.68749, -8.05334], [37.67144, -8.07168], [37.6516, -8.11821], [37.63282, -8.21624], [37.58078, -8.31782], [37.5571, -8.39621], [37.50016, -8.47814], [37.44092, -8.51469], [37.43757, -8.52843], [37.26947, -8.53523], [37.25479, -8.57367], [37.2062, -8.59497], [37.15992, -8.57427], [37.15399, -8.56748], [37.14514, -8.52718], [37.15395, -8.48138], [37.14463, -8.4664], [37.15237, -8.42699], [37.13238, -8.41595], [37.11024, -8.41623], [37.09783, -8.42495], [37.09437, -8.44197], [37.08775, -8.44114], [37.07099, -8.4208], [37.06476, -8.39971], [37.07011, -8.34179], [37.06085, -8.30921], [37.03427, -8.29776], [36.96144, -8.29821], [36.95941, -8.28076], [36.92397, -8.27095], [36.91383, -8.24654], [36.89175, -8.23834], [36.89819, -8.20539], [36.90862, -8.19491], [36.9062, -8.18794], [36.89156, -8.17755], [36.88285, -8.17826], [36.88209, -8.16863], [36.86674, -8.16545], [36.83549, -8.17226], [36.82126, -8.16521], [36.8138, -8.17271], [36.80064, -8.16461], [36.7966, -8.17873], [36.78739, -8.16726], [36.76729, -8.1828], [36.74283, -8.18855], [36.73459, -8.18204], [36.71769, -8.19313], [36.71347, -8.1828], [36.70193, -8.17703], [36.69933, -8.189], [36.6898, -8.19532], [36.68045, -8.17598], [36.67313, -8.19267], [36.66641, -8.19106], [36.66264, -8.19846], [36.65445, -8.20006], [36.65319, -8.21392], [36.63882, -8.21246], [36.6331, -8.20626], [36.61294, -8.2109], [36.60694, -8.20429], [36.60818, -8.21203], [36.60099, -8.21901], [36.5804, -8.21871], [36.57832, -8.22873], [36.56617, -8.23523], [36.55344, -8.23259], [36.55615, -8.25184], [36.54434, -8.2467], [36.5426, -8.26659], [36.53365, -8.26531], [36.53343, -8.2764], [36.515, -8.26365], [36.50788, -8.27068], [36.49642, -8.26356], [36.4972, -8.25845], [36.48941, -8.27061], [36.47829, -8.26966], [36.48374, -8.27301], [36.4843, -8.28444], [36.45874, -8.29023], [36.4517, -8.30353], [36.44331, -8.29996], [36.44147, -8.31097], [36.42245, -8.31899], [36.41619, -8.31461], [36.41427, -8.32464], [36.39238, -8.33491], [36.3768, -8.33477], [36.38064, -8.34184], [36.37074, -8.34308], [36.37212, -8.3497], [36.36479, -8.34598], [36.36328, -8.35609], [36.35247, -8.35834], [36.3571, -8.36105], [36.35758, -8.37843], [36.35258, -8.38164], [36.35834, -8.3847], [36.35273, -8.3869], [36.36202, -8.3908], [36.35126, -8.4019], [36.33959, -8.40078], [36.32907, -8.41425], [36.3244, -8.41118], [36.31516, -8.43591], [36.30348, -8.43387], [36.28975, -8.43973], [36.26329, -8.46314], [36.25111, -8.46517], [36.25418, -8.45995], [36.23552, -8.45814], [36.23136, -8.45067], [36.21519, -8.45537], [36.20674, -8.46274], [36.20611, -8.47517], [36.19694, -8.48896], [36.19884, -8.49694], [36.18806, -8.50303], [36.18755, -8.51096], [36.18191, -8.51077], [36.16513, -8.53806], [36.1615, -8.55563], [36.14849, -8.55616], [36.12518, -8.59213], [36.11151, -8.59134], [36.07414, -8.61485], [36.072, -8.6311], [36.05245, -8.63797], [35.9998, -8.70204], [36.00073, -8.71111], [35.98408, -8.7386], [35.98339, -8.74927], [35.97405, -8.75603], [35.96049, -8.81064], [35.95081, -8.81851], [35.95541, -8.82484], [35.94846, -8.82657], [35.947, -8.83962], [35.94174, -8.84008], [35.94029, -8.88464], [35.91082, -8.938], [35.91443, -8.94733], [35.91063, -8.97378], [35.8827, -9.0153], [35.87527, -9.01578], [35.8867, -9.04241], [35.8784, -9.05305], [35.89606, -9.06037], [35.89264, -9.07347], [35.89854, -9.07616], [35.89505, -9.07818], [35.90158, -9.08375], [35.90145, -9.10075], [35.907, -9.10087], [35.90319, -9.10665], [35.91017, -9.11373], [35.90686, -9.13138], [35.91282, -9.13795], [35.91836, -9.19164], [35.91448, -9.20186], [35.90579, -9.19737], [35.88296, -9.21614], [35.88489, -9.22248], [35.87309, -9.22204], [35.87484, -9.24521], [35.86362, -9.24501], [35.86978, -9.25255], [35.83976, -9.27244], [35.82941, -9.28846], [35.80649, -9.2984], [35.79011, -9.31615], [35.77381, -9.32025], [35.76956, -9.30694], [35.75541, -9.30182], [35.75556, -9.29399], [35.74638, -9.29735], [35.7313, -9.29185], [35.72873, -9.29623], [35.72816, -9.29049], [35.72331, -9.2933], [35.70053, -9.28463], [35.68197, -9.25218], [35.65563, -9.26685], [35.6314, -9.27263], [35.55614, -9.45544], [35.50031, -9.48939], [35.50463, -9.38174], [35.4999, -9.36678], [35.49998, -9.17671], [35.50777, -9.11852], [35.52317, -9.06681], [35.46439, -9.03711], [35.38383, -9.0107], [35.40685, -8.97815], [35.41475, -8.97641], [35.4145, -8.96373], [35.4107, -8.95737], [35.39295, -8.95814], [35.39212, -8.94911], [35.38181, -8.94028], [35.37309, -8.94459], [35.36334, -8.93802], [35.36041, -8.92709], [35.36724, -8.92468], [35.36657, -8.91549], [35.34666, -8.89297], [35.35456, -8.88152], [35.34502, -8.87167], [35.32326, -8.8691], [35.32759, -8.8567], [35.34173, -8.8473], [35.35724, -8.82249], [35.34903, -8.79594], [35.35514, -8.77715], [35.33598, -8.75388], [35.33562, -8.7444], [35.32613, -8.73764], [35.33105, -8.72068], [35.34529, -8.71794], [35.35249, -8.71028], [35.35459, -8.68729], [35.36207, -8.68099], [35.41571, -8.66256], [35.49933, -8.65867], [35.54259, -8.68212], [35.55574, -8.67958], [35.57652, -8.68792], [35.58412, -8.68364], [35.59325, -8.68751], [35.62878, -8.75235], [35.64516, -8.76887], [35.66438, -8.74051], [35.68401, -8.75754], [35.6993, -8.76175], [35.69212, -8.74244], [35.69269, -8.6862], [35.69729, -8.67772], [35.71032, -8.67778], [35.71214, -8.67318], [35.68915, -8.66359], [35.84939, -8.56567], [35.87178, -8.53901], [35.88848, -8.45886], [35.91567, -8.4357], [35.9561, -8.42879], [36.02211, -8.35568]]]}}, {"type": "Feature", "properties": {"shapeID": "72390352B53131574128845", "shapeName": "Kilosa"}, "geometry": {"type": "Polygon", "coordinates": [[[36.53321, -7.33163], [36.52937, -7.28351], [36.51762, -7.26723], [36.51899, -7.25272], [36.50708, -7.22802], [36.50353, -7.18987], [36.51182, -7.17653], [36.51447, -7.15645], [36.53486, -7.12847], [36.54624, -7.08547], [36.5677, -7.05111], [36.6479, -7.02471], [36.64375, -7.01192], [36.65078, -6.99109], [36.64325, -6.96768], [36.64746, -6.94914], [36.63655, -6.92228], [36.64485, -6.88564], [36.63598, -6.84929], [36.64278, -6.83106], [36.63614, -6.80163], [36.64444, -6.78607], [36.64474, -6.767], [36.63725, -6.76005], [36.63084, -6.73777], [36.64028, -6.73492], [36.64278, -6.7253], [36.66327, -6.70516], [36.67075, -6.69108], [36.67111, -6.6681], [36.7096, -6.62462], [36.72778, -6.57062], [36.74489, -6.56278], [36.74821, -6.55438], [36.7574, -6.54945], [36.77303, -6.55792], [36.78565, -6.57897], [36.82602, -6.57524], [36.84974, -6.58204], [36.86777, -6.57952], [36.88357, -6.59659], [36.89623, -6.58236], [36.89225, -6.57405], [36.91199, -6.57047], [36.92601, -6.53649], [36.95444, -6.5196], [36.96094, -6.50509], [37.03017, -6.50626], [37.02787, -6.48649], [37.03848, -6.44186], [37.01954, -6.42088], [37.04115, -6.4033], [36.99106, -6.3784], [36.98996, -6.309], [37.00326, -6.30651], [37.00952, -6.29647], [37.00886, -6.28087], [36.96583, -6.29068], [36.96557, -6.29472], [36.96098, -6.28781], [36.93443, -6.29167], [36.92099, -6.2551], [36.92769, -6.25267], [36.91917, -6.2488], [36.92014, -6.22547], [36.90723, -6.20418], [36.92103, -6.18121], [36.9548, -6.17845], [36.95135, -6.14473], [36.97536, -6.12342], [36.98048, -6.09546], [37.00741, -6.0811], [37.03661, -6.08486], [37.08059, -6.07985], [37.0875, -6.0487], [37.09928, -6.04223], [37.11671, -6.05699], [37.12088, -6.07105], [37.14566, -6.08119], [37.18067, -6.12004], [37.24183, -6.14366], [37.26568, -6.14654], [37.27408, -6.17665], [37.28818, -6.18238], [37.30934, -6.21015], [37.30225, -6.23543], [37.31661, -6.25145], [37.34595, -6.31699], [37.36581, -6.32946], [37.38605, -6.32917], [37.39819, -6.33965], [37.42205, -6.37607], [37.41847, -6.38023], [37.47616, -6.43796], [37.4667, -6.44561], [37.49772, -6.48202], [37.4679, -6.50181], [37.46347, -6.51088], [37.45252, -6.51355], [37.44531, -6.52419], [37.44404, -6.55386], [37.46237, -6.57987], [37.45486, -6.60197], [37.437, -6.61796], [37.42973, -6.63339], [37.43447, -6.64804], [37.43132, -6.66314], [37.40848, -6.69491], [37.41196, -6.70328], [37.40429, -6.7187], [37.37405, -6.74383], [37.34978, -6.79616], [37.3107, -6.81706], [37.30909, -6.86337], [37.29254, -6.87432], [37.29194, -6.88097], [37.25033, -6.90572], [37.24942, -6.91633], [37.23272, -6.92452], [37.22841, -6.93995], [37.1972, -6.95385], [37.18878, -6.97575], [37.1879, -6.98904], [37.19453, -6.99571], [37.19941, -7.02231], [37.19634, -7.10895], [37.20452, -7.11778], [37.22644, -7.12163], [37.22974, -7.12808], [37.22068, -7.2002], [37.22317, -7.20665], [37.24427, -7.20969], [37.25362, -7.2194], [37.25781, -7.21442], [37.27022, -7.21978], [37.29425, -7.25506], [37.30167, -7.37879], [37.29236, -7.37831], [37.30524, -7.39238], [37.30501, -7.399], [37.31277, -7.39966], [37.31894, -7.40922], [37.30126, -7.42598], [37.30739, -7.49847], [37.33244, -7.51178], [37.15021, -7.84394], [37.13722, -7.85782], [37.1449, -7.86183], [37.12924, -7.87272], [37.12069, -7.86822], [37.11276, -7.84195], [37.12279, -7.77532], [37.10516, -7.77549], [37.09905, -7.76889], [37.10458, -7.75084], [37.0765, -7.72732], [37.06148, -7.72229], [37.05137, -7.72534], [37.04839, -7.72089], [37.05721, -7.71514], [37.05597, -7.71045], [37.04534, -7.70961], [37.0349, -7.69815], [37.03441, -7.68898], [37.02433, -7.6886], [37.01787, -7.67702], [36.99362, -7.66932], [36.98419, -7.66064], [36.95534, -7.65352], [36.94286, -7.63958], [36.90997, -7.6433], [36.89937, -7.63406], [36.88591, -7.64007], [36.85571, -7.63451], [36.83749, -7.64831], [36.78837, -7.64643], [36.78102, -7.64201], [36.7906, -7.60781], [36.79048, -7.59439], [36.78551, -7.59196], [36.76498, -7.59284], [36.75395, -7.58623], [36.69262, -7.57721], [36.68194, -7.57059], [36.65329, -7.53197], [36.64334, -7.52781], [36.61613, -7.53405], [36.59734, -7.53031], [36.58162, -7.51313], [36.52787, -7.52169], [36.52288, -7.51785], [36.51796, -7.47796], [36.50941, -7.46849], [36.50213, -7.43146], [36.48706, -7.41017], [36.47874, -7.41004], [36.48142, -7.3773], [36.53321, -7.33163]]]}}, {"type": "Feature", "properties": {"shapeID": "72390352B24110633153516", "shapeName": "Morogoro"}, "geometry": {"type": "Polygon", "coordinates": [[[37.76069, -7.90261], [37.74815, -7.87708], [37.73919, -7.87395], [37.63952, -7.90046], [37.61692, -7.8735], [37.60079, -7.87081], [37.59318, -7.88693], [37.57302, -7.88649], [37.52913, -7.87439], [37.51614, -7.86633], [37.50718, -7.84797], [37.47897, -7.86185], [37.4615, -7.84573], [37.44734, -7.84666], [37.44744, -7.85053], [37.43328, -7.84752], [37.41492, -7.86633], [37.41036, -7.88061], [37.40055, -7.88413], [37.36552, -7.86009], [37.33687, -7.85306], [37.32713, -7.8672], [37.31269, -7.86412], [37.30581, -7.87138], [37.27738, -7.85504], [37.22277, -7.85379], [37.14752, -7.8632], [37.13722, -7.85782], [37.15021, -7.84394], [37.33244, -7.51178], [37.30739, -7.49847], [37.30126, -7.42598], [37.31894, -7.40922], [37.29302, -7.38093], [37.29236, -7.37615], [37.30167, -7.37879], [37.29425, -7.25506], [37.27022, -7.21978], [37.35335, -7.23659], [37.45809, -7.23913], [37.45547, -7.24339], [37.472, -7.27049], [37.46174, -7.28326], [37.46766, -7.28873], [37.45743, -7.29558], [37.46453, -7.30153], [37.46259, -7.30668], [37.46954, -7.30684], [37.46324, -7.31362], [37.47872, -7.31701], [37.46855, -7.32165], [37.472, -7.32926], [37.47882, -7.32809], [37.47657, -7.32288], [37.4819, -7.32596], [37.47703, -7.34289], [37.48692, -7.34279], [37.47727, -7.35156], [37.48876, -7.35294], [37.48684, -7.36534], [37.49632, -7.36844], [37.49069, -7.37389], [37.5051, -7.37967], [37.51352, -7.39733], [37.518, -7.37718], [37.51104, -7.37438], [37.5201, -7.37093], [37.52154, -7.35819], [37.51714, -7.35586], [37.52249, -7.35031], [37.51554, -7.34635], [37.52064, -7.33602], [37.53285, -7.32893], [37.52805, -7.30563], [37.56281, -7.26785], [37.57279, -7.23644], [37.58779, -7.22588], [37.62144, -7.17577], [37.6312, -7.13606], [37.62658, -7.12758], [37.64223, -7.10656], [37.64376, -7.07812], [37.65818, -7.05384], [37.65603, -7.01103], [37.64568, -7.00405], [37.64553, -6.96825], [37.6773, -6.91495], [37.65714, -6.89947], [37.65952, -6.8895], [37.68529, -6.87494], [37.67737, -6.84906], [37.68997, -6.84215], [37.69131, -6.83175], [37.73627, -6.82988], [37.73786, -6.80533], [37.7513, -6.80236], [37.75108, -6.78389], [37.74712, -6.78525], [37.74555, -6.77553], [37.73818, -6.77783], [37.72423, -6.75049], [37.73047, -6.70369], [37.72443, -6.70364], [37.72492, -6.69318], [37.67942, -6.69994], [37.65851, -6.69372], [37.68081, -6.65908], [37.74951, -6.65163], [37.74492, -6.6387], [37.78018, -6.57623], [37.74999, -6.57195], [37.75106, -6.54815], [37.73466, -6.46393], [37.72289, -6.43203], [37.67289, -6.38546], [37.67995, -6.36326], [37.6769, -6.35214], [37.67915, -6.34002], [37.68839, -6.33423], [37.68432, -6.32414], [37.68932, -6.30382], [37.69907, -6.29564], [37.69755, -6.29085], [37.70455, -6.29053], [37.70114, -6.28676], [37.70884, -6.28302], [37.70441, -6.27993], [37.715, -6.27603], [37.70872, -6.25421], [37.70233, -6.25249], [37.73186, -6.23859], [37.72806, -6.22902], [37.73158, -6.22168], [37.74403, -6.21911], [37.79001, -6.18849], [37.81449, -6.20163], [37.82179, -6.22863], [37.83036, -6.23192], [37.83809, -6.2487], [37.8559, -6.2501], [37.86674, -6.2622], [37.89743, -6.25467], [37.94095, -6.26671], [37.97487, -6.2631], [37.98678, -6.2296], [38.01061, -6.22043], [38.0043, -6.22697], [38.00159, -6.24763], [38.00092, -6.60008], [38.01464, -6.6096], [38.0115, -6.61642], [38.01883, -6.62397], [38.01656, -6.62937], [38.03445, -6.63721], [38.02815, -6.64078], [38.03965, -6.65469], [38.09233, -6.65644], [38.11941, -6.66658], [38.11264, -6.6716], [38.11539, -6.67427], [38.13232, -6.66728], [38.15042, -6.67541], [38.17207, -6.69684], [38.18126, -6.69367], [38.21428, -6.70651], [38.23066, -6.69924], [38.24615, -6.70163], [38.26355, -6.78445], [38.2629, -6.91923], [38.26623, -6.95486], [38.27543, -6.98104], [38.28274, -6.98387], [38.2983, -6.97066], [38.3009, -6.97679], [38.30514, -6.97396], [38.31929, -6.98741], [38.3167, -7.00699], [38.33651, -7.01076], [38.33769, -7.01548], [38.36481, -7.01053], [38.37141, -7.01501], [38.38674, -7.00935], [38.39712, -7.01383], [38.40089, -7.02515], [38.41339, -7.02893], [38.41811, -7.02138], [38.46221, -7.02751], [38.50584, -7.02397], [38.51574, -7.036], [38.51079, -7.03954], [38.51475, -7.0467], [38.50479, -7.04684], [38.49722, -7.05297], [38.49794, -7.06344], [38.49078, -7.06375], [38.49596, -7.06999], [38.48986, -7.07578], [38.49108, -7.0866], [38.47998, -7.08566], [38.47916, -7.1079], [38.46768, -7.12056], [38.45526, -7.11937], [38.4474, -7.14818], [38.43658, -7.15517], [38.44182, -7.16766], [38.43337, -7.1698], [38.43075, -7.18158], [38.42576, -7.18063], [38.4235, -7.18789], [38.41351, -7.18337], [38.41327, -7.18919], [38.4015, -7.18444], [38.39936, -7.19145], [38.39338, -7.1882], [38.39633, -7.18245], [38.39058, -7.18278], [38.39321, -7.17703], [38.37942, -7.17769], [38.38254, -7.18048], [38.37236, -7.18393], [38.36841, -7.1956], [38.35002, -7.20167], [38.34838, -7.21235], [38.34, -7.21005], [38.34493, -7.21449], [38.33458, -7.22286], [38.33557, -7.23009], [38.32703, -7.23305], [38.329, -7.23715], [38.3106, -7.25276], [38.3106, -7.26245], [38.30502, -7.26656], [38.30416, -7.57889], [38.24969, -7.59319], [38.24539, -7.59897], [38.24101, -7.59504], [38.20826, -7.60297], [38.11015, -7.63254], [38.09645, -7.62848], [38.0971, -7.61967], [38.08833, -7.61829], [38.08621, -7.60865], [38.07445, -7.60187], [38.04332, -7.5585], [38.01421, -7.54877], [37.98548, -7.52663], [37.91197, -7.58358], [37.85773, -7.6592], [37.82276, -7.69604], [37.8179, -7.78265], [37.82843, -7.79835], [37.82784, -7.82742], [37.84286, -7.86015], [37.83344, -7.87733], [37.80385, -7.8922], [37.79699, -7.91481], [37.76069, -7.90261]]]}}, {"type": "Feature", "properties": {"shapeID": "72390352B88942039906388", "shapeName": "Morogoro Urban"}, "geometry": {"type": "Polygon", "coordinates": [[[37.65851, -6.69372], [37.67942, -6.69994], [37.72492, -6.69318], [37.72443, -6.70364], [37.73047, -6.70369], [37.72423, -6.75049], [37.73818, -6.77783], [37.74555, -6.77553], [37.74712, -6.78525], [37.75108, -6.78389], [37.7513, -6.80236], [37.73786, -6.80533], [37.73627, -6.82988], [37.69131, -6.83175], [37.68997, -6.84215], [37.67737, -6.84906], [37.68594, -6.87196], [37.67995, -6.8811], [37.65952, -6.8895], [37.65714, -6.89947], [37.61594, -6.91472], [37.61282, -6.89497], [37.61764, -6.8762], [37.64489, -6.83755], [37.63183, -6.82943], [37.61876, -6.82957], [37.59981, -6.8509], [37.59189, -6.81009], [37.59984, -6.79849], [37.58324, -6.78572], [37.60371, -6.74092], [37.61393, -6.74814], [37.62898, -6.73815], [37.62892, -6.71674], [37.62047, -6.71658], [37.61728, -6.65769], [37.68081, -6.65908], [37.65851, -6.69372]]]}}, {"type": "Feature", "properties": {"shapeID": "72390352B62121337619186", "shapeName": "Mvomero"}, "geometry": {"type": "Polygon", "coordinates": [[[37.3263, -6.20126], [37.33847, -6.17351], [37.35369, -6.15786], [37.35194, -6.14164], [37.36048, -6.12301], [37.37519, -6.10658], [37.36855, -6.0906], [37.37706, -6.08201], [37.37039, -6.07787], [37.36683, -6.06396], [37.38345, -6.05127], [37.3874, -5.99371], [37.35221, -5.97516], [37.37163, -5.969], [37.39146, -5.94104], [37.39447, -5.92852], [37.38935, -5.90281], [37.39593, -5.85968], [37.4169, -5.82813], [37.44799, -5.80012], [37.46079, -5.80036], [37.46599, -5.80807], [37.47629, -5.80607], [37.47973, -5.82031], [37.48784, -5.82468], [37.4929, -5.8147], [37.52485, -5.8227], [37.52634, -5.81642], [37.5344, -5.81881], [37.54054, -5.81147], [37.55336, -5.82129], [37.56418, -5.84172], [37.57644, -5.83665], [37.59736, -5.85554], [37.60826, -5.85617], [37.61113, -5.89758], [37.63232, -5.91324], [37.63506, -5.95022], [37.66522, -5.93469], [37.6888, -5.91327], [37.71951, -5.86359], [37.72884, -5.8756], [37.74307, -5.86587], [37.74479, -5.87265], [37.75581, -5.87384], [37.75443, -5.88855], [37.77028, -5.88665], [37.77512, -5.89854], [37.77668, -5.89348], [37.78794, -5.89596], [37.79292, -5.89066], [37.81708, -5.9011], [37.8205, -5.91101], [37.84133, -5.92092], [37.83997, -5.93048], [37.85124, -5.93356], [37.84782, -5.938], [37.85363, -5.93629], [37.85602, -5.94551], [37.86456, -5.94961], [37.86388, -5.96738], [37.84543, -5.97353], [37.84304, -5.99163], [37.85671, -5.99608], [37.86661, -6.01692], [37.86297, -6.02275], [37.86916, -6.03585], [37.86661, -6.04349], [37.87425, -6.04567], [37.86807, -6.04895], [37.88262, -6.0726], [37.8848, -6.09479], [37.90845, -6.09152], [37.91427, -6.0988], [37.90809, -6.10571], [37.90991, -6.11226], [37.92555, -6.10207], [37.92992, -6.11044], [37.95466, -6.11481], [37.95138, -6.12208], [37.96302, -6.12245], [37.95611, -6.13009], [37.96448, -6.13627], [37.95939, -6.14755], [37.97248, -6.1461], [37.97467, -6.15701], [37.96048, -6.16356], [37.97394, -6.16356], [37.97176, -6.17084], [38.01382, -6.17226], [38.03663, -6.18439], [38.05742, -6.18244], [38.0641, -6.18737], [38.06121, -6.19349], [38.07785, -6.20604], [38.07939, -6.21515], [38.04944, -6.214], [38.03845, -6.20524], [38.03052, -6.21844], [37.98678, -6.2296], [37.97487, -6.2631], [37.94095, -6.26671], [37.89743, -6.25467], [37.86674, -6.2622], [37.8559, -6.2501], [37.83809, -6.2487], [37.83036, -6.23192], [37.82179, -6.22863], [37.81449, -6.20163], [37.79001, -6.18849], [37.74403, -6.21911], [37.73158, -6.22168], [37.72806, -6.22902], [37.73186, -6.23859], [37.70233, -6.25249], [37.70872, -6.25421], [37.715, -6.27603], [37.70441, -6.27993], [37.70884, -6.28302], [37.70114, -6.28676], [37.70455, -6.29053], [37.69755, -6.29085], [37.69907, -6.29564], [37.68932, -6.30382], [37.68432, -6.32414], [37.68839, -6.33423], [37.67915, -6.34002], [37.67995, -6.36326], [37.67289, -6.38546], [37.72289, -6.43203], [37.74721, -6.52256], [37.74999, -6.57195], [37.78018, -6.57623], [37.74492, -6.6387], [37.74951, -6.65163], [37.68081, -6.65908], [37.61728, -6.65769], [37.62047, -6.71658], [37.62892, -6.71674], [37.62898, -6.73815], [37.61393, -6.74814], [37.60371, -6.74092], [37.58324, -6.78572], [37.59984, -6.79849], [37.59189, -6.81009], [37.59981, -6.8509], [37.61876, -6.82957], [37.63183, -6.82943], [37.64489, -6.83755], [37.61764, -6.8762], [37.61282, -6.89497], [37.61594, -6.91472], [37.65714, -6.89947], [37.6773, -6.91495], [37.64553, -6.96825], [37.64568, -7.00405], [37.65603, -7.01103], [37.65818, -7.05384], [37.64376, -7.07812], [37.64223, -7.10656], [37.62658, -7.12758], [37.6312, -7.13606], [37.62144, -7.17577], [37.58779, -7.22588], [37.57279, -7.23644], [37.56281, -7.26785], [37.52805, -7.30563], [37.53285, -7.32893], [37.52064, -7.33602], [37.51554, -7.34635], [37.52249, -7.35031], [37.51714, -7.35586], [37.52154, -7.35819], [37.5201, -7.37093], [37.51104, -7.37438], [37.518, -7.37718], [37.51352, -7.39733], [37.5051, -7.37967], [37.49069, -7.37389], [37.49632, -7.36844], [37.48684, -7.36534], [37.48876, -7.35294], [37.47727, -7.35156], [37.48692, -7.34279], [37.47703, -7.34289], [37.4819, -7.32596], [37.47657, -7.32288], [37.47882, -7.32809], [37.472, -7.32926], [37.46855, -7.32165], [37.47872, -7.31701], [37.46324, -7.31362], [37.46954, -7.30684], [37.46259, -7.30668], [37.46453, -7.30153], [37.45743, -7.29558], [37.46766, -7.28873], [37.46174, -7.28326], [37.472, -7.27049], [37.45547, -7.24339], [37.45809, -7.23913], [37.35335, -7.23659], [37.30873, -7.23042], [37.25781, -7.21442], [37.25362, -7.2194], [37.24427, -7.20969], [37.22317, -7.20665], [37.22974, -7.12808], [37.22644, -7.12163], [37.20452, -7.11778], [37.19634, -7.10895], [37.19941, -7.02231], [37.19453, -6.99571], [37.1879, -6.98904], [37.1972, -6.95385], [37.22841, -6.93995], [37.23272, -6.92452], [37.24942, -6.91633], [37.25033, -6.90572], [37.29194, -6.88097], [37.29254, -6.87432], [37.30909, -6.86337], [37.3107, -6.81706], [37.34978, -6.79616], [37.37405, -6.74383], [37.40429, -6.7187], [37.41196, -6.70328], [37.40848, -6.69491], [37.43132, -6.66314], [37.43447, -6.64804], [37.42973, -6.63339], [37.437, -6.61796], [37.45486, -6.60197], [37.46237, -6.57987], [37.44404, -6.55386], [37.44531, -6.52419], [37.45252, -6.51355], [37.46347, -6.51088], [37.4679, -6.50181], [37.49772, -6.48202], [37.4667, -6.44561], [37.47616, -6.43796], [37.41847, -6.38023], [37.42205, -6.37607], [37.39819, -6.33965], [37.38605, -6.32917], [37.36581, -6.32946], [37.34595, -6.31699], [37.31661, -6.25145], [37.30225, -6.23543], [37.30934, -6.21015], [37.3263, -6.20126]]]}}, {"type": "Feature", "properties": {"shapeID": "72390352B93515871634078", "shapeName": "Ulanga"}, "geometry": {"type": "Polygon", "coordinates": [[[37.40714, -8.64205], [37.40078, -8.69107], [37.40179, -8.74379], [37.41254, -8.82107], [37.40353, -8.91053], [37.38089, -9.01341], [37.3805, -9.10168], [37.37293, -9.13842], [37.33931, -9.20692], [37.32753, -9.25604], [37.33727, -9.26621], [37.33345, -9.27155], [37.32026, -9.27209], [37.33199, -9.28505], [37.3129, -9.30739], [37.31684, -9.31873], [37.303, -9.32938], [37.29964, -9.34505], [37.28865, -9.35363], [37.28798, -9.36912], [37.2743, -9.3759], [37.28223, -9.38011], [37.27919, -9.38694], [37.29267, -9.39103], [37.27745, -9.40599], [37.28718, -9.40991], [37.27932, -9.42313], [37.28494, -9.43804], [37.27316, -9.456], [37.28571, -9.46321], [37.27565, -9.46674], [37.26806, -9.48472], [37.28573, -9.49016], [37.2824, -9.49625], [37.2674, -9.49767], [37.25074, -9.52223], [37.13878, -9.58498], [36.99337, -9.63391], [36.76614, -9.75403], [36.7354, -9.75794], [36.68201, -9.75149], [36.60458, -9.75765], [36.58598, -9.7825], [36.53786, -9.81262], [36.51038, -9.81679], [36.50398, -9.77042], [36.49248, -9.74503], [36.50073, -9.73173], [36.49408, -9.72114], [36.49839, -9.71274], [36.47979, -9.68975], [36.46386, -9.68823], [36.4516, -9.66986], [36.45737, -9.6562], [36.45315, -9.65195], [36.46271, -9.65307], [36.46773, -9.64468], [36.47075, -9.61974], [36.46331, -9.61934], [36.468, -9.60742], [36.46377, -9.60493], [36.45131, -9.61363], [36.44651, -9.63995], [36.43408, -9.64478], [36.42493, -9.66876], [36.41248, -9.66734], [36.40903, -9.68606], [36.40195, -9.68648], [36.39761, -9.69816], [36.38098, -9.71068], [36.33345, -9.72274], [36.3242, -9.75564], [36.31737, -9.75423], [36.30454, -9.76625], [36.29779, -9.76108], [36.29211, -9.7636], [36.28856, -9.77367], [36.26872, -9.76534], [36.2237, -9.76084], [36.18546, -9.76847], [36.16688, -9.7615], [36.15932, -9.7728], [36.15444, -9.76888], [36.14496, -9.775], [36.14126, -9.7848], [36.12708, -9.77918], [36.12322, -9.78264], [36.12046, -9.77774], [36.11438, -9.78374], [36.10669, -9.77982], [36.09791, -9.78425], [36.09196, -9.77348], [36.08462, -9.77297], [36.08798, -9.7622], [36.08156, -9.76296], [36.0806, -9.75691], [36.0705, -9.75913], [36.07638, -9.74199], [36.06276, -9.73483], [36.04726, -9.73815], [36.03568, -9.75774], [36.0313, -9.75412], [36.01813, -9.75805], [36.01758, -9.76348], [35.95434, -9.7873], [35.94107, -9.80026], [35.93502, -9.79758], [35.92347, -9.80336], [35.9215, -9.81223], [35.88571, -9.83635], [35.84415, -9.88584], [35.80663, -9.89765], [35.77082, -9.92163], [35.75554, -9.91662], [35.73133, -9.88415], [35.71664, -9.88097], [35.69899, -9.86742], [35.68656, -9.86846], [35.68534, -9.84447], [35.67333, -9.83324], [35.68331, -9.80236], [35.69575, -9.79327], [35.71289, -9.7628], [35.71907, -9.76376], [35.72958, -9.74799], [35.74286, -9.74275], [35.74534, -9.73561], [35.77562, -9.71323], [35.78783, -9.69425], [35.81087, -9.67418], [35.84505, -9.55515], [35.88607, -9.50095], [35.88954, -9.47851], [35.91598, -9.46508], [35.92878, -9.45098], [35.93352, -9.45427], [35.94589, -9.42716], [35.94012, -9.38556], [35.91857, -9.34137], [35.92525, -9.32546], [35.91884, -9.32608], [35.91276, -9.30792], [35.91821, -9.29401], [35.91307, -9.27254], [35.91724, -9.26584], [35.91081, -9.25217], [35.89883, -9.24849], [35.86978, -9.25255], [35.86403, -9.24773], [35.86613, -9.24289], [35.87484, -9.24521], [35.87309, -9.22204], [35.88489, -9.22248], [35.88296, -9.21614], [35.90579, -9.19737], [35.91448, -9.20186], [35.91836, -9.19164], [35.91282, -9.13795], [35.90686, -9.13138], [35.91017, -9.11373], [35.90319, -9.10665], [35.907, -9.10087], [35.90145, -9.10075], [35.90158, -9.08375], [35.89505, -9.07818], [35.89854, -9.07616], [35.89264, -9.07347], [35.89606, -9.06037], [35.8784, -9.05305], [35.8867, -9.04241], [35.87527, -9.01578], [35.8827, -9.0153], [35.91063, -8.97378], [35.91443, -8.94733], [35.91082, -8.938], [35.94029, -8.88464], [35.94174, -8.84008], [35.947, -8.83962], [35.94846, -8.82657], [35.95541, -8.82484], [35.95081, -8.81851], [35.96049, -8.81064], [35.97405, -8.75603], [35.98339, -8.74927], [36.00771, -8.6889], [36.05245, -8.63797], [36.072, -8.6311], [36.07414, -8.61485], [36.11151, -8.59134], [36.12518, -8.59213], [36.14849, -8.55616], [36.1615, -8.55563], [36.16513, -8.53806], [36.18191, -8.51077], [36.18755, -8.51096], [36.18806, -8.50303], [36.19884, -8.49694], [36.19694, -8.48896], [36.20611, -8.47517], [36.20674, -8.46274], [36.21519, -8.45537], [36.23136, -8.45067], [36.23552, -8.45814], [36.25418, -8.45995], [36.25111, -8.46517], [36.26329, -8.46314], [36.28975, -8.43973], [36.30348, -8.43387], [36.31516, -8.43591], [36.3244, -8.41118], [36.32907, -8.41425], [36.33959, -8.40078], [36.35126, -8.4019], [36.36202, -8.3908], [36.35273, -8.3869], [36.35834, -8.3847], [36.35258, -8.38164], [36.35758, -8.37843], [36.3571, -8.36105], [36.35247, -8.35834], [36.36328, -8.35609], [36.36479, -8.34598], [36.37212, -8.3497], [36.37074, -8.34308], [36.38064, -8.34184], [36.3768, -8.33477], [36.39238, -8.33491], [36.41427, -8.32464], [36.41619, -8.31461], [36.42245, -8.31899], [36.44147, -8.31097], [36.44331, -8.29996], [36.4517, -8.30353], [36.45874, -8.29023], [36.4843, -8.28444], [36.48374, -8.27301], [36.47829, -8.26966], [36.48941, -8.27061], [36.4972, -8.25845], [36.49642, -8.26356], [36.50788, -8.27068], [36.515, -8.26365], [36.53343, -8.2764], [36.53365, -8.26531], [36.5426, -8.26659], [36.54434, -8.2467], [36.55615, -8.25184], [36.55344, -8.23259], [36.56617, -8.23523], [36.57832, -8.22873], [36.5804, -8.21871], [36.60099, -8.21901], [36.60818, -8.21203], [36.60694, -8.20429], [36.61294, -8.2109], [36.6331, -8.20626], [36.63882, -8.21246], [36.65319, -8.21392], [36.65445, -8.20006], [36.66264, -8.19846], [36.66641, -8.19106], [36.67313, -8.19267], [36.68045, -8.17598], [36.6898, -8.19532], [36.69933, -8.189], [36.70193, -8.17703], [36.71347, -8.1828], [36.71769, -8.19313], [36.73459, -8.18204], [36.74283, -8.18855], [36.76729, -8.1828], [36.78739, -8.16726], [36.7966, -8.17873], [36.80064, -8.16461], [36.8138, -8.17271], [36.82126, -8.16521], [36.83549, -8.17226], [36.86674, -8.16545], [36.88209, -8.16863], [36.88285, -8.17826], [36.89156, -8.17755], [36.9062, -8.18794], [36.90862, -8.19491], [36.89819, -8.20539], [36.89175, -8.23834], [36.91383, -8.24654], [36.92397, -8.27095], [36.95941, -8.28076], [36.96144, -8.29821], [37.03427, -8.29776], [37.06085, -8.30921], [37.07011, -8.34179], [37.06476, -8.39971], [37.07099, -8.4208], [37.08775, -8.44114], [37.09437, -8.44197], [37.09783, -8.42495], [37.11024, -8.41623], [37.13238, -8.41595], [37.15237, -8.42699], [37.14463, -8.4664], [37.15395, -8.48138], [37.14514, -8.52718], [37.15399, -8.56748], [37.15992, -8.57427], [37.2062, -8.59497], [37.25479, -8.57367], [37.26947, -8.53523], [37.43757, -8.52843], [37.40714, -8.64205]]]}}, {"type": "Feature", "properties": {"shapeID": "72390352B56058142056871", "shapeName": "Masasi"}, "geometry": {"type": "MultiPolygon", "coordinates": [[[[39.33653, -11.09987], [39.31573, -11.12642], [39.2863, -11.14984], [39.24004, -11.17568], [39.22114, -11.17462], [39.13294, -11.14447], [39.09351, -11.15671], [39.00616, -11.16939], [38.96704, -11.17306], [38.92724, -11.16521], [38.87931, -11.17282], [38.86888, -11.16495], [38.86355, -11.14906], [38.85511, -11.14625], [38.85776, -11.14172], [38.84654, -11.13351], [38.84422, -11.1219], [38.81817, -11.11828], [38.78173, -11.08657], [38.76453, -11.08236], [38.75009, -11.05849], [38.7333, -11.05922], [38.73255, -11.04625], [38.74645, -11.00417], [38.84719, -10.94302], [38.84632, -10.9335], [38.87873, -10.89204], [38.87554, -10.8833], [38.88346, -10.87613], [38.88369, -10.86134], [38.91684, -10.86071], [38.92041, -10.84915], [38.96002, -10.80581], [38.94954, -10.77745], [38.95655, -10.76449], [38.95284, -10.74845], [38.99364, -10.74872], [39.00981, -10.70834], [39.07807, -10.70957], [39.08707, -10.7151], [39.10371, -10.69958], [39.10932, -10.72395], [39.12054, -10.7368], [39.13185, -10.74652], [39.15296, -10.75057], [39.12449, -10.77511], [39.12235, -10.78977], [39.14124, -10.8071], [39.15799, -10.81332], [39.16512, -10.83449], [39.18631, -10.83997], [39.19647, -10.85028], [39.21102, -10.88034], [39.22406, -10.94733], [39.23812, -10.96366], [39.25343, -10.97147], [39.25706, -10.9898], [39.27676, -10.99118], [39.26677, -11.01592], [39.28921, -11.01979], [39.29239, -11.00455], [39.31482, -11.00891], [39.32244, -11.01953], [39.33157, -11.02095], [39.37776, -11.07581], [39.33653, -11.09987]]], [[[39.1577, -10.38275], [39.17305, -10.39086], [39.23138, -10.35189], [39.24846, -10.34694], [39.2595, -10.35315], [39.26951, -10.35023], [39.25813, -10.45146], [39.21244, -10.47955], [39.18968, -10.50427], [39.17828, -10.50588], [39.17522, -10.51948], [39.16362, -10.52809], [39.15212, -10.52845], [39.14769, -10.53786], [39.13031, -10.54673], [39.09456, -10.55194], [39.07001, -10.54121], [39.0437, -10.54029], [39.01076, -10.55897], [39.02991, -10.5761], [39.05732, -10.62054], [39.06738, -10.62546], [39.06781, -10.63723], [39.07515, -10.64437], [39.0268, -10.65361], [38.97836, -10.65205], [38.97135, -10.65115], [38.9645, -10.64112], [38.93769, -10.64731], [38.88986, -10.64166], [38.87935, -10.628], [38.85885, -10.62507], [38.85381, -10.63082], [38.82998, -10.62926], [38.83631, -10.66063], [38.83082, -10.66701], [38.8029, -10.66262], [38.76534, -10.63472], [38.72005, -10.62383], [38.72923, -10.65894], [38.68718, -10.65814], [38.68733, -10.69333], [38.70509, -10.74847], [38.68452, -10.76205], [38.67926, -10.79503], [38.51756, -10.80732], [38.50571, -10.7941], [38.49393, -10.79236], [38.47821, -10.78044], [38.44793, -10.77713], [38.41807, -10.75773], [38.3916, -10.7537], [38.33359, -10.72464], [38.30735, -10.72066], [38.27781, -10.70177], [38.26424, -10.68389], [38.27521, -10.66875], [38.27723, -10.60825], [38.28122, -10.60567], [38.42381, -10.60478], [38.55786, -10.54832], [38.62028, -10.50417], [38.6879, -10.50041], [38.70484, -10.47574], [38.71473, -10.48168], [38.72758, -10.51447], [38.73649, -10.51539], [38.75956, -10.54488], [38.82456, -10.55067], [38.8399, -10.54467], [38.87478, -10.54514], [38.88499, -10.52656], [38.88563, -10.51211], [38.90365, -10.50073], [38.94356, -10.49638], [38.96043, -10.47798], [38.97721, -10.47501], [38.98177, -10.46445], [39.02171, -10.45924], [39.0357, -10.45034], [39.04885, -10.45186], [39.09214, -10.41952], [39.11399, -10.41737], [39.12356, -10.40336], [39.14583, -10.39714], [39.15476, -10.40053], [39.14911, -10.38465], [39.1577, -10.38275]]]]}}, {"type": "Feature", "properties": {"shapeID": "72390352B27431607141265", "shapeName": "Masasi  Township Authority"}, "geometry": {"type": "Polygon", "coordinates": [[[39.08707, -10.7151], [39.07807, -10.70957], [39.00981, -10.70834], [38.99364, -10.74872], [38.95284, -10.74845], [38.95655, -10.76449], [38.94954, -10.77745], [38.96002, -10.80581], [38.92041, -10.84915], [38.91684, -10.86071], [38.88706, -10.85896], [38.88642, -10.85401], [38.87503, -10.85172], [38.87397, -10.84308], [38.85352, -10.82061], [38.7544, -10.86436], [38.74756, -10.8784], [38.74332, -10.86522], [38.7598, -10.83738], [38.73655, -10.82164], [38.73034, -10.80904], [38.72206, -10.80361], [38.7105, -10.8134], [38.67816, -10.81389], [38.65786, -10.80871], [38.65407, -10.79698], [38.67926, -10.79503], [38.68452, -10.76205], [38.70509, -10.74847], [38.68733, -10.69333], [38.68718, -10.65814], [38.72923, -10.65894], [38.72005, -10.62383], [38.76534, -10.63472], [38.8029, -10.66262], [38.83082, -10.66701], [38.83631, -10.66063], [38.82998, -10.62926], [38.85381, -10.63082], [38.85885, -10.62507], [38.87935, -10.628], [38.88986, -10.64166], [38.93769, -10.64731], [38.9645, -10.64112], [38.97135, -10.65115], [38.97836, -10.65205], [39.0268, -10.65361], [39.05705, -10.64563], [39.0891, -10.64492], [39.09708, -10.65681], [39.10371, -10.69958], [39.08707, -10.7151]]]}}, {"type": "Feature", "properties": {"shapeID": "72390352B92435052932896", "shapeName": "Mtwara"}, "geometry": {"type": "MultiPolygon", "coordinates": [[[[39.66636, -10.57557], [39.72927, -10.53647], [39.72785, -10.52486], [39.70083, -10.49431], [39.70224, -10.47845], [39.71675, -10.45743], [39.69086, -10.37502], [39.69173, -10.32484], [39.75514, -10.28312], [39.77241, -10.26542], [39.86106, -10.25935], [39.8931, -10.26254], [39.89325, -10.2333], [39.90457, -10.22346], [39.954, -10.20088], [39.98088, -10.20037], [39.98917, -10.20989], [39.99941, -10.2084], [39.98805, -10.19887], [39.99361, -10.17004], [39.98998, -10.16067], [39.97298, -10.14415], [39.9866, -10.12508], [40.0724, -10.1568], [40.10774, -10.16404], [40.13014, -10.17753], [40.13324, -10.18972], [40.12082, -10.21137], [40.13031, -10.2533], [40.09237, -10.26998], [40.07558, -10.29959], [40.074, -10.31512], [40.05946, -10.32896], [40.0619, -10.33404], [40.11456, -10.33557], [40.13192, -10.37374], [40.16882, -10.38071], [40.18831, -10.37353], [40.22499, -10.32195], [40.2363, -10.31495], [40.23509, -10.29818], [40.21768, -10.28518], [40.21349, -10.27487], [40.21852, -10.26842], [40.24662, -10.27415], [40.24959, -10.25993], [40.23388, -10.25685], [40.22722, -10.247], [40.19131, -10.24649], [40.19246, -10.23253], [40.2085, -10.23068], [40.21229, -10.2204], [40.21963, -10.21997], [40.23878, -10.20125], [40.24463, -10.20542], [40.23703, -10.21721], [40.23817, -10.22668], [40.24925, -10.24895], [40.27164, -10.26179], [40.30381, -10.26405], [40.29045, -10.30047], [40.33052, -10.29398], [40.33175, -10.30118], [40.31871, -10.30591], [40.32885, -10.30936], [40.32452, -10.31505], [40.33583, -10.31506], [40.32682, -10.34002], [40.32963, -10.352], [40.36479, -10.3437], [40.37512, -10.34581], [40.37948, -10.34104], [40.38231, -10.331], [40.37985, -10.32174], [40.39912, -10.29168], [40.42421, -10.31527], [40.44473, -10.34651], [40.44005, -10.36268], [40.40264, -10.37167], [40.39448, -10.38718], [40.37714, -10.37424], [40.36908, -10.37582], [40.34409, -10.41229], [40.3554, -10.44527], [40.34624, -10.45241], [40.34228, -10.4684], [40.37531, -10.48414], [40.37902, -10.47517], [40.38181, -10.4813], [40.39842, -10.47554], [40.39852, -10.49716], [40.41354, -10.49679], [40.4063, -10.50684], [40.38767, -10.51116], [40.36378, -10.55754], [40.33768, -10.5713], [40.28641, -10.57259], [40.25347, -10.58579], [40.12779, -10.70001], [40.06942, -10.7435], [39.99631, -10.81417], [39.91446, -10.82835], [39.89914, -10.78205], [39.80758, -10.75117], [39.7838, -10.72882], [39.76819, -10.72436], [39.76146, -10.71354], [39.72503, -10.72619], [39.72315, -10.6932], [39.71311, -10.67198], [39.69379, -10.6621], [39.64458, -10.61612], [39.66636, -10.57557]], [[40.37038, -10.34967], [40.37407, -10.34697], [40.37512, -10.34581], [40.37038, -10.34967]]], [[[40.36873, -10.2819], [40.36946, -10.27305], [40.37607, -10.27554], [40.37704, -10.28385], [40.36873, -10.2819]]], [[[40.34705, -10.26269], [40.33456, -10.25302], [40.3281, -10.25497], [40.31881, -10.24203], [40.32289, -10.23621], [40.34194, -10.24821], [40.34705, -10.26269]]]]}}, {"type": "Feature", "properties": {"shapeID": "72390352B87015028421250", "shapeName": "Mtwara Urban"}, "geometry": {"type": "Polygon", "coordinates": [[[40.21768, -10.28518], [40.23509, -10.29818], [40.2363, -10.31495], [40.22499, -10.32195], [40.18831, -10.37353], [40.16882, -10.38071], [40.14399, -10.37938], [40.12528, -10.36452], [40.11456, -10.33557], [40.05974, -10.33249], [40.06234, -10.3232], [40.074, -10.31512], [40.08429, -10.28127], [40.10444, -10.26184], [40.13501, -10.25462], [40.14461, -10.26363], [40.1514, -10.28799], [40.15078, -10.2778], [40.15768, -10.27858], [40.14964, -10.27288], [40.15551, -10.26038], [40.17927, -10.25227], [40.18882, -10.25235], [40.18819, -10.26318], [40.21349, -10.27487], [40.21768, -10.28518]]]}}, {"type": "Feature", "properties": {"shapeID": "72390352B85678020314776", "shapeName": "Nanyumbu"}, "geometry": {"type": "Polygon", "coordinates": [[[38.12125, -10.68351], [38.19153, -10.69502], [38.22904, -10.68811], [38.24813, -10.69082], [38.26424, -10.68389], [38.27781, -10.70177], [38.30735, -10.72066], [38.33359, -10.72464], [38.3916, -10.7537], [38.41807, -10.75773], [38.44793, -10.77713], [38.47821, -10.78044], [38.49393, -10.79236], [38.50571, -10.7941], [38.51756, -10.80732], [38.65407, -10.79698], [38.66234, -10.81094], [38.7105, -10.8134], [38.72206, -10.80361], [38.73655, -10.82164], [38.7598, -10.83738], [38.74332, -10.86522], [38.74756, -10.8784], [38.7544, -10.86436], [38.78177, -10.84985], [38.81237, -10.84076], [38.82904, -10.8286], [38.85907, -10.82312], [38.87503, -10.85172], [38.88642, -10.85401], [38.88047, -10.86712], [38.88346, -10.87613], [38.87554, -10.8833], [38.87873, -10.89204], [38.84632, -10.9335], [38.84719, -10.94302], [38.74645, -11.00417], [38.73255, -11.04625], [38.7333, -11.05922], [38.75009, -11.05849], [38.76453, -11.08236], [38.78173, -11.08657], [38.81817, -11.11828], [38.84422, -11.1219], [38.84654, -11.13351], [38.85776, -11.14172], [38.85511, -11.14625], [38.86355, -11.14906], [38.86888, -11.16495], [38.87931, -11.17282], [38.83829, -11.2088], [38.74948, -11.26717], [38.70741, -11.265], [38.64035, -11.28143], [38.58746, -11.32892], [38.52046, -11.37715], [38.48452, -11.4177], [38.45627, -11.415], [38.4225, -11.38796], [38.37538, -11.38014], [38.32549, -11.32512], [38.28029, -11.32853], [38.2759, -11.30347], [38.26393, -11.2819], [38.24805, -11.28368], [38.19658, -11.27157], [38.18176, -11.27607], [38.13964, -11.2704], [38.11298, -11.25623], [38.10342, -11.23878], [38.09032, -11.23508], [38.08575, -11.22222], [38.09088, -11.21551], [38.07771, -11.20331], [38.07705, -11.18957], [38.06937, -11.18233], [38.07499, -11.1782], [38.07003, -11.16315], [38.07547, -11.1522], [38.04901, -11.13432], [38.05098, -11.08144], [38.0408, -11.0735], [38.03918, -11.05106], [38.01639, -11.01589], [38.02093, -11.00326], [38.01319, -10.98623], [38.02063, -10.97251], [38.021, -10.95284], [38.00854, -10.93995], [38.0071, -10.92275], [38.01828, -10.89797], [38.01081, -10.88964], [38.01017, -10.87125], [38.00014, -10.85204], [38.01055, -10.84724], [38.01119, -10.83775], [38.02549, -10.82229], [38.03115, -10.78671], [38.04789, -10.76887], [38.04926, -10.74801], [38.04014, -10.71897], [37.99905, -10.72444], [38.12125, -10.68351]]]}}, {"type": "Feature", "properties": {"shapeID": "72390352B96178710336492", "shapeName": "Newala"}, "geometry": {"type": "Polygon", "coordinates": [[[39.27764, -10.34923], [39.27867, -10.34191], [39.28886, -10.33603], [39.3036, -10.33928], [39.3296, -10.3252], [39.33912, -10.33213], [39.33339, -10.35086], [39.3226, -10.36177], [39.32978, -10.38149], [39.33172, -10.47134], [39.34485, -10.49031], [39.35802, -10.52922], [39.4064, -10.54712], [39.41559, -10.55583], [39.43479, -10.61089], [39.43414, -10.62616], [39.44651, -10.64681], [39.44769, -10.73195], [39.40125, -10.76837], [39.42268, -10.82177], [39.41144, -10.84405], [39.38424, -10.85409], [39.38266, -10.8653], [39.40402, -10.89756], [39.44348, -10.92376], [39.46192, -10.96395], [39.45566, -10.9716], [39.44288, -10.96387], [39.45395, -10.98653], [39.46537, -10.99417], [39.47972, -10.98765], [39.51067, -10.99395], [39.49798, -11.00759], [39.4627, -11.02711], [39.44164, -11.04955], [39.40887, -11.05884], [39.37776, -11.07581], [39.33157, -11.02095], [39.32244, -11.01953], [39.31482, -11.00891], [39.29239, -11.00455], [39.28921, -11.01979], [39.26677, -11.01592], [39.27676, -10.99118], [39.25706, -10.9898], [39.25343, -10.97147], [39.23812, -10.96366], [39.22406, -10.94733], [39.21102, -10.88034], [39.19647, -10.85028], [39.18631, -10.83997], [39.16512, -10.83449], [39.15799, -10.81332], [39.14124, -10.8071], [39.12235, -10.78977], [39.12449, -10.77511], [39.15296, -10.75057], [39.13185, -10.74652], [39.10932, -10.72395], [39.09399, -10.64876], [39.0788, -10.64614], [39.06781, -10.63723], [39.06738, -10.62546], [39.05732, -10.62054], [39.02991, -10.5761], [39.01076, -10.55897], [39.0437, -10.54029], [39.07001, -10.54121], [39.09456, -10.55194], [39.13031, -10.54673], [39.14769, -10.53786], [39.15212, -10.52845], [39.16362, -10.52809], [39.17522, -10.51948], [39.17828, -10.50588], [39.18968, -10.50427], [39.21244, -10.47955], [39.25813, -10.45146], [39.26951, -10.35023], [39.27764, -10.34923]]]}}, {"type": "Feature", "properties": {"shapeID": "72390352B76468761426294", "shapeName": "Tandahimba"}, "geometry": {"type": "Polygon", "coordinates": [[[39.35775, -10.34986], [39.37901, -10.34284], [39.38403, -10.33562], [39.41072, -10.33611], [39.47472, -10.37377], [39.48286, -10.39012], [39.49252, -10.45698], [39.56158, -10.52587], [39.57444, -10.56172], [39.57991, -10.59803], [39.62023, -10.5978], [39.62356, -10.61658], [39.64458, -10.61612], [39.69379, -10.6621], [39.71311, -10.67198], [39.72315, -10.6932], [39.72503, -10.72619], [39.76146, -10.71354], [39.76819, -10.72436], [39.7838, -10.72882], [39.80758, -10.75117], [39.89914, -10.78205], [39.91446, -10.82835], [39.77818, -10.90674], [39.68842, -10.93611], [39.61242, -10.94722], [39.56423, -10.97108], [39.53241, -10.97801], [39.51067, -10.99395], [39.47972, -10.98765], [39.46537, -10.99417], [39.45395, -10.98653], [39.44288, -10.96387], [39.45566, -10.9716], [39.46192, -10.96395], [39.44348, -10.92376], [39.40402, -10.89756], [39.38219, -10.85804], [39.40749, -10.8477], [39.42268, -10.82177], [39.40125, -10.76837], [39.44769, -10.73195], [39.44651, -10.64681], [39.43414, -10.62616], [39.43479, -10.61089], [39.41559, -10.55583], [39.4064, -10.54712], [39.35802, -10.52922], [39.34485, -10.49031], [39.33172, -10.47134], [39.32978, -10.38149], [39.3226, -10.36177], [39.33339, -10.35086], [39.33912, -10.33213], [39.35775, -10.34986]]]}}, {"type": "Feature", "properties": {"shapeID": "72390352B90588253427027", "shapeName": "Ilemela"}, "geometry": {"type": "MultiPolygon", "coordinates": [[[[33.15505, -2.28414], [33.15071, -2.28062], [33.15246, -2.27848], [33.15505, -2.28414]]], [[[33.13154, -2.27769], [33.13193, -2.27922], [33.12355, -2.28588], [33.11799, -2.27906], [33.13154, -2.27769]]], [[[33.07479, -2.40541], [33.05743, -2.41389], [33.0528, -2.4345], [33.02442, -2.47073], [33.02435, -2.47895], [33.03826, -2.49763], [33.0225, -2.51106], [33.02637, -2.5335], [33.01148, -2.56433], [32.99086, -2.53658], [32.97176, -2.54021], [32.92881, -2.53007], [32.92303, -2.50214], [32.9015, -2.50014], [32.89794, -2.5124], [32.8982, -2.50554], [32.88755, -2.50496], [32.87598, -2.49579], [32.87438, -2.47001], [32.88704, -2.45943], [32.89622, -2.46925], [32.91011, -2.46845], [32.90774, -2.45579], [32.89845, -2.44825], [32.91562, -2.43516], [32.91509, -2.42348], [32.94419, -2.40028], [32.95953, -2.39586], [32.97072, -2.38257], [32.99986, -2.3834], [33.00933, -2.37009], [33.01065, -2.3802], [33.01664, -2.38275], [33.03571, -2.37847], [33.0448, -2.38196], [33.06162, -2.37263], [33.06994, -2.37306], [33.07917, -2.38599], [33.07479, -2.40541]]], [[[33.04325, -2.25739], [33.04467, -2.25545], [33.04548, -2.25759], [33.04325, -2.25739]]], [[[33.00477, -2.36355], [33.00568, -2.36948], [32.99594, -2.36294], [33.00477, -2.36355]]], [[[32.92052, -2.36191], [32.92222, -2.36146], [32.9227, -2.36375], [32.92052, -2.36191]]]]}}, {"type": "Feature", "properties": {"shapeID": "72390352B45509194301574", "shapeName": "Kwimba"}, "geometry": {"type": "Polygon", "coordinates": [[[33.61416, -2.81439], [33.57612, -2.82408], [33.57576, -2.84065], [33.54936, -2.834], [33.54603, -2.85742], [33.50103, -2.88985], [33.50041, -2.92035], [33.51403, -2.92395], [33.52358, -2.99145], [33.52085, -3.00102], [33.49456, -3.02184], [33.49471, -3.0459], [33.48454, -3.04349], [33.48126, -3.074], [33.49023, -3.09063], [33.4818, -3.12913], [33.48101, -3.16731], [33.46934, -3.18819], [33.44724, -3.19502], [33.43871, -3.20617], [33.43575, -3.22567], [33.44331, -3.27316], [33.41672, -3.30953], [33.36987, -3.30635], [33.34285, -3.31182], [33.3257, -3.32732], [33.29946, -3.3842], [33.28764, -3.39724], [33.21671, -3.39026], [33.19555, -3.40105], [33.15621, -3.40368], [33.15289, -3.4209], [33.1304, -3.43541], [33.09942, -3.43264], [33.09708, -3.42518], [33.05218, -3.38845], [33.01595, -3.38936], [32.99248, -3.3643], [32.98124, -3.3643], [32.97487, -3.34916], [32.9596, -3.33871], [32.91739, -3.33231], [32.91659, -3.30246], [32.92706, -3.27774], [32.92999, -3.22674], [32.95268, -3.22576], [32.96759, -3.21059], [32.95676, -3.17861], [32.95886, -3.16587], [33.01985, -3.18925], [33.05714, -3.1854], [33.06347, -3.16784], [33.08585, -3.16478], [33.11177, -3.14705], [33.09353, -3.1127], [33.14098, -3.12852], [33.19162, -3.10118], [33.18688, -3.09366], [33.18893, -3.08169], [33.17706, -3.07316], [33.18162, -3.06586], [33.17443, -3.05172], [33.18207, -3.03887], [33.16822, -3.02368], [33.21301, -2.98758], [33.23504, -2.97741], [33.24006, -2.95649], [33.20915, -2.92452], [33.26285, -2.90502], [33.28542, -2.87662], [33.29254, -2.85828], [33.28231, -2.84639], [33.27761, -2.81778], [33.23204, -2.81592], [33.2008, -2.80613], [33.15402, -2.81034], [33.15356, -2.77566], [33.16715, -2.75369], [33.15647, -2.73865], [33.17864, -2.7391], [33.17919, -2.72654], [33.2112, -2.73075], [33.20294, -2.67998], [33.22675, -2.64315], [33.25882, -2.64994], [33.32829, -2.64018], [33.34959, -2.65427], [33.37242, -2.65029], [33.36528, -2.66497], [33.36945, -2.67823], [33.40117, -2.71736], [33.43506, -2.69536], [33.44689, -2.6745], [33.4543, -2.68997], [33.47663, -2.70439], [33.50692, -2.70351], [33.51526, -2.69807], [33.53828, -2.70051], [33.54768, -2.69117], [33.56421, -2.70645], [33.5925, -2.74965], [33.59311, -2.76689], [33.60587, -2.77045], [33.61543, -2.79965], [33.61416, -2.81439]]]}}, {"type": "Feature", "properties": {"shapeID": "72390352B80484439449184", "shapeName": "Magu"}, "geometry": {"type": "Polygon", "coordinates": [[[33.02637, -2.5335], [33.0225, -2.51106], [33.03826, -2.49763], [33.02435, -2.47895], [33.02442, -2.47073], [33.0528, -2.4345], [33.05743, -2.41389], [33.07479, -2.40541], [33.07917, -2.38599], [33.09496, -2.38074], [33.10399, -2.38152], [33.11393, -2.39335], [33.12296, -2.39045], [33.1375, -2.39869], [33.13585, -2.41195], [33.12296, -2.4242], [33.1264, -2.44162], [33.14191, -2.46549], [33.15677, -2.46212], [33.16554, -2.46672], [33.16797, -2.48417], [33.192, -2.51288], [33.20514, -2.51724], [33.23013, -2.51325], [33.24719, -2.50251], [33.26266, -2.51356], [33.28277, -2.50241], [33.29541, -2.50511], [33.29406, -2.52764], [33.28829, -2.53212], [33.29279, -2.54675], [33.33102, -2.53562], [33.3299, -2.51658], [33.3415, -2.50872], [33.33076, -2.49577], [33.34275, -2.48895], [33.35787, -2.5097], [33.34313, -2.52094], [33.34073, -2.53087], [33.35951, -2.53557], [33.37337, -2.53065], [33.38286, -2.51974], [33.39923, -2.52214], [33.40316, -2.53087], [33.39672, -2.55423], [33.40283, -2.55303], [33.40152, -2.54539], [33.41113, -2.54277], [33.41505, -2.52946], [33.44736, -2.53349], [33.46035, -2.5288], [33.46775, -2.51011], [33.46722, -2.49972], [33.46066, -2.49589], [33.4744, -2.48663], [33.48031, -2.49772], [33.51457, -2.51492], [33.56479, -2.50516], [33.5766, -2.52488], [33.58537, -2.56675], [33.60434, -2.56417], [33.60704, -2.55877], [33.61331, -2.56325], [33.6146, -2.55828], [33.63073, -2.55458], [33.6229, -2.61119], [33.63002, -2.64006], [33.64667, -2.64245], [33.66805, -2.66387], [33.69464, -2.67399], [33.7039, -2.684], [33.73577, -2.68704], [33.74923, -2.70441], [33.77258, -2.71287], [33.78649, -2.75089], [33.78156, -2.75838], [33.78107, -2.78611], [33.78936, -2.7975], [33.78861, -2.81226], [33.76121, -2.83041], [33.74521, -2.83144], [33.72663, -2.81237], [33.68305, -2.83356], [33.66007, -2.8364], [33.65648, -2.82302], [33.64307, -2.82255], [33.63697, -2.81076], [33.61543, -2.79965], [33.60587, -2.77045], [33.59311, -2.76689], [33.5925, -2.74965], [33.56421, -2.70645], [33.54768, -2.69117], [33.53828, -2.70051], [33.51526, -2.69807], [33.50692, -2.70351], [33.47663, -2.70439], [33.4543, -2.68997], [33.44689, -2.6745], [33.43506, -2.69536], [33.40117, -2.71736], [33.36945, -2.67823], [33.36528, -2.66497], [33.37242, -2.65029], [33.34959, -2.65427], [33.32829, -2.64018], [33.28603, -2.64842], [33.23612, -2.64721], [33.22675, -2.64315], [33.22748, -2.6253], [33.2055, -2.63472], [33.19501, -2.63177], [33.1781, -2.61432], [33.15528, -2.61722], [33.13992, -2.60618], [33.12244, -2.60427], [33.10587, -2.60564], [33.08858, -2.62619], [33.07537, -2.62875], [33.07628, -2.61332], [33.05615, -2.61811], [33.02747, -2.61056], [33.01148, -2.56433], [33.02637, -2.5335]]]}}, {"type": "Feature", "properties": {"shapeID": "72390352B3687042598615", "shapeName": "Misungwi"}, "geometry": {"type": "MultiPolygon", "coordinates": [[[[32.78576, -3.22158], [32.78103, -3.19562], [32.79293, -3.17217], [32.76959, -3.12212], [32.77045, -3.09719], [32.78388, -3.06172], [32.78153, -3.04678], [32.76505, -3.03102], [32.76623, -3.00703], [32.80216, -2.97948], [32.80925, -2.97208], [32.80285, -2.97201], [32.80659, -2.96055], [32.82056, -2.95329], [32.8145, -2.94726], [32.8098, -2.95808], [32.81026, -2.94153], [32.81779, -2.93538], [32.82993, -2.89373], [32.82751, -2.88121], [32.84219, -2.86032], [32.8422, -2.85213], [32.85254, -2.8429], [32.86565, -2.84325], [32.8676, -2.83087], [32.88333, -2.83049], [32.89825, -2.8224], [32.90321, -2.79901], [32.90968, -2.79251], [32.92011, -2.81659], [32.90952, -2.83524], [32.92311, -2.84496], [32.93669, -2.84579], [32.94739, -2.85655], [32.96765, -2.86], [32.95928, -2.86416], [32.96265, -2.87029], [32.97042, -2.87027], [32.96793, -2.85693], [32.9757, -2.85997], [32.97598, -2.87156], [32.98027, -2.86725], [32.99731, -2.87402], [32.99254, -2.87952], [33.00523, -2.87632], [33.02069, -2.88127], [33.02115, -2.87329], [33.01467, -2.86824], [33.01732, -2.85408], [33.0079, -2.84564], [32.99791, -2.85619], [32.97857, -2.85555], [32.97081, -2.82296], [32.95701, -2.81886], [32.94425, -2.8253], [32.93358, -2.82361], [32.94415, -2.79423], [32.96833, -2.79356], [32.9516, -2.77937], [32.95165, -2.76804], [32.92253, -2.76691], [32.91145, -2.75738], [32.91352, -2.74084], [32.90207, -2.72947], [32.90304, -2.71891], [32.8852, -2.70616], [32.88224, -2.69745], [32.88817, -2.68763], [32.92227, -2.68485], [32.90504, -2.65747], [32.89455, -2.65467], [32.8927, -2.64322], [32.90517, -2.63701], [32.92341, -2.65279], [32.94143, -2.64059], [32.95723, -2.64225], [32.98341, -2.63224], [33.01185, -2.6299], [33.02581, -2.6218], [33.02747, -2.61056], [33.05615, -2.61811], [33.07628, -2.61332], [33.07537, -2.62875], [33.08858, -2.62619], [33.10587, -2.60564], [33.12244, -2.60427], [33.13992, -2.60618], [33.15528, -2.61722], [33.1781, -2.61432], [33.19501, -2.63177], [33.2055, -2.63472], [33.22748, -2.6253], [33.22169, -2.65636], [33.20294, -2.67998], [33.2112, -2.73075], [33.17919, -2.72654], [33.17864, -2.7391], [33.15647, -2.73865], [33.16715, -2.75369], [33.15356, -2.77566], [33.15402, -2.81034], [33.2008, -2.80613], [33.23204, -2.81592], [33.27761, -2.81778], [33.28231, -2.84639], [33.29254, -2.85828], [33.28542, -2.87662], [33.26285, -2.90502], [33.20915, -2.92452], [33.24006, -2.95649], [33.23504, -2.97741], [33.21301, -2.98758], [33.16822, -3.02368], [33.18207, -3.03887], [33.17443, -3.05172], [33.18162, -3.06586], [33.17706, -3.07316], [33.18893, -3.08169], [33.18688, -3.09366], [33.19162, -3.10118], [33.14098, -3.12852], [33.09353, -3.1127], [33.11177, -3.14705], [33.08585, -3.16478], [33.06347, -3.16784], [33.05714, -3.1854], [33.01985, -3.18925], [32.95886, -3.16587], [32.95676, -3.17861], [32.96759, -3.21059], [32.95268, -3.22576], [32.92999, -3.22674], [32.92706, -3.27774], [32.91659, -3.30246], [32.90469, -3.29962], [32.88448, -3.26843], [32.85537, -3.26251], [32.8483, -3.23404], [32.84202, -3.22984], [32.83831, -3.23778], [32.80406, -3.24853], [32.77497, -3.24967], [32.78576, -3.22158]]], [[[32.87426, -2.80479], [32.8776, -2.79504], [32.88491, -2.8016], [32.88257, -2.80791], [32.87426, -2.80479]]]]}}, {"type": "Feature", "properties": {"shapeID": "72390352B17873975087440", "shapeName": "Nyamagana"}, "geometry": {"type": "MultiPolygon", "coordinates": [[[[32.9015, -2.50014], [32.90848, -2.49835], [32.92671, -2.50571], [32.92881, -2.53007], [32.97176, -2.54021], [32.99086, -2.53658], [33.01148, -2.56433], [33.02506, -2.59844], [33.02581, -2.6218], [32.9989, -2.63375], [32.94143, -2.64059], [32.92341, -2.65279], [32.90517, -2.63701], [32.89683, -2.63788], [32.88233, -2.65108], [32.87249, -2.64684], [32.86009, -2.62432], [32.86419, -2.6084], [32.8751, -2.60125], [32.88436, -2.60534], [32.88087, -2.57979], [32.88861, -2.58939], [32.89632, -2.58291], [32.88538, -2.5699], [32.89423, -2.56715], [32.88716, -2.5573], [32.89921, -2.56282], [32.90869, -2.55774], [32.89886, -2.52409], [32.88877, -2.53053], [32.88402, -2.52734], [32.88548, -2.5202], [32.89794, -2.5124], [32.9015, -2.50014]]], [[[32.88182, -2.55329], [32.88324, -2.5519], [32.88501, -2.55351], [32.88182, -2.55329]]], [[[32.87525, -2.51832], [32.87487, -2.52268], [32.87142, -2.52193], [32.87137, -2.51635], [32.87525, -2.51832]]], [[[32.86874, -2.51036], [32.86921, -2.51421], [32.86386, -2.51047], [32.86874, -2.51036]]]]}}, {"type": "Feature", "properties": {"shapeID": "72390352B95612948822264", "shapeName": "Sengerema"}, "geometry": {"type": "MultiPolygon", "coordinates": [[[[32.5833, -2.90263], [32.57729, -2.86557], [32.55908, -2.84839], [32.54169, -2.81983], [32.55328, -2.79644], [32.50919, -2.78112], [32.45061, -2.77677], [32.42846, -2.76787], [32.41601, -2.74298], [32.40447, -2.7344], [32.4197, -2.68155], [32.44637, -2.67287], [32.45544, -2.66217], [32.51789, -2.65609], [32.52037, -2.64222], [32.51358, -2.62659], [32.49035, -2.62794], [32.44668, -2.61614], [32.35249, -2.60248], [32.26866, -2.60517], [32.26402, -2.5739], [32.24289, -2.55687], [32.23926, -2.54638], [32.22498, -2.54204], [32.2107, -2.4996], [32.18738, -2.50567], [32.18109, -2.51613], [32.17958, -2.50691], [32.18587, -2.5055], [32.17972, -2.50496], [32.18315, -2.49466], [32.17089, -2.49954], [32.17114, -2.4907], [32.16583, -2.48862], [32.16921, -2.48534], [32.16011, -2.4853], [32.15975, -2.47663], [32.15828, -2.48326], [32.15475, -2.47646], [32.13888, -2.47883], [32.13969, -2.47401], [32.14407, -2.47063], [32.14668, -2.46257], [32.12918, -2.463], [32.1193, -2.47884], [32.10142, -2.46665], [32.1061, -2.45104], [32.10153, -2.43994], [32.08928, -2.4313], [32.06911, -2.42907], [32.05586, -2.41266], [32.05895, -2.40209], [32.05429, -2.39609], [32.0687, -2.37462], [32.08449, -2.38275], [32.08846, -2.37739], [32.10177, -2.37708], [32.10366, -2.37137], [32.11475, -2.38239], [32.13946, -2.39175], [32.15507, -2.3913], [32.16677, -2.38403], [32.17665, -2.36932], [32.18148, -2.34361], [32.19737, -2.33099], [32.19745, -2.31523], [32.21296, -2.31185], [32.22043, -2.32176], [32.23343, -2.31576], [32.22696, -2.29445], [32.23131, -2.26772], [32.21711, -2.25433], [32.22411, -2.24504], [32.22859, -2.24316], [32.22937, -2.25788], [32.23825, -2.25924], [32.24026, -2.27482], [32.24989, -2.28146], [32.29472, -2.2754], [32.30175, -2.27012], [32.30274, -2.25802], [32.30936, -2.25696], [32.31688, -2.27753], [32.33173, -2.29474], [32.32363, -2.30805], [32.33544, -2.32572], [32.3451, -2.32611], [32.35315, -2.31852], [32.36148, -2.3224], [32.36824, -2.34249], [32.33772, -2.32731], [32.32246, -2.32741], [32.31898, -2.33362], [32.33648, -2.355], [32.34028, -2.37827], [32.33374, -2.38618], [32.34067, -2.39779], [32.3571, -2.40178], [32.3666, -2.39557], [32.37775, -2.41224], [32.37817, -2.41825], [32.36042, -2.42475], [32.36657, -2.44399], [32.41159, -2.43299], [32.42375, -2.44355], [32.44054, -2.44021], [32.42318, -2.46328], [32.42941, -2.47624], [32.42905, -2.47106], [32.43487, -2.47303], [32.46051, -2.45744], [32.4647, -2.46754], [32.47571, -2.46664], [32.47819, -2.453], [32.48631, -2.4491], [32.48179, -2.46086], [32.48581, -2.47279], [32.50085, -2.48016], [32.51138, -2.45523], [32.53382, -2.45717], [32.54342, -2.44272], [32.549, -2.4543], [32.54143, -2.47508], [32.54406, -2.48682], [32.53564, -2.50173], [32.51606, -2.49535], [32.51614, -2.52197], [32.50827, -2.53432], [32.51525, -2.55312], [32.52524, -2.56044], [32.56103, -2.5183], [32.57494, -2.51719], [32.57976, -2.50647], [32.59971, -2.50014], [32.61337, -2.4652], [32.63095, -2.46073], [32.63927, -2.4413], [32.64123, -2.39837], [32.65245, -2.39178], [32.65578, -2.37484], [32.66728, -2.36075], [32.67114, -2.39344], [32.66002, -2.39277], [32.66031, -2.40795], [32.66557, -2.41423], [32.67549, -2.41152], [32.67122, -2.42433], [32.67671, -2.43139], [32.69757, -2.43518], [32.69732, -2.45844], [32.70635, -2.46679], [32.69646, -2.47035], [32.68987, -2.48154], [32.66201, -2.48554], [32.66028, -2.48853], [32.67429, -2.48851], [32.69731, -2.50701], [32.71398, -2.49473], [32.72917, -2.49894], [32.73508, -2.49101], [32.74355, -2.49121], [32.74101, -2.50058], [32.75086, -2.50964], [32.74253, -2.5198], [32.75247, -2.53243], [32.76469, -2.51953], [32.76564, -2.51087], [32.77218, -2.50994], [32.77203, -2.4988], [32.78152, -2.4965], [32.77841, -2.48769], [32.80051, -2.50382], [32.80174, -2.49214], [32.7964, -2.48584], [32.80655, -2.48772], [32.81767, -2.47857], [32.81946, -2.48735], [32.83341, -2.48888], [32.82149, -2.50504], [32.83608, -2.50607], [32.8337, -2.52152], [32.84035, -2.53583], [32.83744, -2.54015], [32.81944, -2.53386], [32.81413, -2.53722], [32.81444, -2.54681], [32.82241, -2.5589], [32.8326, -2.5508], [32.8436, -2.55876], [32.83599, -2.56898], [32.84552, -2.58454], [32.83627, -2.57658], [32.83228, -2.5801], [32.83901, -2.60549], [32.83285, -2.60725], [32.82889, -2.60016], [32.81856, -2.60281], [32.82843, -2.61405], [32.82568, -2.63266], [32.80291, -2.62785], [32.81165, -2.64262], [32.81052, -2.66899], [32.82888, -2.6563], [32.84422, -2.67441], [32.82239, -2.68099], [32.81595, -2.6993], [32.82922, -2.71159], [32.83652, -2.70977], [32.87283, -2.72551], [32.87595, -2.75363], [32.86425, -2.76337], [32.87494, -2.76798], [32.87559, -2.77393], [32.85358, -2.78828], [32.86031, -2.81109], [32.8528, -2.82679], [32.83584, -2.82487], [32.82442, -2.84225], [32.77534, -2.85233], [32.76163, -2.86399], [32.74946, -2.86633], [32.73924, -2.85832], [32.72016, -2.86598], [32.71962, -2.88177], [32.76272, -2.87347], [32.78078, -2.8863], [32.77162, -2.87456], [32.776, -2.86005], [32.79865, -2.86875], [32.80293, -2.8775], [32.78326, -2.88993], [32.80229, -2.90267], [32.80583, -2.91265], [32.79132, -2.92255], [32.77854, -2.91905], [32.77569, -2.92282], [32.78239, -2.92356], [32.76216, -2.92843], [32.76942, -2.95333], [32.77851, -2.96261], [32.77248, -2.97021], [32.76549, -2.96756], [32.77173, -2.97078], [32.76824, -2.98401], [32.75083, -3.00101], [32.72204, -3.00889], [32.69036, -2.98808], [32.68402, -2.98937], [32.6529, -2.96074], [32.62655, -2.95025], [32.61595, -2.93679], [32.57936, -2.92995], [32.5833, -2.90263]]], [[[32.7719, -2.43406], [32.7627, -2.43647], [32.75976, -2.44711], [32.73731, -2.43736], [32.74719, -2.42239], [32.7719, -2.43406]]], [[[32.73151, -2.44637], [32.72978, -2.45038], [32.72701, -2.44482], [32.73151, -2.44637]]], [[[32.71515, -2.43084], [32.71889, -2.44188], [32.69684, -2.42839], [32.69598, -2.4184], [32.71515, -2.43084]]], [[[32.70064, -2.3328], [32.70861, -2.34488], [32.6999, -2.34252], [32.6955, -2.33189], [32.70064, -2.3328]]], [[[32.69893, -2.36653], [32.69976, -2.36332], [32.70189, -2.36504], [32.69893, -2.36653]]], [[[32.68466, -2.31318], [32.68461, -2.31522], [32.68123, -2.3143], [32.68466, -2.31318]]], [[[32.65565, -2.36032], [32.65328, -2.36869], [32.64532, -2.363], [32.64889, -2.35729], [32.65565, -2.36032]]], [[[32.61081, -2.29691], [32.61241, -2.30755], [32.58834, -2.30213], [32.58942, -2.28625], [32.59281, -2.29444], [32.61081, -2.29691]]], [[[32.57295, -2.29136], [32.57387, -2.2786], [32.58025, -2.28298], [32.58162, -2.29052], [32.57295, -2.29136]]], [[[32.43301, -2.27443], [32.44057, -2.27908], [32.43666, -2.29237], [32.44407, -2.29506], [32.45966, -2.27429], [32.47139, -2.28519], [32.46861, -2.29469], [32.45134, -2.29637], [32.44822, -2.30672], [32.4541, -2.31637], [32.46465, -2.31546], [32.46776, -2.33536], [32.47589, -2.32427], [32.48088, -2.33166], [32.49452, -2.32049], [32.51492, -2.32079], [32.50022, -2.28646], [32.50269, -2.2821], [32.51115, -2.29228], [32.51665, -2.29006], [32.51443, -2.27026], [32.52909, -2.27576], [32.54263, -2.27036], [32.5385, -2.28499], [32.54575, -2.30685], [32.54204, -2.31896], [32.52699, -2.3216], [32.52826, -2.34341], [32.51276, -2.34821], [32.51192, -2.36854], [32.52679, -2.36905], [32.52432, -2.39009], [32.50996, -2.38171], [32.50788, -2.3937], [32.49078, -2.39494], [32.49228, -2.40987], [32.48453, -2.40789], [32.48275, -2.39648], [32.47805, -2.39545], [32.46433, -2.41666], [32.4388, -2.42567], [32.43352, -2.41377], [32.43659, -2.40047], [32.42837, -2.40038], [32.42435, -2.39125], [32.4304, -2.38058], [32.44587, -2.37336], [32.44774, -2.3596], [32.4377, -2.35875], [32.43408, -2.35082], [32.42655, -2.3555], [32.41158, -2.35126], [32.40517, -2.33662], [32.4143, -2.30377], [32.43346, -2.29124], [32.42626, -2.27184], [32.43766, -2.26277], [32.43301, -2.27443]]], [[[32.47638, -2.27567], [32.47224, -2.27768], [32.47194, -2.2693], [32.4753, -2.26754], [32.47638, -2.27567]]], [[[32.32199, -2.23497], [32.32403, -2.23709], [32.31587, -2.23946], [32.31314, -2.23245], [32.32199, -2.23497]]], [[[32.27386, -2.21286], [32.26897, -2.21099], [32.27349, -2.20706], [32.27386, -2.21286]]], [[[32.2048, -2.25091], [32.20101, -2.25583], [32.1947, -2.25134], [32.19612, -2.24707], [32.2048, -2.25091]]], [[[32.15489, -2.49433], [32.14557, -2.49318], [32.14668, -2.49054], [32.15775, -2.48854], [32.15489, -2.49433]]], [[[32.14932, -2.17003], [32.13812, -2.16839], [32.14406, -2.16222], [32.15482, -2.15948], [32.14932, -2.17003]]], [[[32.14768, -2.18127], [32.14514, -2.17975], [32.15001, -2.17867], [32.14768, -2.18127]]], [[[32.12589, -2.17648], [32.12805, -2.17404], [32.1329, -2.17395], [32.12589, -2.17648]]], [[[32.12477, -2.15876], [32.1314, -2.16365], [32.1205, -2.16043], [32.12331, -2.15402], [32.12477, -2.15876]]], [[[32.08021, -2.2123], [32.07193, -2.21083], [32.07495, -2.2085], [32.08205, -2.20905], [32.08021, -2.2123]]], [[[32.04752, -2.22139], [32.04343, -2.24321], [32.06293, -2.2353], [32.04167, -2.25377], [32.04419, -2.25964], [32.03525, -2.271], [32.04094, -2.27446], [32.07705, -2.26213], [32.07754, -2.27458], [32.05653, -2.29519], [32.05712, -2.30089], [32.06568, -2.30401], [32.06408, -2.30993], [32.0541, -2.31589], [32.05334, -2.32992], [32.04224, -2.34415], [31.97932, -2.36924], [31.98356, -2.34797], [31.97018, -2.33945], [31.95212, -2.3559], [31.95473, -2.34512], [31.94929, -2.34668], [31.94757, -2.34133], [31.95604, -2.3414], [31.95278, -2.3337], [31.96202, -2.32574], [31.97056, -2.33314], [31.98124, -2.31892], [31.99479, -2.32191], [31.98666, -2.31279], [31.97775, -2.31487], [31.97693, -2.30931], [31.98777, -2.29949], [31.97177, -2.28781], [31.93292, -2.29141], [31.94939, -2.28035], [31.94262, -2.27294], [31.95343, -2.26799], [31.96923, -2.27172], [31.98102, -2.26519], [31.98285, -2.25582], [31.97378, -2.24962], [31.99464, -2.25852], [32.00658, -2.2497], [32.02343, -2.21802], [32.03313, -2.21431], [32.04752, -2.22139]]], [[[32.06317, -2.22323], [32.06871, -2.21606], [32.07098, -2.22338], [32.06401, -2.23228], [32.06317, -2.22323]]]]}}, {"type": "Feature", "properties": {"shapeID": "72390352B65036310172855", "shapeName": "Ukerewe"}, "geometry": {"type": "MultiPolygon", "coordinates": [[[[33.43096, -1.68846], [33.42263, -1.69117], [33.41785, -1.67619], [33.42709, -1.67667], [33.43096, -1.68846]]], [[[33.40537, -1.72944], [33.42145, -1.7193], [33.42064, -1.72315], [33.40751, -1.73765], [33.40537, -1.72944]]], [[[33.39439, -1.67351], [33.39276, -1.67162], [33.40112, -1.66732], [33.40398, -1.67334], [33.39439, -1.67351]]], [[[33.35113, -1.70635], [33.36193, -1.7088], [33.37083, -1.72172], [33.3694, -1.74003], [33.33223, -1.71826], [33.32995, -1.69805], [33.35125, -1.69906], [33.35113, -1.70635]]], [[[33.21628, -1.93177], [33.2164, -1.9341], [33.20592, -1.93113], [33.20667, -1.92664], [33.21628, -1.93177]]], [[[33.194, -1.92717], [33.18955, -1.92397], [33.19475, -1.92298], [33.194, -1.92717]]], [[[33.19271, -2.11229], [33.18619, -2.11059], [33.18707, -2.10787], [33.19504, -2.10838], [33.19271, -2.11229]]], [[[33.18416, -1.92088], [33.18711, -1.92298], [33.16889, -1.9348], [33.14099, -1.92683], [33.15158, -1.9164], [33.18416, -1.92088]]], [[[32.92536, -1.88434], [32.93258, -1.89632], [32.94884, -1.89504], [32.93871, -1.91636], [32.92974, -1.91478], [32.92673, -1.93307], [32.96423, -1.97709], [33.00636, -1.98414], [33.028, -1.97511], [33.0328, -1.96254], [33.07342, -1.96562], [33.08257, -1.96051], [33.09251, -1.96582], [33.09805, -1.96022], [33.09471, -1.94965], [33.1009, -1.95027], [33.1074, -1.95796], [33.10462, -1.97021], [33.11665, -1.97957], [33.10535, -1.98829], [33.11475, -1.99878], [33.10345, -2.0118], [33.10499, -2.03431], [33.1179, -2.04723], [33.13829, -2.04354], [33.14683, -2.05076], [33.1432, -2.05779], [33.13033, -2.05705], [33.12115, -2.06966], [33.1317, -2.0839], [33.17033, -2.11146], [33.16098, -2.11205], [33.17112, -2.11529], [33.17177, -2.12744], [33.18535, -2.13405], [33.18369, -2.14273], [33.17692, -2.14414], [33.16277, -2.12493], [33.15252, -2.12877], [33.15044, -2.15008], [33.16512, -2.16221], [33.14956, -2.17511], [33.14178, -2.17348], [33.14018, -2.16614], [33.11837, -2.15592], [33.1043, -2.14125], [33.0949, -2.12527], [33.09792, -2.11223], [33.08275, -2.10555], [33.0668, -2.11692], [33.06976, -2.12687], [33.05795, -2.13559], [33.0362, -2.11878], [33.0334, -2.11043], [33.01621, -2.11122], [33.00479, -2.09978], [32.94808, -2.08878], [32.93232, -2.07685], [32.9148, -2.08675], [32.90302, -2.07823], [32.88248, -2.07777], [32.88382, -2.05658], [32.87613, -2.05124], [32.86353, -2.05274], [32.85761, -2.06309], [32.84247, -2.05631], [32.83548, -2.04144], [32.86126, -2.0175], [32.86592, -1.997], [32.88301, -1.99949], [32.90426, -1.97151], [32.89298, -1.96355], [32.86733, -1.96757], [32.87355, -1.95102], [32.86062, -1.94102], [32.85502, -1.946], [32.85397, -1.94097], [32.84525, -1.93996], [32.83721, -1.95227], [32.83043, -1.94587], [32.83216, -1.93], [32.81991, -1.92614], [32.84061, -1.92147], [32.8481, -1.93454], [32.8608, -1.92541], [32.86507, -1.93069], [32.8763, -1.92266], [32.88548, -1.9261], [32.89376, -1.91507], [32.88963, -1.90681], [32.8984, -1.90295], [32.90665, -1.88323], [32.92536, -1.88434]]], [[[33.08802, -1.80236], [33.09728, -1.80484], [33.09947, -1.81498], [33.08778, -1.80997], [33.08558, -1.82221], [33.09845, -1.8283], [33.10154, -1.85253], [33.09334, -1.85984], [33.07224, -1.86242], [33.04889, -1.88426], [33.02196, -1.88623], [33.02209, -1.87555], [33.00998, -1.87216], [33.00297, -1.86191], [33.00956, -1.852], [33.00193, -1.84635], [33.00649, -1.83301], [33.0022, -1.82333], [33.01111, -1.81068], [33.00601, -1.79922], [33.03337, -1.79737], [33.04054, -1.80261], [33.05253, -1.79516], [33.05548, -1.80003], [33.07067, -1.80147], [33.08575, -1.78956], [33.08802, -1.80236]]], [[[33.05546, -1.94136], [33.0495, -1.91306], [33.06315, -1.92058], [33.07073, -1.93647], [33.05546, -1.94136]]], [[[33.04907, -2.14705], [33.05133, -2.13981], [33.05472, -2.14115], [33.05431, -2.1483], [33.04907, -2.14705]]], [[[33.0103, -2.1279], [33.00739, -2.13115], [33.00546, -2.12353], [33.00841, -2.12111], [33.0103, -2.1279]]], [[[32.8876, -2.10485], [32.90606, -2.11009], [32.90334, -2.13315], [32.89651, -2.13012], [32.88922, -2.13454], [32.88927, -2.1222], [32.87752, -2.12138], [32.87579, -2.10985], [32.86734, -2.10688], [32.87996, -2.09279], [32.8876, -2.10485]]], [[[32.90053, -1.82356], [32.90043, -1.82103], [32.90294, -1.8227], [32.90053, -1.82356]]], [[[32.8881, -1.83967], [32.8879, -1.83689], [32.89226, -1.8364], [32.8881, -1.83967]]], [[[32.88774, -1.82955], [32.88846, -1.82706], [32.89021, -1.82922], [32.88774, -1.82955]]], [[[32.88145, -1.87653], [32.8811, -1.87341], [32.8822, -1.87336], [32.88145, -1.87653]]], [[[32.86533, -1.85948], [32.86387, -1.87599], [32.84177, -1.86027], [32.83747, -1.85332], [32.84155, -1.84942], [32.86533, -1.85948]]], [[[32.83169, -1.82628], [32.83527, -1.82114], [32.83741, -1.82421], [32.83715, -1.83145], [32.83169, -1.82628]]], [[[32.83158, -1.96294], [32.83072, -1.96605], [32.82786, -1.96415], [32.83158, -1.96294]]], [[[32.82495, -1.96325], [32.81988, -1.97271], [32.81643, -1.95899], [32.82495, -1.96325]]], [[[32.81783, -1.81022], [32.81338, -1.81356], [32.81087, -1.80914], [32.81783, -1.81022]]], [[[32.81147, -1.83948], [32.80608, -1.83118], [32.81167, -1.83057], [32.81147, -1.83948]]], [[[32.81028, -1.82187], [32.80591, -1.82124], [32.80537, -1.81942], [32.81042, -1.81733], [32.81028, -1.82187]]], [[[32.80086, -1.79732], [32.80446, -1.80378], [32.79548, -1.80483], [32.79695, -1.79588], [32.80086, -1.79732]]], [[[32.7806, -2.11523], [32.77644, -2.11779], [32.77657, -2.11242], [32.7806, -2.11523]]]]}}, {"type": "Feature", "properties": {"shapeID": "72390352B43391507115191", "shapeName": "Ludewa"}, "geometry": {"type": "Polygon", "coordinates": [[[34.08472, -9.52055], [34.08975, -9.50757], [34.12432, -9.52518], [34.21144, -9.58747], [34.24881, -9.62156], [34.27943, -9.67731], [34.31135, -9.70624], [34.33983, -9.70733], [34.3727, -9.68378], [34.38156, -9.68846], [34.40609, -9.6749], [34.44914, -9.67745], [34.47466, -9.66493], [34.51446, -9.63171], [34.53286, -9.64611], [34.5452, -9.64566], [34.55891, -9.63651], [34.62298, -9.61819], [34.64239, -9.6284], [34.64944, -9.6514], [34.71318, -9.67102], [34.71642, -9.67934], [34.72751, -9.6847], [34.78201, -9.66819], [34.82332, -9.6791], [34.87464, -9.6673], [34.91848, -9.7007], [35.13561, -9.76394], [35.1056, -9.77614], [35.14777, -9.8104], [35.14724, -9.82304], [35.1762, -9.83703], [35.17859, -9.85779], [35.16773, -9.8846], [35.17141, -9.89483], [35.1672, -9.91383], [35.18868, -9.932], [35.18689, -9.93821], [35.19637, -9.94115], [35.19884, -9.95797], [35.21763, -9.97931], [35.21236, -10.02467], [35.17273, -10.12022], [35.13925, -10.16815], [35.13114, -10.16177], [35.13666, -10.14297], [35.1292, -10.13603], [35.11142, -10.14615], [35.12614, -10.15903], [35.10866, -10.17436], [35.08719, -10.17191], [35.08075, -10.16516], [35.06787, -10.17068], [35.06081, -10.15075], [35.05345, -10.16884], [35.03812, -10.1621], [35.02861, -10.17559], [35.03904, -10.1808], [35.03552, -10.18499], [35.02126, -10.17809], [35.00516, -10.19097], [34.99021, -10.18982], [34.99182, -10.20109], [34.98538, -10.19971], [34.98101, -10.20615], [34.9886, -10.21903], [34.97986, -10.22731], [35.0112, -10.2648], [35.0012, -10.26829], [34.99586, -10.2615], [34.99642, -10.27787], [34.99142, -10.28373], [34.99349, -10.29753], [34.99711, -10.29874], [34.99918, -10.28597], [35.01316, -10.31099], [34.9978, -10.30788], [34.98378, -10.31741], [34.97029, -10.31526], [34.9663, -10.33519], [34.95526, -10.33857], [34.93042, -10.38242], [34.91447, -10.38947], [34.89914, -10.41094], [34.8792, -10.42597], [34.86939, -10.44406], [34.87031, -10.45388], [34.85528, -10.46829], [34.81711, -10.49016], [34.81485, -10.45516], [34.80556, -10.44541], [34.78238, -10.43979], [34.75934, -10.48568], [34.76518, -10.4913], [34.72032, -10.51063], [34.70337, -10.50882], [34.69781, -10.52496], [34.68264, -10.53392], [34.63615, -10.53252], [34.63067, -10.5384], [34.62303, -10.52833], [34.6093, -10.52428], [34.60216, -10.53562], [34.59546, -10.52674], [34.57943, -10.53334], [34.5707, -10.52922], [34.57339, -10.50939], [34.59285, -10.49061], [34.59555, -10.4812], [34.58703, -10.46804], [34.594, -10.45719], [34.58243, -10.45169], [34.57112, -10.45848], [34.55838, -10.42674], [34.57309, -10.34047], [34.58562, -10.30672], [34.58016, -10.28035], [34.56482, -10.25544], [34.56957, -10.24369], [34.57026, -10.22411], [34.56448, -10.21307], [34.5686, -10.2039], [34.5194, -10.11778], [34.53645, -10.09471], [34.53944, -10.06408], [34.50455, -10.0145], [34.50616, -10.00271], [34.49968, -9.98776], [34.4533, -9.94404], [34.43148, -9.90436], [34.33561, -9.7858], [34.3268, -9.75685], [34.17644, -9.61155], [34.07315, -9.52978], [34.08472, -9.52055]]]}}, {"type": "Feature", "properties": {"shapeID": "72390352B34261430797900", "shapeName": "Makambako Township Authority"}, "geometry": {"type": "Polygon", "coordinates": [[[34.8724, -8.78633], [34.89456, -8.79623], [34.90541, -8.80974], [34.92338, -8.80729], [34.93008, -8.81702], [34.94821, -8.82602], [34.97871, -8.82806], [35.0274, -8.80482], [35.04373, -8.77566], [35.0696, -8.77407], [35.09569, -8.78213], [35.13039, -8.775], [35.12743, -8.79424], [35.14491, -8.83162], [35.12868, -8.87784], [35.14013, -8.9014], [35.11459, -8.92766], [35.10994, -8.93999], [35.12927, -8.97512], [35.1192, -9.01783], [35.10442, -9.01529], [35.09659, -9.02387], [35.06797, -9.03196], [35.04524, -9.03081], [35.0318, -9.02358], [35.00167, -9.03359], [34.97953, -8.99199], [34.96727, -8.95202], [34.94091, -8.95112], [34.93324, -8.94214], [34.93224, -8.92872], [34.91225, -8.93276], [34.88909, -8.92084], [34.83815, -8.94754], [34.83865, -8.96518], [34.83056, -8.97743], [34.82359, -9.01014], [34.81678, -9.0145], [34.78491, -8.99571], [34.77402, -8.99489], [34.75413, -9.01668], [34.75304, -9.03337], [34.73084, -9.02584], [34.72042, -9.01344], [34.69167, -9.02634], [34.68939, -9.00355], [34.72072, -8.97697], [34.73485, -8.97771], [34.74185, -8.96247], [34.76569, -8.95879], [34.75168, -8.93385], [34.71355, -8.91996], [34.69859, -8.90434], [34.75797, -8.86365], [34.79277, -8.85516], [34.79182, -8.83372], [34.82851, -8.81194], [34.85402, -8.76907], [34.8724, -8.78633]]]}}, {"type": "Feature", "properties": {"shapeID": "72390352B51873582002434", "shapeName": "Makete"}, "geometry": {"type": "Polygon", "coordinates": [[[34.06739, -9.49662], [34.00982, -9.40824], [33.98903, -9.39383], [33.97904, -9.36843], [33.98399, -9.35945], [33.98195, -9.32808], [33.9698, -9.30461], [33.94821, -9.28734], [33.92138, -9.25038], [33.87085, -9.23445], [33.83776, -9.19484], [33.8393, -9.18322], [33.85933, -9.15765], [33.84675, -9.14211], [33.84768, -9.10203], [33.82741, -9.08848], [33.81097, -9.05801], [33.82323, -9.04791], [33.82821, -9.02967], [33.81813, -8.90858], [33.82826, -8.91002], [33.83731, -8.86449], [33.84777, -8.84267], [33.89993, -8.83962], [33.90098, -8.87471], [33.99201, -8.86683], [33.99304, -8.88629], [34.03856, -8.89876], [34.0423, -8.88493], [34.05536, -8.87741], [34.05636, -8.84196], [34.12349, -8.83908], [34.15819, -8.85861], [34.19998, -8.93782], [34.23652, -8.93609], [34.28184, -8.92077], [34.29753, -8.96479], [34.32032, -8.97342], [34.3363, -8.98919], [34.33533, -8.99991], [34.34667, -9.016], [34.34246, -9.02072], [34.35219, -9.03531], [34.35155, -9.05324], [34.38234, -9.07182], [34.398, -9.09028], [34.40528, -9.11462], [34.40106, -9.14264], [34.38719, -9.14882], [34.37387, -9.14388], [34.37744, -9.16159], [34.36398, -9.18384], [34.35121, -9.19016], [34.30437, -9.19207], [34.29761, -9.20581], [34.28454, -9.21205], [34.27246, -9.23813], [34.28563, -9.25048], [34.30126, -9.2552], [34.30526, -9.26485], [34.32025, -9.26784], [34.32483, -9.2939], [34.34132, -9.29765], [34.40855, -9.34962], [34.42735, -9.35627], [34.46522, -9.4307], [34.47537, -9.43716], [34.47352, -9.4487], [34.4834, -9.46239], [34.46078, -9.50293], [34.43589, -9.52533], [34.41246, -9.53528], [34.40768, -9.5525], [34.40053, -9.55562], [34.3916, -9.57333], [34.39654, -9.61139], [34.39331, -9.65321], [34.40609, -9.6749], [34.38156, -9.68846], [34.3727, -9.68378], [34.33983, -9.70733], [34.31135, -9.70624], [34.27943, -9.67731], [34.23642, -9.60697], [34.12432, -9.52518], [34.06739, -9.49662]]]}}, {"type": "Feature", "properties": {"shapeID": "72390352B62498272724852", "shapeName": "Njombe"}, "geometry": {"type": "Polygon", "coordinates": [[[35.1392, -9.02998], [35.20956, -9.04065], [35.26804, -9.0329], [35.30638, -9.03761], [35.31709, -9.0283], [35.35532, -9.0286], [35.36089, -9.01652], [35.36858, -9.01955], [35.38383, -9.0107], [35.46439, -9.03711], [35.52317, -9.06681], [35.50777, -9.11852], [35.49998, -9.17671], [35.4999, -9.36678], [35.50463, -9.38174], [35.50031, -9.48939], [35.45109, -9.52349], [35.4405, -9.54334], [35.38386, -9.59442], [35.36772, -9.61841], [35.30674, -9.64776], [35.30036, -9.62853], [35.29689, -9.52876], [35.29733, -9.50542], [35.30503, -9.49612], [35.30619, -9.47989], [35.2984, -9.46992], [35.27745, -9.46345], [35.28368, -9.45449], [35.25334, -9.43114], [35.2527, -9.41455], [35.20935, -9.37949], [35.2083, -9.36583], [35.19468, -9.36498], [35.1875, -9.37127], [35.17805, -9.36276], [35.16153, -9.36518], [35.15246, -9.35552], [35.10516, -9.35256], [35.08259, -9.34367], [35.07543, -9.35397], [35.06077, -9.35623], [35.05188, -9.37572], [35.03482, -9.37983], [35.01809, -9.37414], [34.99606, -9.3494], [34.97968, -9.35006], [34.97318, -9.35557], [34.96072, -9.34785], [34.96252, -9.33697], [34.93932, -9.31256], [34.92391, -9.31192], [34.91432, -9.30329], [34.89637, -9.3055], [34.86501, -9.29198], [34.84919, -9.2949], [34.81463, -9.28946], [34.82018, -9.2483], [34.8411, -9.20596], [34.8454, -9.18257], [34.84119, -9.17538], [34.81186, -9.17231], [34.81859, -9.13902], [34.8353, -9.11932], [34.79436, -9.10075], [34.7987, -9.06379], [34.75304, -9.03337], [34.75413, -9.01668], [34.76939, -8.99843], [34.78491, -8.99571], [34.80779, -9.01178], [34.81678, -9.0145], [34.82359, -9.01014], [34.83056, -8.97743], [34.83865, -8.96518], [34.83815, -8.94754], [34.88909, -8.92084], [34.91225, -8.93276], [34.93224, -8.92872], [34.93324, -8.94214], [34.94091, -8.95112], [34.96727, -8.95202], [34.97953, -8.99199], [35.00167, -9.03359], [35.0318, -9.02358], [35.04524, -9.03081], [35.06797, -9.03196], [35.09659, -9.02387], [35.10442, -9.01529], [35.1392, -9.02998]]]}}, {"type": "Feature", "properties": {"shapeID": "72390352B92677179016540", "shapeName": "Njombe Urban"}, "geometry": {"type": "Polygon", "coordinates": [[[34.91848, -9.7007], [34.87464, -9.6673], [34.82332, -9.6791], [34.78201, -9.66819], [34.72751, -9.6847], [34.71642, -9.67934], [34.71318, -9.67102], [34.64944, -9.6514], [34.64239, -9.6284], [34.62298, -9.61819], [34.55891, -9.63651], [34.5452, -9.64566], [34.53286, -9.64611], [34.51446, -9.63171], [34.47466, -9.66493], [34.44914, -9.67745], [34.40609, -9.6749], [34.39331, -9.65321], [34.39654, -9.61139], [34.3916, -9.57333], [34.40053, -9.55562], [34.40768, -9.5525], [34.41246, -9.53528], [34.43589, -9.52533], [34.46078, -9.50293], [34.4834, -9.46239], [34.47352, -9.4487], [34.47537, -9.43716], [34.5655, -9.44381], [34.57006, -9.43828], [34.56674, -9.4206], [34.57425, -9.4131], [34.6009, -9.40796], [34.61706, -9.41199], [34.66217, -9.40163], [34.67462, -9.40543], [34.68307, -9.40043], [34.69154, -9.39226], [34.68155, -9.30139], [34.69229, -9.25858], [34.72126, -9.24219], [34.72594, -9.22714], [34.76275, -9.2331], [34.75913, -9.21958], [34.76612, -9.20357], [34.81338, -9.18502], [34.81097, -9.17345], [34.82751, -9.17144], [34.84119, -9.17538], [34.8454, -9.18257], [34.8411, -9.20596], [34.82018, -9.2483], [34.81463, -9.28946], [34.84919, -9.2949], [34.86501, -9.29198], [34.89637, -9.3055], [34.91432, -9.30329], [34.92391, -9.31192], [34.93932, -9.31256], [34.96252, -9.33697], [34.96072, -9.34785], [34.97318, -9.35557], [34.97968, -9.35006], [34.99606, -9.3494], [35.01809, -9.37414], [35.03482, -9.37983], [35.05188, -9.37572], [35.06077, -9.35623], [35.07543, -9.35397], [35.08259, -9.34367], [35.10516, -9.35256], [35.15246, -9.35552], [35.16153, -9.36518], [35.17805, -9.36276], [35.1875, -9.37127], [35.19468, -9.36498], [35.2083, -9.36583], [35.20935, -9.37949], [35.2527, -9.41455], [35.25334, -9.43114], [35.28368, -9.45449], [35.27745, -9.46345], [35.2984, -9.46992], [35.30619, -9.47989], [35.30503, -9.49612], [35.29733, -9.50542], [35.29689, -9.52876], [35.30036, -9.62853], [35.30674, -9.64776], [35.24259, -9.68082], [35.21743, -9.70898], [35.18171, -9.72896], [35.15581, -9.75407], [35.14009, -9.7544], [35.13561, -9.76394], [34.91848, -9.7007]]]}}, {"type": "Feature", "properties": {"shapeID": "72390352B33528420406675", "shapeName": "Wanging'ombe"}, "geometry": {"type": "Polygon", "coordinates": [[[34.72996, -8.67367], [34.74975, -8.66906], [34.77552, -8.67769], [34.80459, -8.67071], [34.82486, -8.68188], [34.85966, -8.68614], [34.87527, -8.69706], [34.89511, -8.72712], [34.87586, -8.73129], [34.86925, -8.75135], [34.84358, -8.77987], [34.82851, -8.81194], [34.79182, -8.83372], [34.79277, -8.85516], [34.75797, -8.86365], [34.69859, -8.90434], [34.71355, -8.91996], [34.75168, -8.93385], [34.76569, -8.95879], [34.74185, -8.96247], [34.73485, -8.97771], [34.72072, -8.97697], [34.68939, -9.00355], [34.69167, -9.02634], [34.72042, -9.01344], [34.73084, -9.02584], [34.75997, -9.03505], [34.7987, -9.06379], [34.79436, -9.10075], [34.8353, -9.11932], [34.81859, -9.13902], [34.81097, -9.17345], [34.81338, -9.18502], [34.76612, -9.20357], [34.75913, -9.21958], [34.76275, -9.2331], [34.72594, -9.22714], [34.72126, -9.24219], [34.69229, -9.25858], [34.68155, -9.30139], [34.69154, -9.39226], [34.68307, -9.40043], [34.67462, -9.40543], [34.66217, -9.40163], [34.61706, -9.41199], [34.6009, -9.40796], [34.57425, -9.4131], [34.56674, -9.4206], [34.57006, -9.43828], [34.5655, -9.44381], [34.47537, -9.43716], [34.46522, -9.4307], [34.42735, -9.35627], [34.40855, -9.34962], [34.34132, -9.29765], [34.32483, -9.2939], [34.32025, -9.26784], [34.30526, -9.26485], [34.30126, -9.2552], [34.28563, -9.25048], [34.27246, -9.23813], [34.28454, -9.21205], [34.29761, -9.20581], [34.30437, -9.19207], [34.35121, -9.19016], [34.36398, -9.18384], [34.37744, -9.16159], [34.37387, -9.14388], [34.38719, -9.14882], [34.40106, -9.14264], [34.40528, -9.11462], [34.398, -9.09028], [34.38683, -9.07554], [34.35155, -9.05324], [34.35219, -9.03531], [34.34246, -9.02072], [34.34667, -9.016], [34.33533, -8.99991], [34.3363, -8.98919], [34.32032, -8.97342], [34.29753, -8.96479], [34.28184, -8.92077], [34.29263, -8.86386], [34.29298, -8.82458], [34.39157, -8.82879], [34.4188, -8.82529], [34.45782, -8.81062], [34.50449, -8.80524], [34.51133, -8.81017], [34.54567, -8.78738], [34.55671, -8.74445], [34.58987, -8.69077], [34.67415, -8.66495], [34.6992, -8.6642], [34.72996, -8.67367]]]}}, {"type": "Feature", "properties": {"shapeID": "72390352B29680200356010", "shapeName": "Bagamoyo"}, "geometry": {"type": "Polygon", "coordinates": [[[39.10451, -6.58865], [39.09261, -6.59743], [39.08509, -6.59349], [39.08805, -6.60046], [39.07979, -6.60079], [39.07688, -6.62323], [39.06945, -6.63219], [39.05891, -6.62095], [39.03138, -6.6183], [39.02395, -6.61186], [39.00218, -6.62196], [39.01252, -6.59637], [39.00366, -6.56585], [38.94291, -6.54675], [38.93122, -6.56865], [38.87289, -6.59897], [38.8665, -6.61659], [38.84631, -6.61786], [38.85563, -6.63932], [38.8515, -6.66052], [38.84438, -6.66131], [38.80941, -6.64652], [38.80364, -6.62149], [38.81255, -6.60918], [38.81767, -6.57362], [38.81265, -6.56285], [38.80399, -6.56], [38.80592, -6.56833], [38.80005, -6.56717], [38.79318, -6.58598], [38.78097, -6.58655], [38.77851, -6.61364], [38.76573, -6.61949], [38.75406, -6.64067], [38.73541, -6.64354], [38.73343, -6.64924], [38.72135, -6.64424], [38.70794, -6.65245], [38.71511, -6.66974], [38.70571, -6.66923], [38.70532, -6.67695], [38.69197, -6.68703], [38.69188, -6.71129], [38.67266, -6.74349], [38.67247, -6.75694], [38.65266, -6.77454], [38.64576, -6.76566], [38.63305, -6.7678], [38.62396, -6.76303], [38.59912, -6.77603], [38.57329, -6.732], [38.54194, -6.71417], [38.52352, -6.71496], [38.51473, -6.7268], [38.49319, -6.73389], [38.47611, -6.71168], [38.46778, -6.70934], [38.44962, -6.72297], [38.43257, -6.72344], [38.40244, -6.7136], [38.38845, -6.6996], [38.37286, -6.70513], [38.34561, -6.68169], [38.33173, -6.67777], [38.31638, -6.68746], [38.30297, -6.68336], [38.27881, -6.68932], [38.2651, -6.68495], [38.24615, -6.70163], [38.23066, -6.69924], [38.21428, -6.70651], [38.18126, -6.69367], [38.17207, -6.69684], [38.15042, -6.67541], [38.13232, -6.66728], [38.11539, -6.67427], [38.11264, -6.6716], [38.11941, -6.66658], [38.09233, -6.65644], [38.03965, -6.65469], [38.02815, -6.64078], [38.03445, -6.63721], [38.01656, -6.62937], [38.01883, -6.62397], [38.0115, -6.61642], [38.01464, -6.6096], [38.00092, -6.60008], [38.00159, -6.24763], [38.00503, -6.22546], [38.03052, -6.21844], [38.03845, -6.20524], [38.04944, -6.214], [38.07939, -6.21515], [38.07785, -6.20604], [38.06121, -6.19349], [38.0641, -6.18737], [38.05742, -6.18244], [38.03663, -6.18439], [38.01382, -6.17226], [37.97176, -6.17084], [37.97394, -6.16356], [37.96048, -6.16356], [37.97467, -6.15701], [37.97248, -6.1461], [37.95939, -6.14755], [37.96448, -6.13627], [37.95611, -6.13009], [37.96302, -6.12245], [37.95138, -6.12208], [37.95466, -6.11481], [37.92992, -6.11044], [37.92555, -6.10207], [37.90991, -6.11226], [37.90809, -6.10571], [37.91427, -6.0988], [37.90845, -6.09152], [37.8848, -6.09479], [37.88262, -6.0726], [37.86807, -6.04895], [37.87425, -6.04567], [37.86661, -6.04349], [37.86916, -6.03585], [37.86297, -6.02275], [37.86661, -6.01692], [37.85671, -5.99608], [37.84304, -5.99163], [37.84543, -5.97353], [37.86388, -5.96738], [37.86456, -5.94961], [37.85602, -5.94551], [37.85363, -5.93629], [37.84782, -5.938], [37.85124, -5.93356], [37.83997, -5.93048], [37.84133, -5.92092], [37.8287, -5.91716], [37.81708, -5.9011], [37.80273, -5.89734], [37.79829, -5.89017], [37.81913, -5.88402], [37.86525, -5.89188], [37.88062, -5.87377], [37.89906, -5.87206], [37.91713, -5.8487], [37.93557, -5.84127], [37.95094, -5.84998], [37.97041, -5.84819], [37.98963, -5.8587], [38.00167, -5.87356], [38.0091, -5.85895], [38.05752, -5.86331], [38.07315, -5.84768], [38.08109, -5.85434], [38.08698, -5.84998], [38.10005, -5.861], [38.10697, -5.85485], [38.13489, -5.86561], [38.14104, -5.85383], [38.15718, -5.85844], [38.16384, -5.85511], [38.17323, -5.86207], [38.168, -5.86914], [38.19967, -5.87437], [38.20859, -5.88544], [38.19814, -5.89405], [38.20305, -5.8962], [38.20644, -5.88974], [38.21904, -5.89405], [38.21781, -5.9005], [38.22427, -5.90358], [38.23182, -5.92214], [38.23878, -5.91823], [38.24504, -5.92838], [38.26526, -5.93056], [38.27858, -5.92124], [38.28849, -5.93618], [38.29453, -5.92374], [38.30294, -5.92803], [38.29923, -5.93116], [38.30827, -5.94043], [38.31059, -5.93382], [38.31859, -5.93452], [38.33655, -5.95318], [38.33099, -5.96431], [38.34304, -5.97266], [38.34165, -5.98715], [38.36541, -5.98309], [38.37561, -5.98889], [38.37898, -5.98147], [38.39103, -5.98761], [38.39126, -5.99352], [38.39671, -5.98831], [38.39289, -5.98263], [38.4032, -5.97822], [38.4061, -5.98668], [38.41247, -5.9861], [38.4147, -6.00606], [38.42393, -6.00562], [38.42308, -6.0111], [38.43041, -6.01451], [38.44807, -6.00813], [38.46429, -6.01974], [38.48259, -5.99949], [38.5175, -6.00782], [38.54387, -5.99676], [38.55773, -6.00107], [38.56075, -6.00639], [38.55167, -6.01049], [38.56173, -6.01571], [38.57301, -6.01029], [38.57907, -5.99905], [38.59203, -5.99442], [38.59627, -5.9813], [38.6041, -5.97715], [38.60552, -5.98462], [38.62925, -5.98618], [38.65506, -5.95434], [38.66993, -5.95164], [38.69493, -5.96152], [38.70388, -5.94548], [38.73037, -5.95323], [38.75925, -5.95323], [38.79085, -5.96677], [38.79584, -5.96227], [38.79873, -5.96836], [38.77833, -6.01829], [38.78216, -6.05954], [38.8139, -6.10869], [38.81433, -6.12188], [38.82202, -6.11479], [38.83928, -6.15136], [38.85406, -6.15823], [38.86306, -6.17142], [38.86423, -6.21819], [38.85181, -6.24183], [38.83864, -6.31645], [38.84326, -6.33918], [38.86918, -6.39002], [38.90037, -6.40194], [38.90553, -6.4302], [38.92012, -6.44766], [38.94773, -6.45814], [38.95682, -6.45611], [38.95799, -6.46417], [38.97905, -6.47359], [38.99675, -6.47423], [39.01787, -6.49332], [39.04311, -6.48882], [39.05748, -6.49365], [39.05942, -6.50015], [39.05101, -6.50817], [39.07266, -6.51611], [39.0742, -6.52646], [39.08244, -6.5229], [39.09139, -6.54334], [39.1206, -6.56409], [39.10451, -6.58865]]]}}, {"type": "Feature", "properties": {"shapeID": "72390352B76192804660906", "shapeName": "Kibaha"}, "geometry": {"type": "Polygon", "coordinates": [[[38.2629, -6.91923], [38.26355, -6.78445], [38.24615, -6.70163], [38.26047, -6.68763], [38.30297, -6.68336], [38.31638, -6.68746], [38.33173, -6.67777], [38.34561, -6.68169], [38.37286, -6.70513], [38.38845, -6.6996], [38.40244, -6.7136], [38.43257, -6.72344], [38.44962, -6.72297], [38.46778, -6.70934], [38.47611, -6.71168], [38.49319, -6.73389], [38.51473, -6.7268], [38.52352, -6.71496], [38.54194, -6.71417], [38.57329, -6.732], [38.59912, -6.77603], [38.62396, -6.76303], [38.63305, -6.7678], [38.64576, -6.76566], [38.65266, -6.77454], [38.67247, -6.75694], [38.67266, -6.74349], [38.69188, -6.71129], [38.69197, -6.68703], [38.70532, -6.67695], [38.70571, -6.66923], [38.71511, -6.66974], [38.70794, -6.65245], [38.72455, -6.64361], [38.73343, -6.64924], [38.73541, -6.64354], [38.74817, -6.64042], [38.75904, -6.64477], [38.77454, -6.68431], [38.77563, -6.70315], [38.75835, -6.7587], [38.76141, -6.76935], [38.77926, -6.77675], [38.77534, -6.79448], [38.78245, -6.81806], [38.7939, -6.82543], [38.80914, -6.79318], [38.83394, -6.79269], [38.8357, -6.75674], [38.84928, -6.75679], [38.85027, -6.75235], [38.86792, -6.75349], [38.87828, -6.81285], [38.90096, -6.82998], [38.93177, -6.78855], [38.94535, -6.83159], [38.95608, -6.83622], [38.95007, -6.84676], [38.95993, -6.86952], [38.95593, -6.91597], [38.97401, -6.94218], [38.97158, -6.94684], [38.95222, -6.93587], [38.88001, -6.93987], [38.87934, -6.89405], [38.84311, -6.89508], [38.84093, -6.91674], [38.83212, -6.9164], [38.80887, -6.89671], [38.81777, -6.86655], [38.81231, -6.85066], [38.79859, -6.83875], [38.7927, -6.85364], [38.74444, -6.85373], [38.72614, -6.86233], [38.6944, -6.85373], [38.63433, -6.85344], [38.59771, -6.89227], [38.58593, -6.87162], [38.57477, -6.86997], [38.5742, -6.87785], [38.56204, -6.8837], [38.55663, -6.89929], [38.56022, -6.9099], [38.55314, -6.90795], [38.55081, -6.92148], [38.54497, -6.92431], [38.54951, -6.92487], [38.54654, -6.94309], [38.53979, -6.94598], [38.54498, -6.95192], [38.54137, -6.95973], [38.51881, -6.97053], [38.47115, -6.9635], [38.45917, -6.96822], [38.42028, -6.94447], [38.38523, -6.96348], [38.35956, -6.93897], [38.32585, -6.9246], [38.2947, -6.91987], [38.27586, -6.92949], [38.26896, -6.9481], [38.2629, -6.91923]]]}}, {"type": "Feature", "properties": {"shapeID": "72390352B56720706839933", "shapeName": "Kibaha Urban"}, "geometry": {"type": "Polygon", "coordinates": [[[39.06794, -6.655], [39.0592, -6.66375], [39.05953, -6.71896], [39.05108, -6.72208], [39.0428, -6.74096], [39.02926, -6.75173], [39.02648, -6.76936], [39.00745, -6.77638], [39.01155, -6.78102], [38.99852, -6.80124], [38.9819, -6.80123], [38.98135, -6.80886], [38.96402, -6.8289], [38.95489, -6.83454], [38.94535, -6.83159], [38.93177, -6.78855], [38.90096, -6.82998], [38.87828, -6.81285], [38.86792, -6.75349], [38.85027, -6.75235], [38.84928, -6.75679], [38.8357, -6.75674], [38.83394, -6.79269], [38.80914, -6.79318], [38.7939, -6.82543], [38.78245, -6.81806], [38.77534, -6.79448], [38.77926, -6.77675], [38.7595, -6.76752], [38.76112, -6.74572], [38.77563, -6.70315], [38.77105, -6.6687], [38.75436, -6.63675], [38.77216, -6.61325], [38.77851, -6.61364], [38.78097, -6.58655], [38.79318, -6.58598], [38.80005, -6.56717], [38.80592, -6.56833], [38.80399, -6.56], [38.81265, -6.56285], [38.81767, -6.57362], [38.81255, -6.60918], [38.80364, -6.62149], [38.80941, -6.64652], [38.84438, -6.66131], [38.8515, -6.66052], [38.85563, -6.63932], [38.84631, -6.61786], [38.8665, -6.61659], [38.87289, -6.59897], [38.93122, -6.56865], [38.94291, -6.54675], [39.00366, -6.56585], [39.01252, -6.59637], [39.00218, -6.62196], [39.02395, -6.61186], [39.03138, -6.6183], [39.05891, -6.62095], [39.06945, -6.63219], [39.06794, -6.655]]]}}, {"type": "Feature", "properties": {"shapeID": "72390352B52983476562666", "shapeName": "Kisarawe"}, "geometry": {"type": "Polygon", "coordinates": [[[39.11795, -6.87794], [39.10558, -6.89538], [39.10798, -6.91297], [39.08721, -6.92105], [39.09328, -6.93128], [39.08681, -6.92792], [39.07531, -6.95767], [39.06583, -6.96057], [39.05873, -6.97101], [39.07361, -6.97753], [39.05832, -6.99771], [39.06434, -7.01187], [39.05003, -7.02624], [39.03528, -7.01999], [39.02131, -7.0233], [39.02934, -7.0444], [39.03781, -7.0479], [39.06773, -7.02921], [39.06466, -7.04604], [39.08002, -7.06145], [39.07295, -7.0854], [39.07785, -7.11478], [39.06135, -7.12795], [39.04845, -7.14831], [39.02633, -7.15547], [39.01581, -7.17306], [38.98989, -7.19726], [38.9835, -7.19526], [38.95866, -7.20661], [38.94647, -7.20426], [38.93816, -7.21426], [38.91963, -7.2204], [38.90139, -7.21536], [38.89586, -7.27566], [38.88343, -7.27382], [38.84614, -7.24774], [38.83754, -7.25592], [38.83508, -7.29048], [38.82402, -7.32499], [38.8249, -7.43063], [38.86898, -7.42962], [38.88661, -7.44681], [38.89918, -7.45001], [38.91076, -7.47022], [38.92579, -7.47729], [38.91764, -7.48462], [38.84691, -7.50041], [38.84973, -7.51793], [38.86941, -7.54085], [38.84151, -7.55405], [38.83204, -7.57685], [38.30416, -7.57889], [38.30502, -7.26656], [38.3106, -7.26245], [38.3106, -7.25276], [38.329, -7.23715], [38.32703, -7.23305], [38.33557, -7.23009], [38.33458, -7.22286], [38.34493, -7.21449], [38.34, -7.21005], [38.34838, -7.21235], [38.35002, -7.20167], [38.36841, -7.1956], [38.37236, -7.18393], [38.38254, -7.18048], [38.37942, -7.17769], [38.39321, -7.17703], [38.39058, -7.18278], [38.39633, -7.18245], [38.39338, -7.1882], [38.39936, -7.19145], [38.4015, -7.18444], [38.41327, -7.18919], [38.41351, -7.18337], [38.4235, -7.18789], [38.42576, -7.18063], [38.43075, -7.18158], [38.43337, -7.1698], [38.44182, -7.16766], [38.43658, -7.15517], [38.4474, -7.14818], [38.45526, -7.11937], [38.46768, -7.12056], [38.47916, -7.1079], [38.47998, -7.08566], [38.49108, -7.0866], [38.48986, -7.07578], [38.49596, -7.06999], [38.49078, -7.06375], [38.49794, -7.06344], [38.49722, -7.05297], [38.50479, -7.04684], [38.51475, -7.0467], [38.51079, -7.03954], [38.51574, -7.036], [38.50584, -7.02397], [38.46221, -7.02751], [38.41811, -7.02138], [38.41339, -7.02893], [38.40089, -7.02515], [38.39712, -7.01383], [38.38674, -7.00935], [38.34712, -7.01737], [38.33651, -7.01076], [38.32472, -7.01218], [38.3167, -7.00699], [38.31929, -6.98741], [38.30679, -6.97491], [38.3009, -6.97679], [38.2983, -6.97066], [38.27991, -6.98434], [38.27189, -6.97656], [38.27331, -6.96547], [38.26623, -6.95486], [38.27586, -6.92949], [38.2947, -6.91987], [38.32585, -6.9246], [38.35956, -6.93897], [38.38523, -6.96348], [38.42028, -6.94447], [38.45917, -6.96822], [38.47115, -6.9635], [38.51881, -6.97053], [38.54137, -6.95973], [38.54498, -6.95192], [38.53979, -6.94598], [38.54654, -6.94309], [38.54951, -6.92487], [38.54497, -6.92431], [38.55081, -6.92148], [38.55314, -6.90795], [38.56022, -6.9099], [38.55663, -6.89929], [38.56204, -6.8837], [38.5742, -6.87785], [38.57477, -6.86997], [38.58593, -6.87162], [38.59771, -6.89227], [38.63433, -6.85344], [38.6944, -6.85373], [38.72614, -6.86233], [38.74444, -6.85373], [38.7927, -6.85364], [38.79859, -6.83875], [38.81231, -6.85066], [38.81777, -6.86655], [38.80887, -6.89671], [38.83212, -6.9164], [38.84093, -6.91674], [38.84311, -6.89508], [38.87934, -6.89405], [38.88001, -6.93987], [38.95222, -6.93587], [38.97353, -6.94727], [38.97117, -6.93563], [38.95593, -6.91597], [38.95993, -6.86952], [38.95007, -6.84676], [38.95489, -6.83454], [38.98135, -6.80886], [38.97965, -6.80357], [38.99852, -6.80124], [39.00582, -6.78608], [39.0087, -6.78508], [39.00629, -6.78847], [39.05326, -6.78796], [39.05056, -6.80728], [39.05908, -6.82527], [39.05568, -6.84442], [39.07038, -6.86558], [39.09, -6.87359], [39.11795, -6.87794]]]}}, {"type": "Feature", "properties": {"shapeID": "72390352B74532147136856", "shapeName": "Mafia"}, "geometry": {"type": "MultiPolygon", "coordinates": [[[[39.90055, -7.70541], [39.87977, -7.79049], [39.85398, -7.83416], [39.8482, -7.86835], [39.81555, -7.91365], [39.80702, -7.9116], [39.81384, -7.91546], [39.81279, -7.92223], [39.80501, -7.92133], [39.80536, -7.93076], [39.78921, -7.93749], [39.78675, -7.92931], [39.79262, -7.91978], [39.80255, -7.92038], [39.78545, -7.90086], [39.78736, -7.8971], [39.78259, -7.89414], [39.77396, -7.90222], [39.76308, -7.90156], [39.75821, -7.91852], [39.7528, -7.90944], [39.75791, -7.92424], [39.73234, -7.92665], [39.73913, -7.93131], [39.73192, -7.93704], [39.73298, -7.94383], [39.74337, -7.95528], [39.72768, -7.99705], [39.71856, -8.00129], [39.69965, -7.98892], [39.66539, -7.9913], [39.66083, -8.01544], [39.65319, -8.0131], [39.64531, -8.02258], [39.63731, -8.01507], [39.64888, -8.02825], [39.64765, -8.03466], [39.63829, -8.03774], [39.64026, -8.0285], [39.63411, -8.02419], [39.62844, -8.03478], [39.61083, -8.00423], [39.62364, -8.00719], [39.61945, -7.9908], [39.6293, -7.98317], [39.58521, -7.9387], [39.58398, -7.9217], [39.59002, -7.91517], [39.64623, -7.90363], [39.66438, -7.88824], [39.69055, -7.85009], [39.70186, -7.84588], [39.70929, -7.8535], [39.72007, -7.84804], [39.71785, -7.84278], [39.73097, -7.84033], [39.72144, -7.83131], [39.732, -7.81253], [39.72002, -7.82155], [39.71089, -7.80785], [39.69999, -7.80757], [39.70324, -7.82743], [39.69628, -7.82224], [39.70016, -7.80591], [39.74724, -7.80129], [39.78789, -7.78714], [39.7906, -7.79157], [39.79341, -7.78183], [39.81019, -7.77642], [39.82815, -7.78021], [39.82891, -7.76376], [39.81884, -7.76863], [39.8196, -7.7617], [39.80997, -7.75953], [39.81203, -7.74146], [39.79601, -7.74416], [39.80521, -7.76018], [39.79817, -7.76224], [39.79568, -7.77112], [39.79395, -7.76538], [39.788, -7.77317], [39.77988, -7.77296], [39.78053, -7.76289], [39.76949, -7.77133], [39.7524, -7.77274], [39.75499, -7.76267], [39.75965, -7.76841], [39.76463, -7.76614], [39.76116, -7.7512], [39.75478, -7.75888], [39.74904, -7.75217], [39.74417, -7.75629], [39.75142, -7.74362], [39.73183, -7.73853], [39.75077, -7.73496], [39.77653, -7.73734], [39.78237, -7.74308], [39.81668, -7.7171], [39.82436, -7.7], [39.84319, -7.69026], [39.84925, -7.66634], [39.86148, -7.64718], [39.87707, -7.63906], [39.89417, -7.61914], [39.90596, -7.61708], [39.90055, -7.70541]]], [[[39.78349, -7.93943], [39.80358, -7.94677], [39.80649, -7.96215], [39.77823, -8.00781], [39.74865, -8.03969], [39.7359, -8.02597], [39.73382, -8.01059], [39.72953, -8.01287], [39.72267, -8.0047], [39.73909, -7.98717], [39.74685, -7.9582], [39.77393, -7.96028], [39.77559, -7.96804], [39.78647, -7.95633], [39.78827, -7.94441], [39.7625, -7.94393], [39.76756, -7.93485], [39.76299, -7.9291], [39.77573, -7.92251], [39.78349, -7.93943]]], [[[39.75291, -7.70095], [39.75419, -7.70782], [39.74276, -7.71443], [39.73283, -7.70334], [39.75291, -7.70095]]], [[[39.71193, -8.02618], [39.72648, -8.0329], [39.74128, -8.0506], [39.7217, -8.06332], [39.7057, -8.08597], [39.69565, -8.08653], [39.69482, -8.09339], [39.67196, -8.10385], [39.65339, -8.0981], [39.65866, -8.08597], [39.67819, -8.08001], [39.69634, -8.05999], [39.70085, -8.04502], [39.69087, -8.0453], [39.69011, -8.03671], [39.68665, -8.04163], [39.68311, -8.02521], [39.68748, -8.01717], [39.69905, -8.01613], [39.7014, -8.00871], [39.71193, -8.02618]]], [[[39.68828, -7.68584], [39.67615, -7.69105], [39.6739, -7.68707], [39.68778, -7.67376], [39.68828, -7.68584]]], [[[39.5462, -7.93995], [39.54802, -7.95377], [39.53796, -7.97147], [39.52766, -7.97765], [39.52329, -7.97123], [39.52523, -7.95486], [39.50378, -7.94056], [39.50972, -7.93292], [39.52244, -7.93413], [39.52814, -7.92649], [39.5462, -7.93995]]]]}}, {"type": "Feature", "properties": {"shapeID": "72390352B89793068246762", "shapeName": "Mkuranga"}, "geometry": {"type": "MultiPolygon", "coordinates": [[[[39.08132, -7.06568], [39.08676, -7.06144], [39.11264, -7.07141], [39.10739, -7.08458], [39.11425, -7.09179], [39.13348, -7.07115], [39.13917, -7.04112], [39.14906, -7.03331], [39.15075, -7.01757], [39.17313, -7.00935], [39.16915, -6.99317], [39.18191, -6.99272], [39.18218, -6.98523], [39.1917, -6.98029], [39.21968, -6.99218], [39.23899, -6.9528], [39.26867, -6.94172], [39.27654, -6.94704], [39.27691, -6.95559], [39.2977, -6.94606], [39.31334, -6.95795], [39.31738, -6.95557], [39.31288, -6.95081], [39.32669, -6.94589], [39.35346, -6.95912], [39.35901, -6.96789], [39.37043, -6.97098], [39.38399, -6.96587], [39.38402, -6.99463], [39.40036, -6.99646], [39.4052, -7.00923], [39.39915, -7.04167], [39.40758, -7.05062], [39.40911, -7.0632], [39.39216, -7.08365], [39.40531, -7.09195], [39.41681, -7.12351], [39.40236, -7.14213], [39.4047, -7.16273], [39.4082, -7.16721], [39.41635, -7.16239], [39.41684, -7.15475], [39.42515, -7.14992], [39.43397, -7.15556], [39.43431, -7.16603], [39.4506, -7.15438], [39.44562, -7.15871], [39.44928, -7.16784], [39.44164, -7.17433], [39.44624, -7.1793], [39.43239, -7.1934], [39.41803, -7.24834], [39.40631, -7.24954], [39.38106, -7.28005], [39.36663, -7.32445], [39.35284, -7.3225], [39.35995, -7.32899], [39.35095, -7.35383], [39.35301, -7.39097], [39.34374, -7.40822], [39.34644, -7.41761], [39.31944, -7.43016], [39.31274, -7.44226], [39.2846, -7.5504], [39.27178, -7.5469], [39.26016, -7.5336], [39.24365, -7.53301], [39.22968, -7.52216], [39.22966, -7.51406], [39.17568, -7.50571], [39.10979, -7.54316], [39.08448, -7.53299], [39.06535, -7.54366], [39.02399, -7.53934], [39.01836, -7.52551], [39.00953, -7.52445], [39.00003, -7.51015], [38.98246, -7.50419], [38.95562, -7.47047], [38.92506, -7.47909], [38.91076, -7.47022], [38.89918, -7.45001], [38.88661, -7.44681], [38.86898, -7.42962], [38.8249, -7.43063], [38.82402, -7.32499], [38.83508, -7.29048], [38.83754, -7.25592], [38.84614, -7.24774], [38.88343, -7.27382], [38.89586, -7.27566], [38.90139, -7.21536], [38.91963, -7.2204], [38.93816, -7.21426], [38.94647, -7.20426], [38.95866, -7.20661], [38.9835, -7.19526], [38.98989, -7.19726], [39.01581, -7.17306], [39.02633, -7.15547], [39.04845, -7.14831], [39.06135, -7.12795], [39.07785, -7.11478], [39.07295, -7.0854], [39.08002, -7.06145], [39.08132, -7.06568]]], [[[39.41032, -7.39798], [39.41458, -7.41963], [39.41063, -7.41404], [39.4026, -7.42012], [39.39481, -7.41106], [39.38715, -7.41477], [39.37279, -7.40844], [39.40406, -7.39554], [39.41032, -7.39798]]], [[[39.40672, -7.53391], [39.40577, -7.54195], [39.39745, -7.54696], [39.36782, -7.53911], [39.39698, -7.52493], [39.40672, -7.53391]]]]}}, {"type": "Feature", "properties": {"shapeID": "72390352B25336426084217", "shapeName": "Rufiji"}, "geometry": {"type": "MultiPolygon", "coordinates": [[[[39.44427, -7.98811], [39.44655, -7.9924], [39.4461, -8.00208], [39.43985, -8.02054], [39.44237, -7.98703], [39.44427, -7.98811]]], [[[39.44137, -7.84627], [39.43169, -7.85419], [39.42416, -7.84529], [39.43051, -7.84779], [39.43009, -7.83708], [39.43513, -7.84667], [39.44011, -7.84569], [39.44053, -7.83419], [39.44137, -7.84627]]], [[[39.44061, -7.83343], [39.43382, -7.83183], [39.4339, -7.82993], [39.44129, -7.82703], [39.44061, -7.83343]]], [[[39.42051, -8.06424], [39.417, -8.0654], [39.42881, -8.04353], [39.42051, -8.06424]]], [[[39.42596, -8.01183], [39.42351, -8.01477], [39.42413, -8.00427], [39.41243, -8.01705], [39.40575, -8.01876], [39.41979, -8.00624], [39.4141, -8.00284], [39.41479, -7.98849], [39.42083, -7.99911], [39.41604, -7.98585], [39.41999, -7.98708], [39.42167, -7.97661], [39.42532, -7.97848], [39.42627, -7.96506], [39.42596, -8.01183]]], [[[39.42732, -7.84287], [39.42551, -7.842], [39.42675, -7.84148], [39.42732, -7.84287]]], [[[39.42679, -7.83999], [39.42493, -7.84067], [39.42577, -7.83967], [39.42679, -7.83999]]], [[[39.42385, -7.83061], [39.4178, -7.83036], [39.42026, -7.82787], [39.42385, -7.83061]]], [[[39.42313, -7.87142], [39.4139, -7.87654], [39.41408, -7.87093], [39.42313, -7.87142]]], [[[39.42081, -7.85408], [39.42165, -7.85246], [39.42197, -7.85455], [39.42081, -7.85408]]], [[[39.41787, -7.84809], [39.41841, -7.84568], [39.42048, -7.84555], [39.41787, -7.84809]]], [[[39.42001, -7.81942], [39.4127, -7.81407], [39.41346, -7.82697], [39.40219, -7.82255], [39.41513, -7.8116], [39.42001, -7.81942]]], [[[39.41989, -7.96386], [39.41752, -7.96502], [39.4168, -7.9628], [39.41989, -7.96386]]], [[[39.41932, -7.94315], [39.41293, -7.94567], [39.41433, -7.9298], [39.40748, -7.91929], [39.41329, -7.91498], [39.41932, -7.94315]]], [[[39.41316, -7.86912], [39.41203, -7.87731], [39.4078, -7.87568], [39.41112, -7.86476], [39.41922, -7.86568], [39.41316, -7.86912]]], [[[39.41889, -7.95422], [39.41689, -7.95774], [39.41222, -7.95777], [39.41738, -7.94945], [39.41889, -7.95422]]], [[[39.40851, -7.83861], [39.41591, -7.83457], [39.41794, -7.83839], [39.40946, -7.84174], [39.40056, -7.83599], [39.3981, -7.84203], [39.38899, -7.84215], [39.38651, -7.83863], [39.3947, -7.83688], [39.40388, -7.82507], [39.40851, -7.83861]]], [[[39.41513, -8.07981], [39.41151, -8.08246], [39.40878, -8.07726], [39.41692, -8.06918], [39.41513, -8.07981]]], [[[39.41624, -7.9688], [39.4107, -7.96651], [39.4055, -7.97259], [39.40411, -7.96221], [39.41624, -7.9688]]], [[[39.41621, -7.83333], [39.4139, -7.8325], [39.41436, -7.83154], [39.41621, -7.83333]]], [[[39.41589, -7.8851], [39.41263, -7.89237], [39.39617, -7.88735], [39.39744, -7.87572], [39.41589, -7.8851]]], [[[39.39899, -8.10531], [39.39311, -8.10609], [39.40413, -8.09399], [39.40461, -8.08889], [39.40614, -8.09444], [39.40817, -8.0853], [39.41253, -8.09183], [39.39899, -8.10531]]], [[[39.41072, -7.83454], [39.41198, -7.83224], [39.41213, -7.83583], [39.41072, -7.83454]]], [[[39.41189, -8.06418], [39.40945, -8.04997], [39.41063, -8.04912], [39.41189, -8.06418]]], [[[39.40857, -7.85925], [39.4065, -7.85905], [39.40918, -7.85705], [39.40857, -7.85925]]], [[[39.40897, -7.86776], [39.40577, -7.86602], [39.40786, -7.866], [39.40897, -7.86776]]], [[[39.40374, -8.03715], [39.40457, -8.03314], [39.40722, -8.05887], [39.39912, -8.05293], [39.39042, -8.06028], [39.37558, -8.04994], [39.39854, -8.05005], [39.39236, -8.02946], [39.40374, -8.03715]]], [[[39.40412, -7.95443], [39.39633, -7.99112], [39.39408, -7.99165], [39.39307, -7.97837], [39.39106, -7.99522], [39.38933, -7.98074], [39.38396, -7.99958], [39.37168, -8.00653], [39.37857, -7.98897], [39.36375, -7.98856], [39.37878, -7.98488], [39.38168, -7.97786], [39.38674, -7.98274], [39.3994, -7.94852], [39.39488, -7.96971], [39.39462, -7.98516], [39.39985, -7.95289], [39.40662, -7.9462], [39.40412, -7.95443]]], [[[39.40686, -7.85718], [39.40499, -7.85643], [39.4056, -7.85562], [39.40686, -7.85718]]], [[[39.40397, -7.89843], [39.40608, -7.89468], [39.40653, -7.89798], [39.40397, -7.89843]]], [[[39.40063, -8.09632], [39.39986, -8.08926], [39.40353, -8.09149], [39.40063, -8.09632]]], [[[39.40257, -7.79166], [39.40092, -7.79395], [39.39809, -7.79093], [39.40257, -7.79166]]], [[[39.40222, -7.90635], [39.39504, -7.90916], [39.39519, -7.89648], [39.40036, -7.89692], [39.40222, -7.90635]]], [[[39.39734, -7.85326], [39.39924, -7.84704], [39.40108, -7.85328], [39.39734, -7.85326]]], [[[39.38799, -7.78649], [39.39983, -7.78876], [39.38904, -7.78726], [39.4009, -7.79444], [39.39895, -7.7982], [39.37045, -7.77301], [39.36205, -7.77172], [39.37053, -7.76856], [39.38799, -7.78649]]], [[[39.38051, -7.85358], [39.38905, -7.8442], [39.39249, -7.84854], [39.39547, -7.84328], [39.39813, -7.84898], [39.39065, -7.85575], [39.37547, -7.85612], [39.37518, -7.87047], [39.36824, -7.87192], [39.37571, -7.84176], [39.38051, -7.85358]]], [[[39.39607, -7.80517], [39.37934, -7.78663], [39.39196, -7.79553], [39.39607, -7.80517]]], [[[39.3637, -8.08469], [39.37545, -8.08812], [39.38051, -8.07891], [39.38397, -8.09825], [39.38532, -8.08465], [39.39059, -8.09098], [39.39495, -8.08765], [39.38454, -8.10916], [39.38558, -8.11385], [39.38959, -8.10773], [39.38634, -8.11755], [39.3915, -8.11522], [39.38311, -8.13511], [39.37646, -8.13872], [39.3692, -8.13671], [39.37692, -8.1321], [39.37158, -8.10392], [39.36674, -8.13017], [39.3545, -8.117], [39.35903, -8.11377], [39.34792, -8.1118], [39.34583, -8.10575], [39.33499, -8.11238], [39.33153, -8.1014], [39.32159, -8.0984], [39.31407, -8.08594], [39.31923, -8.06697], [39.32591, -8.07205], [39.34026, -8.06796], [39.34118, -8.07346], [39.3323, -8.07639], [39.33037, -8.08075], [39.33643, -8.08642], [39.34414, -8.08703], [39.35764, -8.06571], [39.3746, -8.05622], [39.3637, -8.08469]]], [[[39.39149, -8.10764], [39.39393, -8.1074], [39.39456, -8.10953], [39.39149, -8.10764]]], [[[39.39183, -7.9332], [39.38961, -7.93122], [39.39243, -7.92884], [39.39183, -7.9332]]], [[[39.39273, -7.89006], [39.38854, -7.88799], [39.39194, -7.88626], [39.39273, -7.89006]]], [[[39.39243, -7.87918], [39.39229, -7.88385], [39.38895, -7.88122], [39.39243, -7.87918]]], [[[39.39227, -7.85783], [39.38968, -7.8574], [39.39047, -7.85637], [39.39227, -7.85783]]], [[[39.38697, -7.79071], [39.38934, -7.79126], [39.39123, -7.79376], [39.38697, -7.79071]]], [[[39.38879, -7.86195], [39.38577, -7.86212], [39.38582, -7.85971], [39.38879, -7.86195]]], [[[39.38861, -7.93505], [39.38889, -7.93312], [39.39015, -7.93597], [39.38861, -7.93505]]], [[[39.38796, -7.84335], [39.3871, -7.84531], [39.38233, -7.84436], [39.38796, -7.84335]]], [[[39.38745, -7.86942], [39.38378, -7.87097], [39.38316, -7.86923], [39.38745, -7.86942]]], [[[39.38275, -7.92238], [39.38123, -7.91822], [39.38271, -7.91778], [39.38275, -7.92238]]], [[[39.37671, -8.01645], [39.38606, -8.01552], [39.37404, -8.02932], [39.38062, -8.01739], [39.37042, -8.02374], [39.36764, -8.02072], [39.37361, -8.01877], [39.36815, -8.01411], [39.37836, -8.01174], [39.37671, -8.01645]]], [[[39.38371, -7.96171], [39.37836, -7.97169], [39.3761, -7.96891], [39.38078, -7.95764], [39.38371, -7.96171]]], [[[39.38283, -7.88931], [39.37579, -7.89063], [39.38205, -7.88073], [39.38283, -7.88931]]], [[[39.3709, -8.03904], [39.38269, -8.03669], [39.38358, -8.04346], [39.35443, -8.06517], [39.35566, -8.06338], [39.35279, -8.0599], [39.35456, -8.0572], [39.34791, -8.05838], [39.35302, -8.03655], [39.34853, -8.03432], [39.35328, -8.02481], [39.35809, -8.02644], [39.35928, -8.02336], [39.3709, -8.03904]]], [[[39.38221, -7.77113], [39.36595, -7.76541], [39.35844, -7.76726], [39.36558, -7.76473], [39.38221, -7.77113]]], [[[39.37721, -7.79892], [39.37836, -7.79458], [39.38146, -7.79885], [39.37721, -7.79892]]], [[[39.38147, -7.87108], [39.37964, -7.87118], [39.38155, -7.8694], [39.38147, -7.87108]]], [[[39.37185, -8.03099], [39.37715, -8.02988], [39.37963, -8.03213], [39.37094, -8.03663], [39.36145, -8.02521], [39.36713, -8.02254], [39.37185, -8.03099]]], [[[39.36779, -8.01301], [39.36429, -8.01093], [39.37291, -8.01105], [39.37891, -8.00956], [39.36779, -8.01301]]], [[[39.37784, -7.87715], [39.37598, -7.87528], [39.37717, -7.87461], [39.37784, -7.87715]]], [[[39.37442, -7.82042], [39.37409, -7.81715], [39.37753, -7.81996], [39.37442, -7.82042]]], [[[39.37542, -7.88421], [39.37198, -7.88374], [39.37403, -7.8837], [39.37542, -7.88421]]], [[[39.37374, -8.1454], [39.37279, -8.15611], [39.37046, -8.1452], [39.37374, -8.1454]]], [[[39.37239, -7.81714], [39.37347, -7.82099], [39.35456, -7.81288], [39.36263, -7.8078], [39.37239, -7.81714]]], [[[39.37106, -8.15754], [39.36245, -8.1974], [39.35402, -8.20932], [39.35734, -8.20303], [39.35344, -8.2068], [39.34565, -8.19947], [39.35698, -8.18392], [39.34672, -8.17977], [39.35411, -8.18055], [39.35366, -8.17324], [39.36368, -8.17222], [39.37106, -8.15754]]], [[[39.37077, -7.8802], [39.36867, -7.87969], [39.36941, -7.87823], [39.37077, -7.8802]]], [[[39.36595, -7.97775], [39.36704, -7.97363], [39.36873, -7.97362], [39.36595, -7.97775]]], [[[39.36266, -7.85993], [39.36857, -7.84909], [39.36797, -7.85594], [39.36266, -7.85993]]], [[[39.36699, -7.84917], [39.36776, -7.84702], [39.36823, -7.84865], [39.36699, -7.84917]]], [[[39.36444, -7.80001], [39.35707, -7.79812], [39.3603, -7.79402], [39.36631, -7.79279], [39.36444, -7.80001]]], [[[39.3658, -8.01656], [39.36505, -8.02077], [39.36358, -8.0219], [39.36459, -8.01957], [39.36424, -8.01769], [39.36139, -8.01532], [39.35805, -8.01741], [39.35688, -8.01037], [39.3658, -8.01656]]], [[[39.36501, -7.9729], [39.35612, -7.97506], [39.35377, -7.97022], [39.35976, -7.96782], [39.36501, -7.9729]]], [[[39.36451, -7.82024], [39.36397, -7.82289], [39.3593, -7.81906], [39.36451, -7.82024]]], [[[39.361, -8.02478], [39.35935, -8.02306], [39.35855, -8.02312], [39.3578, -8.026], [39.35191, -8.01978], [39.3642, -8.01816], [39.361, -8.02478]]], [[[39.36178, -8.14889], [39.35921, -8.14849], [39.36088, -8.14606], [39.36178, -8.14889]]], [[[39.36205, -7.77464], [39.35859, -7.77372], [39.3584, -7.77198], [39.36205, -7.77464]]], [[[39.35629, -7.93021], [39.36119, -7.92727], [39.36166, -7.92907], [39.35629, -7.93021]]], [[[39.35389, -8.14722], [39.35584, -8.15275], [39.34211, -8.15472], [39.34784, -8.14451], [39.36075, -8.14036], [39.35389, -8.14722]]], [[[39.35458, -8.16249], [39.35371, -8.16149], [39.36125, -8.1585], [39.35458, -8.16249]]], [[[39.34642, -8.16165], [39.34385, -8.15669], [39.3612, -8.15457], [39.34642, -8.16165]]], [[[39.36104, -8.1662], [39.3603, -8.16794], [39.35767, -8.16612], [39.36104, -8.1662]]], [[[39.33613, -7.98455], [39.32845, -7.99786], [39.32991, -7.98199], [39.34296, -7.97315], [39.34258, -7.96544], [39.3444, -7.97139], [39.3451, -7.96333], [39.35191, -7.96501], [39.35784, -7.95831], [39.35955, -7.96392], [39.33613, -7.98455]]], [[[39.35418, -7.82224], [39.35511, -7.8192], [39.35778, -7.82351], [39.3574, -7.82722], [39.35418, -7.82224]]], [[[39.35508, -7.78456], [39.35313, -7.79576], [39.33327, -7.79791], [39.34166, -7.78868], [39.33892, -7.78392], [39.34777, -7.79128], [39.35508, -7.78456]]], [[[39.35504, -8.06355], [39.35084, -8.06753], [39.33885, -8.06477], [39.34828, -8.06012], [39.35504, -8.06355]]], [[[39.34469, -8.08369], [39.33614, -8.08326], [39.33478, -8.07752], [39.34357, -8.07469], [39.3459, -8.06779], [39.35415, -8.06834], [39.34469, -8.08369]]], [[[39.35256, -8.21776], [39.35101, -8.21473], [39.35476, -8.21702], [39.35256, -8.21776]]], [[[39.35245, -7.82533], [39.35251, -7.82371], [39.35386, -7.8251], [39.35245, -7.82533]]], [[[39.34714, -8.01265], [39.35357, -8.00504], [39.35277, -8.01113], [39.34714, -8.01265]]], [[[39.34725, -7.84507], [39.34892, -7.83633], [39.35305, -7.84633], [39.35218, -7.85235], [39.34725, -7.84507]]], [[[39.34913, -8.1764], [39.3506, -8.17342], [39.35231, -8.17427], [39.34913, -8.1764]]], [[[39.35219, -7.85299], [39.35009, -7.86374], [39.34506, -7.85274], [39.35219, -7.85299]]], [[[39.3515, -7.8903], [39.34801, -7.88347], [39.35054, -7.88701], [39.3515, -7.8903]]], [[[39.34525, -8.16986], [39.3498, -8.16478], [39.34995, -8.16675], [39.34525, -8.16986]]], [[[39.34993, -8.20967], [39.3453, -8.20948], [39.34442, -8.20551], [39.34993, -8.20967]]], [[[39.3482, -7.76309], [39.33927, -7.76955], [39.33962, -7.75925], [39.3482, -7.76309]]], [[[39.34815, -8.02048], [39.34688, -8.02861], [39.33945, -8.02668], [39.33629, -8.03728], [39.33764, -8.01797], [39.34815, -8.02048]]], [[[39.34815, -7.89254], [39.34789, -7.89414], [39.3466, -7.89149], [39.34815, -7.89254]]], [[[39.34612, -7.75145], [39.343, -7.75132], [39.34454, -7.74484], [39.34612, -7.75145]]], [[[39.34236, -7.88586], [39.34328, -7.88343], [39.346, -7.8857], [39.34676, -7.89022], [39.34236, -7.88586]]], [[[39.34583, -8.27519], [39.33919, -8.27514], [39.34409, -8.27475], [39.34436, -8.27105], [39.34583, -8.27519]]], [[[39.34633, -8.12545], [39.33766, -8.12201], [39.34132, -8.12019], [39.34633, -8.12545]]], [[[39.34583, -8.0424], [39.34109, -8.04683], [39.33937, -8.04388], [39.34397, -8.038], [39.34583, -8.0424]]], [[[39.34303, -8.2337], [39.34273, -8.21737], [39.34607, -8.22675], [39.34303, -8.2337]]], [[[39.32809, -8.16603], [39.32346, -8.18098], [39.32155, -8.17379], [39.32888, -8.16036], [39.32184, -8.16268], [39.32426, -8.15604], [39.33468, -8.14372], [39.345, -8.14025], [39.32809, -8.16603]]], [[[39.34042, -8.16848], [39.34302, -8.16242], [39.34517, -8.16227], [39.34042, -8.16848]]], [[[39.34455, -8.18912], [39.333, -8.19435], [39.3298, -8.18907], [39.34405, -8.18132], [39.34455, -8.18912]]], [[[39.3385, -8.24106], [39.33563, -8.24535], [39.33498, -8.24269], [39.34328, -8.23509], [39.3385, -8.24106]]], [[[39.33573, -8.23346], [39.33964, -8.23228], [39.3318, -8.24757], [39.33409, -8.22028], [39.33573, -8.23346]]], [[[39.33791, -8.17679], [39.33555, -8.17698], [39.33763, -8.17223], [39.33791, -8.17679]]], [[[39.33736, -7.75393], [39.33839, -7.75209], [39.33951, -7.75369], [39.33736, -7.75393]]], [[[39.33839, -8.1678], [39.33685, -8.16715], [39.33693, -8.16592], [39.33839, -8.1678]]], [[[39.33596, -8.16055], [39.33879, -8.15786], [39.33708, -8.16197], [39.33596, -8.16055]]], [[[39.33794, -8.27466], [39.33393, -8.2744], [39.33526, -8.26444], [39.33794, -8.27466]]], [[[39.33697, -7.89155], [39.33395, -7.89092], [39.33578, -7.88865], [39.33697, -7.89155]]], [[[39.33662, -8.06531], [39.32328, -8.06994], [39.3324, -8.05266], [39.33066, -8.06448], [39.33662, -8.06531]]], [[[39.33357, -8.24641], [39.33652, -8.24893], [39.33631, -8.25044], [39.33357, -8.24641]]], [[[39.33547, -7.76245], [39.3362, -7.76446], [39.33057, -7.76378], [39.33547, -7.76245]]], [[[39.3338, -8.16631], [39.33476, -8.16387], [39.336, -8.16617], [39.3338, -8.16631]]], [[[39.3334, -8.29006], [39.33147, -8.28899], [39.335, -8.28885], [39.3334, -8.29006]]], [[[39.33373, -8.14288], [39.32209, -8.15376], [39.3295, -8.14158], [39.32496, -8.1442], [39.32537, -8.13821], [39.33373, -8.14288]]], [[[39.33202, -7.92166], [39.33251, -7.93041], [39.32541, -7.92099], [39.33202, -7.92166]]], [[[39.33012, -7.95914], [39.33264, -7.96639], [39.32655, -7.96641], [39.33012, -7.95914]]], [[[39.32496, -7.91818], [39.32151, -7.91724], [39.3321, -7.91056], [39.32496, -7.91818]]], [[[39.3292, -7.82591], [39.33142, -7.82667], [39.33077, -7.82752], [39.3292, -7.82591]]], [[[39.32786, -7.98609], [39.32132, -7.98632], [39.31411, -7.97577], [39.32897, -7.96938], [39.32786, -7.98609]]], [[[39.33043, -8.21016], [39.32585, -8.21941], [39.32378, -8.20992], [39.32919, -8.20546], [39.33043, -8.21016]]], [[[39.32476, -7.85009], [39.32537, -7.84865], [39.33017, -7.85455], [39.32476, -7.85009]]], [[[39.32509, -8.23797], [39.3288, -8.248], [39.32032, -8.24761], [39.32345, -8.23262], [39.3289, -8.22809], [39.32509, -8.23797]]], [[[39.32433, -7.82608], [39.32864, -7.83093], [39.3183, -7.82781], [39.32433, -7.82608]]], [[[39.32839, -8.29343], [39.32181, -8.29577], [39.32396, -8.28979], [39.32839, -8.29343]]], [[[39.32801, -8.18171], [39.32653, -8.18111], [39.32839, -8.17572], [39.32801, -8.18171]]], [[[39.32704, -7.82712], [39.32568, -7.82582], [39.32836, -7.82536], [39.32704, -7.82712]]], [[[39.32501, -7.92667], [39.32796, -7.93031], [39.3257, -7.934], [39.32501, -7.92667]]], [[[39.32637, -8.05088], [39.32344, -8.05596], [39.3192, -8.05469], [39.32038, -8.04714], [39.32637, -8.05088]]], [[[39.32555, -7.87498], [39.32437, -7.87578], [39.32116, -7.87341], [39.32555, -7.87498]]], [[[39.32044, -8.19194], [39.31697, -8.19225], [39.3219, -8.18389], [39.32044, -8.19194]]], [[[39.32108, -8.06681], [39.32321, -8.06365], [39.32264, -8.06924], [39.32108, -8.06681]]], [[[39.31975, -7.93494], [39.32133, -7.93149], [39.32317, -7.93449], [39.32287, -7.93904], [39.31975, -7.93494]]], [[[39.32247, -7.97085], [39.31736, -7.97082], [39.3164, -7.96928], [39.32247, -7.97085]]], [[[39.32162, -8.14805], [39.3125, -8.14696], [39.31302, -8.14431], [39.32162, -8.14805]]], [[[39.31956, -8.29118], [39.31881, -8.28844], [39.32219, -8.29214], [39.31956, -8.29118]]], [[[39.32023, -7.91814], [39.31299, -7.91727], [39.31587, -7.91554], [39.32023, -7.91814]]], [[[39.24109, -8.27151], [39.21619, -8.25724], [39.2086, -8.2626], [39.18506, -8.26381], [39.16682, -8.27234], [39.12329, -8.31299], [39.09285, -8.33014], [39.01743, -8.331], [38.95003, -8.36821], [38.83553, -8.39937], [38.79678, -8.425], [38.7418, -8.49465], [38.71777, -8.51252], [38.62555, -8.51129], [38.51625, -8.50111], [38.50998, -8.41185], [38.51544, -8.38075], [38.50843, -8.36886], [38.51219, -8.35675], [38.49855, -8.34516], [38.48251, -8.31444], [38.12938, -8.12525], [37.99893, -8.08415], [37.8421, -8.00414], [37.83383, -7.98007], [37.83979, -7.96755], [37.82739, -7.95733], [37.82557, -7.94858], [37.80781, -7.94534], [37.79414, -7.92718], [37.80385, -7.8922], [37.83344, -7.87733], [37.84286, -7.86015], [37.82784, -7.82742], [37.82843, -7.79835], [37.8179, -7.78265], [37.82276, -7.69604], [37.85773, -7.6592], [37.91197, -7.58358], [37.98548, -7.52663], [38.01421, -7.54877], [38.04332, -7.5585], [38.07445, -7.60187], [38.08621, -7.60865], [38.08833, -7.61829], [38.0971, -7.61967], [38.09645, -7.62848], [38.11015, -7.63254], [38.20826, -7.60297], [38.24101, -7.59504], [38.24539, -7.59897], [38.24969, -7.59319], [38.30416, -7.57889], [38.82874, -7.57949], [38.84151, -7.55405], [38.86941, -7.54085], [38.84973, -7.51793], [38.84691, -7.50041], [38.91764, -7.48462], [38.94798, -7.47022], [38.95907, -7.47244], [38.98246, -7.50419], [39.00003, -7.51015], [39.00953, -7.52445], [39.01836, -7.52551], [39.02399, -7.53934], [39.06535, -7.54366], [39.08448, -7.53299], [39.10979, -7.54316], [39.13041, -7.52826], [39.15558, -7.52113], [39.16732, -7.5063], [39.22966, -7.51406], [39.22968, -7.52216], [39.24365, -7.53301], [39.26016, -7.5336], [39.27178, -7.5469], [39.2846, -7.5504], [39.27096, -7.60467], [39.27243, -7.62345], [39.28084, -7.64618], [39.29981, -7.67009], [39.28529, -7.71828], [39.30403, -7.74362], [39.28168, -7.75038], [39.28528, -7.75836], [39.28673, -7.74949], [39.29175, -7.75166], [39.28587, -7.76813], [39.28068, -7.76607], [39.28374, -7.7743], [39.27891, -7.76864], [39.28215, -7.77731], [39.27066, -7.77936], [39.26804, -7.76464], [39.26233, -7.76845], [39.25704, -7.7513], [39.25041, -7.76804], [39.25372, -7.77748], [39.26604, -7.78204], [39.28754, -7.78042], [39.2848, -7.78664], [39.27812, -7.79336], [39.26723, -7.79374], [39.26498, -7.80073], [39.24847, -7.79394], [39.25009, -7.78472], [39.24561, -7.79572], [39.23398, -7.7859], [39.23596, -7.79004], [39.23148, -7.78783], [39.22948, -7.79287], [39.24136, -7.80011], [39.22832, -7.79888], [39.24199, -7.80461], [39.24284, -7.8077], [39.22294, -7.80647], [39.24105, -7.81382], [39.22646, -7.81797], [39.22512, -7.82207], [39.23532, -7.81954], [39.23414, -7.82995], [39.22417, -7.83699], [39.22377, -7.82832], [39.21492, -7.82514], [39.21748, -7.8321], [39.20715, -7.8326], [39.21381, -7.83461], [39.21339, -7.84254], [39.20393, -7.84034], [39.19809, -7.84896], [39.21142, -7.85224], [39.20246, -7.86534], [39.2093, -7.87773], [39.21797, -7.87449], [39.20208, -7.89181], [39.20262, -7.90102], [39.21298, -7.88404], [39.22889, -7.88454], [39.22409, -7.89431], [39.23344, -7.89425], [39.23508, -7.90441], [39.22678, -7.89694], [39.22947, -7.92187], [39.23708, -7.91386], [39.25681, -7.9228], [39.2381, -7.91988], [39.22923, -7.94766], [39.2284, -7.92541], [39.22069, -7.93673], [39.21285, -7.93223], [39.19924, -7.93714], [39.20224, -7.93066], [39.18881, -7.92989], [39.19322, -7.92231], [39.18842, -7.92675], [39.18155, -7.91926], [39.1631, -7.92198], [39.11254, -7.89371], [39.12438, -7.90984], [39.14541, -7.91364], [39.15839, -7.92936], [39.17861, -7.92914], [39.18171, -7.93643], [39.1889, -7.93536], [39.18545, -7.93901], [39.18708, -7.94084], [39.19052, -7.93538], [39.18628, -7.94455], [39.19239, -7.94908], [39.19213, -7.95127], [39.18756, -7.94869], [39.17974, -7.9512], [39.17851, -7.94748], [39.17461, -7.9485], [39.16534, -7.96111], [39.16563, -7.97168], [39.15849, -7.96997], [39.15509, -7.97139], [39.15535, -7.97334], [39.1593, -7.97449], [39.15935, -7.98094], [39.15576, -7.98398], [39.15478, -7.98303], [39.15696, -7.98259], [39.15673, -7.98064], [39.15276, -7.97284], [39.1461, -7.96933], [39.13747, -7.97328], [39.13633, -7.97682], [39.12865, -7.97328], [39.12828, -7.97606], [39.11939, -7.9756], [39.11533, -7.97939], [39.12865, -7.97609], [39.12887, -7.97345], [39.13816, -7.9788], [39.13756, -7.9736], [39.14645, -7.96976], [39.15243, -7.9731], [39.15671, -7.98142], [39.15439, -7.98309], [39.15559, -7.98431], [39.1596, -7.98094], [39.15967, -7.9744], [39.15566, -7.97163], [39.16614, -7.97173], [39.16622, -7.96103], [39.17052, -7.96259], [39.17584, -7.94845], [39.17905, -7.95182], [39.18883, -7.9496], [39.19349, -7.95457], [39.18714, -7.9545], [39.18959, -7.96412], [39.18478, -7.97173], [39.18496, -7.95717], [39.18049, -7.96803], [39.18503, -7.97243], [39.19096, -7.96447], [39.18844, -7.95513], [39.19433, -7.95536], [39.19375, -7.94955], [39.18982, -7.94352], [39.19844, -7.94085], [39.20194, -7.94661], [39.20503, -7.93517], [39.21146, -7.93381], [39.219, -7.94579], [39.22103, -7.93757], [39.2251, -7.9491], [39.23323, -7.94706], [39.23174, -7.96666], [39.24015, -7.97528], [39.2432, -7.97356], [39.24882, -7.99106], [39.24768, -7.9829], [39.25527, -7.984], [39.24131, -8.00088], [39.25247, -8.04886], [39.28404, -8.0664], [39.29633, -8.08718], [39.30813, -8.08874], [39.3197, -8.10304], [39.31722, -8.11108], [39.30192, -8.12109], [39.29346, -8.11515], [39.28772, -8.12056], [39.28377, -8.10541], [39.2746, -8.11197], [39.26371, -8.09974], [39.25504, -8.10938], [39.26692, -8.10572], [39.27393, -8.12285], [39.28164, -8.12218], [39.27902, -8.12938], [39.27031, -8.12738], [39.28481, -8.14882], [39.28976, -8.14694], [39.28905, -8.15876], [39.28384, -8.15027], [39.27941, -8.15758], [39.28337, -8.15398], [39.29073, -8.16408], [39.29086, -8.15499], [39.30442, -8.16788], [39.29863, -8.17073], [39.29506, -8.18754], [39.2912, -8.18491], [39.28773, -8.19114], [39.29539, -8.17208], [39.2849, -8.15987], [39.27901, -8.16339], [39.27238, -8.15861], [39.27495, -8.15349], [39.27067, -8.15725], [39.27387, -8.16278], [39.28238, -8.16447], [39.27952, -8.17803], [39.27225, -8.19472], [39.25637, -8.20892], [39.25498, -8.21636], [39.25801, -8.22416], [39.26819, -8.2273], [39.26603, -8.23825], [39.27385, -8.25081], [39.26762, -8.2565], [39.25438, -8.25091], [39.24109, -8.27151]], [[39.24163, -8.21135], [39.242, -8.21441], [39.24925, -8.21056], [39.24784, -8.2047], [39.24163, -8.21135]]], [[[39.3174, -8.21645], [39.31361, -8.21718], [39.31434, -8.21485], [39.3174, -8.21645]]], [[[39.31762, -8.15941], [39.31727, -8.16568], [39.31167, -8.16453], [39.31595, -8.15593], [39.31762, -8.15941]]], [[[39.31658, -7.83864], [39.31728, -7.83985], [39.3065, -7.84038], [39.3058, -7.83641], [39.31658, -7.83864]]], [[[39.31185, -7.88456], [39.31714, -7.88339], [39.31517, -7.88614], [39.30809, -7.88876], [39.31185, -7.88456]]], [[[39.31287, -8.20274], [39.31293, -8.20005], [39.31521, -8.20014], [39.31287, -8.20274]]], [[[39.3148, -8.17492], [39.31425, -8.18427], [39.30331, -8.19706], [39.30106, -8.189], [39.3148, -8.17492]]], [[[39.31285, -8.1533], [39.31077, -8.15213], [39.31377, -8.15178], [39.31285, -8.1533]]], [[[39.31335, -7.84682], [39.30898, -7.84732], [39.31162, -7.84584], [39.31335, -7.84682]]], [[[39.31037, -8.21709], [39.31042, -8.21502], [39.31279, -8.21675], [39.31037, -8.21709]]], [[[39.3115, -8.1559], [39.31239, -8.15839], [39.30969, -8.15871], [39.30787, -8.15185], [39.3115, -8.1559]]], [[[39.30311, -8.03239], [39.31143, -8.0358], [39.30575, -8.04042], [39.29755, -8.02095], [39.30311, -8.03239]]], [[[39.30604, -7.94723], [39.30523, -7.9415], [39.30628, -7.94527], [39.31089, -7.95047], [39.30604, -7.94723]]], [[[39.30708, -7.97902], [39.30397, -7.9739], [39.30797, -7.97512], [39.30708, -7.97902]]], [[[39.30408, -7.9603], [39.30265, -7.95931], [39.30384, -7.95642], [39.30879, -7.95808], [39.30408, -7.9603]]], [[[39.30635, -7.97077], [39.30789, -7.97089], [39.30514, -7.97317], [39.30635, -7.97077]]], [[[39.30602, -7.95227], [39.30043, -7.95056], [39.30343, -7.94554], [39.30602, -7.95227]]], [[[39.30249, -7.97241], [39.29791, -7.97081], [39.30291, -7.96657], [39.30249, -7.97241]]], [[[39.29939, -8.2353], [39.29312, -8.23231], [39.29979, -8.23186], [39.29939, -8.2353]]], [[[39.30175, -8.22365], [39.30013, -8.22926], [39.29775, -8.22443], [39.30175, -8.22365]]], [[[39.30127, -8.24793], [39.29651, -8.24797], [39.29748, -8.24529], [39.30127, -8.24793]]], [[[39.29714, -8.21502], [39.29865, -8.21356], [39.30106, -8.21619], [39.29714, -8.21502]]], [[[39.30068, -7.967], [39.2917, -7.97072], [39.29959, -7.96403], [39.30068, -7.967]]], [[[39.29989, -7.93301], [39.29547, -7.93219], [39.3004, -7.92648], [39.29989, -7.93301]]], [[[39.29878, -7.85257], [39.29994, -7.85398], [39.29904, -7.85778], [39.29878, -7.85257]]], [[[39.29936, -7.93533], [39.29336, -7.93407], [39.29799, -7.93368], [39.29936, -7.93533]]], [[[39.29468, -8.00324], [39.29716, -8.00045], [39.29912, -8.00281], [39.29563, -8.00928], [39.29468, -8.00324]]], [[[39.29314, -8.01666], [39.29344, -8.0122], [39.29856, -8.01458], [39.29314, -8.01666]]], [[[39.29141, -7.98027], [39.29814, -7.98926], [39.29518, -7.99214], [39.28831, -7.97608], [39.29669, -7.97186], [39.29141, -7.98027]]], [[[39.29438, -7.94042], [39.29095, -7.93531], [39.29284, -7.93408], [39.29812, -7.93728], [39.29438, -7.94042]]], [[[39.29572, -8.22153], [39.29396, -8.22149], [39.29333, -8.21919], [39.29572, -8.22153]]], [[[39.29615, -8.23926], [39.296, -8.24154], [39.29059, -8.24102], [39.29615, -8.23926]]], [[[39.29545, -8.20598], [39.29107, -8.20468], [39.29396, -8.2034], [39.29545, -8.20598]]], [[[39.29431, -8.21287], [39.2952, -8.21543], [39.29045, -8.21408], [39.28861, -8.21094], [39.29431, -8.21287]]], [[[39.28644, -7.92394], [39.28772, -7.9231], [39.29116, -7.9268], [39.28644, -7.92394]]], [[[39.29094, -7.98371], [39.29084, -7.98697], [39.28394, -7.97352], [39.29094, -7.98371]]], [[[39.28445, -7.89069], [39.28275, -7.88396], [39.28435, -7.88445], [39.28445, -7.89069]]], [[[39.28265, -8.21745], [39.28444, -8.21485], [39.28611, -8.21798], [39.28265, -8.21745]]], [[[39.28437, -8.24136], [39.28352, -8.24786], [39.2802, -8.2468], [39.28437, -8.24136]]], [[[39.27715, -7.9977], [39.2803, -8.00057], [39.2749, -7.99955], [39.27583, -7.99651], [39.28242, -7.99462], [39.27715, -7.9977]]], [[[39.2728, -7.92011], [39.27036, -7.91882], [39.27648, -7.90664], [39.28018, -7.90861], [39.2728, -7.92011]]], [[[39.26982, -7.94624], [39.27997, -7.95012], [39.27883, -7.95626], [39.23581, -7.96264], [39.23358, -7.95342], [39.24099, -7.94299], [39.25028, -7.94977], [39.26059, -7.93611], [39.25965, -7.91741], [39.27151, -7.90974], [39.26826, -7.91752], [39.26982, -7.94624]]], [[[39.26486, -7.9946], [39.27429, -8.00524], [39.27242, -8.01509], [39.24301, -8.00509], [39.24921, -7.99722], [39.26119, -8.00832], [39.26455, -8.00224], [39.25606, -7.99412], [39.26549, -7.98845], [39.26006, -7.98683], [39.27811, -7.98235], [39.26486, -7.9946]]], [[[39.27732, -7.81004], [39.27472, -7.81184], [39.27384, -7.80863], [39.27732, -7.81004]]], [[[39.27652, -8.23625], [39.27546, -8.2481], [39.2711, -8.24379], [39.27216, -8.23412], [39.27652, -8.23625]]], [[[39.27638, -8.20431], [39.27068, -8.22661], [39.26086, -8.21062], [39.26844, -8.20066], [39.27638, -8.20431]]], [[[39.26848, -7.89028], [39.27455, -7.87982], [39.27278, -7.88669], [39.26848, -7.89028]]], [[[39.26109, -8.21995], [39.25953, -8.22112], [39.25909, -8.21849], [39.26109, -8.21995]]], [[[39.25826, -8.21595], [39.25565, -8.21522], [39.25719, -8.21373], [39.25826, -8.21595]]], [[[39.25114, -7.85213], [39.24844, -7.85546], [39.246, -7.8519], [39.25114, -7.85213]]], [[[39.2469, -7.90535], [39.24341, -7.90863], [39.24005, -7.90442], [39.2469, -7.90535]]], [[[39.24657, -7.97502], [39.24511, -7.97731], [39.24308, -7.97225], [39.24657, -7.97502]]], [[[39.24262, -7.81529], [39.24477, -7.81226], [39.24535, -7.81438], [39.24262, -7.81529]]], [[[39.24081, -7.97471], [39.24014, -7.97267], [39.24114, -7.9728], [39.24081, -7.97471]]], [[[39.23076, -7.8568], [39.23277, -7.86656], [39.22641, -7.86444], [39.22841, -7.85347], [39.23076, -7.8568]]], [[[39.22345, -7.86235], [39.23183, -7.87496], [39.22979, -7.88365], [39.2228, -7.87738], [39.22316, -7.86412], [39.2181, -7.85899], [39.22345, -7.86235]]], [[[39.22443, -7.93178], [39.22657, -7.92837], [39.22725, -7.93219], [39.22443, -7.93178]]], [[[39.21503, -7.88121], [39.21697, -7.87842], [39.21599, -7.88186], [39.21503, -7.88121]]]]}}, {"type": "Feature", "properties": {"shapeID": "72390352B91916326383066", "shapeName": "Kalambo"}, "geometry": {"type": "Polygon", "coordinates": [[[31.55583, -8.18947], [31.54481, -8.23096], [31.55087, -8.25168], [31.56812, -8.2764], [31.60329, -8.29517], [31.65565, -8.35356], [31.68548, -8.35847], [31.71037, -8.34608], [31.74947, -8.34219], [31.77198, -8.36233], [31.79322, -8.40295], [31.80729, -8.41624], [31.82283, -8.41818], [31.8351, -8.44222], [31.85992, -8.45597], [31.88275, -8.48145], [31.91335, -8.53692], [31.87496, -8.54018], [31.88698, -8.60331], [31.90326, -8.63463], [31.93055, -8.66934], [31.95099, -8.74359], [32.00525, -8.73743], [32.01866, -8.74329], [32.02885, -8.73838], [32.04385, -8.75219], [32.06929, -8.76248], [32.05538, -8.78031], [32.02016, -8.8067], [32.0277, -8.81907], [32.05124, -8.83017], [32.08096, -8.8557], [32.06491, -8.87257], [32.1422, -8.94161], [32.12198, -8.95441], [32.11007, -8.98946], [32.10637, -8.98822], [32.11333, -9.05486], [32.06077, -9.04781], [32.01834, -9.05813], [32.00093, -9.07334], [31.99206, -9.0697], [31.96828, -9.05358], [31.95822, -9.0395], [31.92999, -8.9805], [31.94861, -8.93027], [31.85214, -8.89325], [31.77859, -8.8891], [31.76586, -8.89328], [31.73336, -8.92328], [31.71341, -8.91658], [31.70249, -8.92106], [31.68103, -8.91316], [31.64876, -8.87751], [31.61341, -8.86143], [31.59502, -8.84269], [31.58322, -8.84114], [31.57719, -8.83359], [31.5682, -8.81158], [31.58414, -8.75805], [31.5719, -8.71315], [31.5741, -8.69298], [31.56168, -8.69595], [31.55235, -8.68417], [31.54146, -8.68323], [31.53907, -8.67569], [31.49065, -8.68002], [31.45846, -8.63443], [31.40372, -8.63132], [31.37669, -8.58635], [31.36005, -8.58808], [31.36391, -8.60375], [31.35026, -8.61303], [31.33031, -8.61023], [31.32575, -8.61623], [31.32307, -8.60689], [31.31882, -8.61048], [31.31037, -8.60653], [31.29212, -8.62843], [31.28213, -8.632], [31.26461, -8.6268], [31.24842, -8.59482], [31.23512, -8.59415], [31.21147, -8.58198], [31.19255, -8.59349], [31.18234, -8.59117], [31.18287, -8.60009], [31.17704, -8.5978], [31.1789, -8.58878], [31.16827, -8.56913], [31.17378, -8.56721], [31.17496, -8.55784], [31.14681, -8.53173], [31.13884, -8.49347], [31.13341, -8.49103], [31.14254, -8.47783], [31.1308, -8.46814], [31.12726, -8.44856], [31.13601, -8.45312], [31.14542, -8.44443], [31.14864, -8.42158], [31.13022, -8.39981], [31.12849, -8.38174], [31.0899, -8.36289], [31.06875, -8.36038], [31.07695, -8.3529], [31.07093, -8.34835], [31.06697, -8.35405], [31.06162, -8.33687], [31.03687, -8.33103], [31.03061, -8.31384], [31.05208, -8.30943], [31.0355, -8.30273], [31.02031, -8.28252], [31.02908, -8.26339], [31.07601, -8.24164], [31.10411, -8.21661], [31.11816, -8.21634], [31.12529, -8.20347], [31.13574, -8.20126], [31.14509, -8.18841], [31.15401, -8.18912], [31.16483, -8.20139], [31.27216, -8.20122], [31.29358, -8.19466], [31.28601, -8.1516], [31.29594, -8.10275], [31.30212, -8.09652], [31.34602, -8.09668], [31.32737, -8.05467], [31.31361, -8.03696], [31.32198, -8.02045], [31.33196, -8.01497], [31.40685, -8.00313], [31.46175, -8.02099], [31.44864, -8.07858], [31.45452, -8.08305], [31.46032, -8.10882], [31.46573, -8.11265], [31.47501, -8.10411], [31.50118, -8.10007], [31.54224, -8.08321], [31.55875, -8.11766], [31.5511, -8.16255], [31.55583, -8.18947]]]}}, {"type": "Feature", "properties": {"shapeID": "72390352B34861075189695", "shapeName": "Nkasi"}, "geometry": {"type": "MultiPolygon", "coordinates": [[[[30.94887, -6.94], [30.9695, -6.96532], [30.96923, -6.9995], [30.95315, -7.07267], [30.98545, -7.11145], [31.04527, -7.11393], [31.0795, -7.12713], [31.14665, -7.17471], [31.1427, -7.19413], [31.16113, -7.21774], [31.18232, -7.20858], [31.23159, -7.21667], [31.25969, -7.21251], [31.28396, -7.22858], [31.30669, -7.23183], [31.32264, -7.24588], [31.33637, -7.24383], [31.34549, -7.25036], [31.33926, -7.35064], [31.36165, -7.44812], [31.40118, -7.5161], [31.45105, -7.57014], [31.46459, -7.6122], [31.52257, -7.69262], [31.50082, -7.70032], [31.46356, -7.72927], [31.46551, -7.75815], [31.47434, -7.76583], [31.46536, -7.77316], [31.46556, -7.78791], [31.47876, -7.804], [31.49293, -7.85809], [31.46436, -7.87828], [31.46561, -7.90109], [31.45995, -7.90637], [31.41163, -7.91018], [31.41189, -7.96529], [31.40414, -7.98416], [31.40685, -8.00313], [31.33196, -8.01497], [31.32198, -8.02045], [31.31361, -8.03696], [31.32737, -8.05467], [31.34602, -8.09668], [31.30212, -8.09652], [31.29594, -8.10275], [31.28601, -8.1516], [31.29358, -8.19466], [31.27216, -8.20122], [31.16483, -8.20139], [31.15401, -8.18912], [31.14073, -8.18975], [31.13574, -8.20126], [31.12529, -8.20347], [31.11816, -8.21634], [31.10411, -8.21661], [31.07601, -8.24164], [31.02908, -8.26339], [31.01705, -8.28851], [31.01111, -8.28787], [31.00859, -8.27768], [31.01481, -8.27988], [30.99729, -8.25738], [30.98689, -8.26535], [31.0006, -8.26831], [30.99873, -8.27775], [30.98847, -8.27347], [30.98575, -8.28038], [30.98129, -8.27527], [30.98023, -8.2473], [30.98938, -8.24436], [30.9745, -8.23558], [30.9766, -8.22513], [30.97106, -8.22679], [30.95935, -8.21683], [30.96426, -8.21186], [30.96322, -8.19824], [30.95861, -8.19465], [30.95232, -8.19884], [30.95452, -8.18651], [30.94429, -8.18312], [30.95027, -8.16961], [30.93903, -8.17278], [30.94423, -8.16317], [30.95905, -8.16357], [30.96577, -8.17662], [30.97098, -8.13922], [30.95433, -8.1103], [30.94322, -8.10437], [30.93125, -8.1116], [30.91907, -8.10616], [30.9035, -8.06694], [30.90891, -8.04191], [30.90774, -8.03028], [30.89691, -8.02992], [30.90283, -8.02166], [30.89987, -8.01278], [30.88807, -8.009], [30.88488, -7.99145], [30.87132, -7.98264], [30.85994, -7.96115], [30.83805, -7.95853], [30.84167, -7.90894], [30.83037, -7.90524], [30.82712, -7.89108], [30.8097, -7.88974], [30.79926, -7.87168], [30.79361, -7.87321], [30.80058, -7.85837], [30.78713, -7.85684], [30.78558, -7.84256], [30.79151, -7.83518], [30.77986, -7.82852], [30.77815, -7.8084], [30.76264, -7.80776], [30.76822, -7.80006], [30.76395, -7.76908], [30.73824, -7.70761], [30.70729, -7.69418], [30.70238, -7.67979], [30.69132, -7.67752], [30.69195, -7.6637], [30.67649, -7.65367], [30.67488, -7.64482], [30.65721, -7.63533], [30.65452, -7.61985], [30.66027, -7.60713], [30.65637, -7.60353], [30.65095, -7.6076], [30.62542, -7.57548], [30.61258, -7.53143], [30.60162, -7.53183], [30.59764, -7.52055], [30.59215, -7.52144], [30.5915, -7.51455], [30.58369, -7.51152], [30.58772, -7.50759], [30.57706, -7.50261], [30.57425, -7.4908], [30.58535, -7.48919], [30.58664, -7.48343], [30.60162, -7.48659], [30.6063, -7.48115], [30.59472, -7.45112], [30.6025, -7.44809], [30.60215, -7.44257], [30.58613, -7.43932], [30.58844, -7.42667], [30.60533, -7.41145], [30.6014, -7.40767], [30.61332, -7.38887], [30.6183, -7.38895], [30.61101, -7.38276], [30.6114, -7.35059], [30.60286, -7.34448], [30.59978, -7.31688], [30.58061, -7.29678], [30.582, -7.285], [30.55223, -7.25462], [30.54876, -7.22673], [30.53867, -7.20601], [30.52879, -7.20012], [30.52906, -7.18431], [30.51674, -7.1791], [30.53281, -7.16639], [30.53664, -7.15299], [30.51605, -7.13624], [30.50004, -7.13431], [30.50812, -7.13427], [30.50674, -7.121], [30.49938, -7.11767], [30.50163, -7.10772], [30.52785, -7.12558], [30.55922, -7.08737], [30.56243, -7.07783], [30.5593, -7.06147], [30.553, -7.05719], [30.55674, -7.05037], [30.55096, -7.03609], [30.55737, -7.03679], [30.56729, -7.02049], [30.57511, -6.98426], [30.56427, -6.95858], [30.51991, -6.93175], [30.50307, -6.91293], [30.55022, -6.90811], [30.61491, -6.89096], [30.68294, -6.88482], [30.75044, -6.89865], [30.78675, -6.91299], [30.85039, -6.91808], [30.94887, -6.94]]], [[[30.9457, -8.21129], [30.93991, -8.20357], [30.94768, -8.20537], [30.95047, -8.21171], [30.9457, -8.21129]]], [[[30.57362, -7.45786], [30.58763, -7.47643], [30.57555, -7.47879], [30.56942, -7.47447], [30.56661, -7.45497], [30.57362, -7.45786]]], [[[30.57221, -7.39801], [30.58455, -7.39637], [30.58635, -7.41585], [30.57589, -7.42748], [30.57169, -7.42038], [30.57648, -7.40547], [30.56293, -7.40152], [30.56271, -7.39474], [30.55653, -7.39416], [30.56007, -7.38892], [30.57221, -7.39801]]], [[[30.54665, -7.44527], [30.5399, -7.4364], [30.54507, -7.43305], [30.54665, -7.44527]]]]}}, {"type": "Feature", "properties": {"shapeID": "72390352B27717411944051", "shapeName": "Sumbawanga"}, "geometry": {"type": "Polygon", "coordinates": [[[31.42929, -7.46644], [31.43061, -7.42153], [31.47602, -7.40807], [31.48574, -7.44784], [31.49304, -7.44833], [31.4864, -7.46007], [31.48517, -7.48698], [31.49152, -7.50845], [31.51105, -7.52807], [31.52411, -7.52912], [31.53957, -7.56679], [31.56767, -7.57841], [31.56524, -7.59256], [31.571, -7.59297], [31.58502, -7.61175], [31.60218, -7.61969], [31.61022, -7.63428], [31.60673, -7.65056], [31.61979, -7.67343], [31.64391, -7.68044], [31.66438, -7.70548], [31.69579, -7.71199], [31.72176, -7.70071], [31.76862, -7.71392], [31.77202, -7.70315], [31.79469, -7.7351], [31.80725, -7.73941], [31.85933, -7.8311], [31.86903, -7.83173], [31.87796, -7.87467], [31.87456, -7.90087], [31.89529, -7.92543], [31.90749, -7.93034], [31.91465, -7.96491], [31.92508, -7.98444], [31.95354, -8.00507], [31.96033, -8.02818], [31.99617, -8.06526], [32.00678, -8.10681], [32.02999, -8.12562], [32.03025, -8.14805], [32.02583, -8.15236], [32.03158, -8.15505], [32.03281, -8.16616], [32.04141, -8.16957], [32.05077, -8.20073], [32.09176, -8.21584], [32.10735, -8.20225], [32.11586, -8.1767], [32.1609, -8.18434], [32.16908, -8.18049], [32.19451, -8.18852], [32.21528, -8.16304], [32.23355, -8.17139], [32.25596, -8.19442], [32.25212, -8.11626], [32.26327, -8.1255], [32.2641, -8.11487], [32.27446, -8.11606], [32.26666, -8.09623], [32.27601, -8.09306], [32.28396, -8.07745], [32.30029, -8.08353], [32.30551, -8.0927], [32.30883, -8.08833], [32.31669, -8.0907], [32.32407, -8.10228], [32.34275, -8.10434], [32.34611, -8.11097], [32.36725, -8.11672], [32.37187, -8.12697], [32.39216, -8.13707], [32.38851, -8.15478], [32.40705, -8.20561], [32.42424, -8.20891], [32.45378, -8.237], [32.44385, -8.24573], [32.43289, -8.2402], [32.42702, -8.24537], [32.41584, -8.27652], [32.40198, -8.28312], [32.39502, -8.29828], [32.38497, -8.30267], [32.38256, -8.31695], [32.36222, -8.31494], [32.36291, -8.30685], [32.35498, -8.30214], [32.33452, -8.31169], [32.32988, -8.30175], [32.32303, -8.31177], [32.30655, -8.31322], [32.30542, -8.3368], [32.29536, -8.33421], [32.29466, -8.35019], [32.28468, -8.3472], [32.2897, -8.36108], [32.27644, -8.36225], [32.27804, -8.37087], [32.27086, -8.37449], [32.26573, -8.38963], [32.27434, -8.39072], [32.27002, -8.39761], [32.2765, -8.40334], [32.27901, -8.42131], [32.27681, -8.43215], [32.26465, -8.44078], [32.27604, -8.4401], [32.27036, -8.44594], [32.27575, -8.45346], [32.27221, -8.45852], [32.28388, -8.46217], [32.28107, -8.47314], [32.29619, -8.46825], [32.29728, -8.48402], [32.28924, -8.48346], [32.30186, -8.49397], [32.30069, -8.50997], [32.31424, -8.50968], [32.29472, -8.52989], [32.30103, -8.5348], [32.29096, -8.54174], [32.29888, -8.54727], [32.28796, -8.55792], [32.29085, -8.57063], [32.25437, -8.6094], [32.25466, -8.65579], [32.24405, -8.65779], [32.24235, -8.6742], [32.22177, -8.70429], [32.18252, -8.71356], [32.1689, -8.69571], [32.12986, -8.69827], [32.10171, -8.71441], [32.08205, -8.73553], [32.06929, -8.76248], [32.04385, -8.75219], [32.02885, -8.73838], [32.01866, -8.74329], [32.00525, -8.73743], [31.95099, -8.74359], [31.93055, -8.66934], [31.90326, -8.63463], [31.88698, -8.60331], [31.87496, -8.54018], [31.91335, -8.53692], [31.90504, -8.51531], [31.87167, -8.46708], [31.8351, -8.44222], [31.82283, -8.41818], [31.80729, -8.41624], [31.79322, -8.40295], [31.77198, -8.36233], [31.74947, -8.34219], [31.71037, -8.34608], [31.68548, -8.35847], [31.65565, -8.35356], [31.60329, -8.29517], [31.56812, -8.2764], [31.55087, -8.25168], [31.54481, -8.23096], [31.55583, -8.18947], [31.5511, -8.16255], [31.57737, -8.17863], [31.60406, -8.17474], [31.62776, -8.18581], [31.63746, -8.17371], [31.6649, -8.16574], [31.68599, -8.17261], [31.70354, -8.16879], [31.71635, -8.13754], [31.73063, -8.1357], [31.74888, -8.1434], [31.78057, -8.11775], [31.78562, -8.07883], [31.80341, -8.06528], [31.78343, -8.04115], [31.78852, -8.02118], [31.81818, -8.00316], [31.85302, -8.01822], [31.85144, -8.00837], [31.84347, -7.98164], [31.81742, -7.94957], [31.76641, -7.91425], [31.69432, -7.84182], [31.60301, -7.76511], [31.58605, -7.78525], [31.5513, -7.79986], [31.50612, -7.7788], [31.47615, -7.77208], [31.46551, -7.75815], [31.46356, -7.72927], [31.50082, -7.70032], [31.52257, -7.69262], [31.46459, -7.6122], [31.45105, -7.57014], [31.40118, -7.5161], [31.37529, -7.47074], [31.42929, -7.46644]]]}}, {"type": "Feature", "properties": {"shapeID": "72390352B60773938386935", "shapeName": "Sumbawanga Urban"}, "geometry": {"type": "Polygon", "coordinates": [[[31.55875, -8.11766], [31.54799, -8.08917], [31.54224, -8.08321], [31.46302, -8.11169], [31.44864, -8.07858], [31.46175, -8.02099], [31.40685, -8.00313], [31.40472, -7.99673], [31.41189, -7.96529], [31.41163, -7.91018], [31.45995, -7.90637], [31.46561, -7.90109], [31.46436, -7.87828], [31.49293, -7.85809], [31.47876, -7.804], [31.46556, -7.78791], [31.46536, -7.77316], [31.47434, -7.76583], [31.48232, -7.77526], [31.50612, -7.7788], [31.5513, -7.79986], [31.58605, -7.78525], [31.60301, -7.76511], [31.69432, -7.84182], [31.76641, -7.91425], [31.81742, -7.94957], [31.84347, -7.98164], [31.85144, -8.00837], [31.85302, -8.01822], [31.81818, -8.00316], [31.78852, -8.02118], [31.78343, -8.04115], [31.80341, -8.06528], [31.78562, -8.07883], [31.78057, -8.11775], [31.74888, -8.1434], [31.73063, -8.1357], [31.71635, -8.13754], [31.70354, -8.16879], [31.68599, -8.17261], [31.6649, -8.16574], [31.63746, -8.17371], [31.62776, -8.18581], [31.60406, -8.17474], [31.57737, -8.17863], [31.5511, -8.16255], [31.55875, -8.11766]]]}}, {"type": "Feature", "properties": {"shapeID": "72390352B96762734199587", "shapeName": "Mbinga"}, "geometry": {"type": "Polygon", "coordinates": [[[34.86939, -10.4551], [34.8792, -10.42597], [34.89914, -10.41094], [34.91447, -10.38947], [34.93042, -10.38242], [34.95526, -10.33857], [34.9663, -10.33519], [34.97029, -10.31526], [34.98378, -10.31741], [34.9978, -10.30788], [35.01316, -10.31099], [34.99918, -10.28597], [34.99711, -10.29874], [34.99349, -10.29753], [34.99142, -10.28373], [34.99642, -10.27787], [34.99586, -10.2615], [35.0012, -10.26829], [35.0112, -10.2648], [34.97986, -10.22731], [34.9886, -10.21903], [34.98101, -10.20615], [34.98538, -10.19971], [34.99182, -10.20109], [34.99021, -10.18982], [35.00516, -10.19097], [35.02126, -10.17809], [35.03552, -10.18499], [35.03904, -10.1808], [35.02861, -10.17559], [35.03812, -10.1621], [35.05345, -10.16884], [35.06081, -10.15075], [35.06787, -10.17068], [35.08075, -10.16516], [35.08719, -10.17191], [35.10866, -10.17436], [35.12614, -10.15903], [35.11142, -10.14615], [35.1292, -10.13603], [35.13597, -10.13883], [35.13114, -10.16177], [35.13925, -10.16815], [35.14508, -10.16568], [35.13511, -10.19013], [35.1388, -10.2331], [35.13292, -10.24577], [35.13505, -10.25315], [35.14525, -10.24896], [35.14679, -10.26168], [35.12859, -10.2727], [35.12627, -10.28626], [35.13189, -10.28646], [35.12774, -10.29528], [35.13798, -10.30119], [35.14201, -10.31845], [35.16393, -10.31512], [35.17781, -10.32025], [35.16887, -10.3335], [35.18896, -10.35913], [35.18256, -10.38816], [35.17336, -10.39068], [35.16463, -10.4029], [35.16044, -10.40096], [35.15547, -10.41169], [35.15841, -10.42843], [35.16545, -10.42873], [35.15634, -10.43976], [35.15798, -10.45416], [35.14957, -10.46754], [35.1267, -10.47834], [35.13085, -10.52326], [35.12268, -10.52674], [35.1221, -10.54351], [35.12495, -10.54859], [35.13171, -10.54393], [35.16146, -10.56536], [35.20088, -10.68571], [35.20773, -10.724], [35.1814, -10.7626], [35.18771, -10.78093], [35.18077, -10.81479], [35.19004, -10.82671], [35.19379, -10.84267], [35.18961, -10.84654], [35.20705, -10.87835], [35.20489, -10.88332], [35.19938, -10.87308], [35.1914, -10.87812], [35.19185, -10.88406], [35.19622, -10.89258], [35.20739, -10.88842], [35.21077, -10.89275], [35.22575, -10.92806], [35.23219, -10.92946], [35.2259, -10.93597], [35.22836, -10.95229], [35.24628, -10.96068], [35.24596, -10.98828], [35.25932, -11.0113], [35.2448, -11.01914], [35.25556, -11.02564], [35.25172, -11.04149], [35.26069, -11.04399], [35.27835, -11.08568], [35.27473, -11.09927], [35.28514, -11.11956], [35.283, -11.12878], [35.28888, -11.12848], [35.29348, -11.13913], [35.29351, -11.13102], [35.3103, -11.13084], [35.32178, -11.15004], [35.33299, -11.14728], [35.33098, -11.17088], [35.3372, -11.18269], [35.34805, -11.18337], [35.34119, -11.18701], [35.34509, -11.21582], [35.34009, -11.21881], [35.31628, -11.20398], [35.32147, -11.19043], [35.29651, -11.1828], [35.28949, -11.17169], [35.29352, -11.16327], [35.26709, -11.172], [35.25928, -11.15833], [35.25031, -11.16479], [35.24591, -11.15991], [35.23767, -11.16162], [35.23248, -11.1803], [35.2171, -11.1767], [35.19272, -11.19763], [35.19406, -11.20684], [35.17012, -11.21192], [35.15982, -11.22165], [35.15585, -11.21572], [35.149, -11.23668], [35.14257, -11.23767], [35.12203, -11.22786], [35.12324, -11.216], [35.11397, -11.22283], [35.10169, -11.2165], [35.06719, -11.16881], [35.04302, -11.16213], [35.03499, -11.17239], [35.02787, -11.17235], [35.0056, -11.12138], [35.0039, -11.10352], [34.98764, -11.10325], [34.96697, -11.11013], [34.96497, -11.13196], [34.95726, -11.13644], [34.96399, -11.15738], [34.94322, -11.15956], [34.9281, -11.17335], [34.93274, -11.19785], [34.91238, -11.2314], [34.90514, -11.25542], [34.86832, -11.26933], [34.85546, -11.26644], [34.83116, -11.18977], [34.84104, -11.16908], [34.79772, -11.12665], [34.79398, -11.11569], [34.80262, -11.10381], [34.78285, -11.11358], [34.75953, -11.08999], [34.7508, -11.06994], [34.70964, -11.02645], [34.69227, -10.98903], [34.69403, -10.97921], [34.71715, -10.94938], [34.75162, -10.9279], [34.75255, -10.89522], [34.73316, -10.84811], [34.7606, -10.77961], [34.72314, -10.74077], [34.68945, -10.66814], [34.68821, -10.64118], [34.6966, -10.59768], [34.70359, -10.57601], [34.72664, -10.54734], [34.7621, -10.53802], [34.78204, -10.51919], [34.80779, -10.52143], [34.81711, -10.49016], [34.86939, -10.4551]]]}}, {"type": "Feature", "properties": {"shapeID": "72390352B4837835329020", "shapeName": "Namtumbo"}, "geometry": {"type": "Polygon", "coordinates": [[[37.12343, -9.62658], [37.11952, -9.65572], [37.08727, -9.72068], [37.0483, -9.7552], [37.03369, -9.79482], [37.01426, -9.80153], [36.96934, -9.88686], [36.89011, -9.93964], [36.88102, -9.99106], [36.8846, -10.01838], [36.87832, -10.02206], [36.86812, -10.04991], [36.8741, -10.09212], [36.88472, -10.09653], [36.89126, -10.11088], [36.87806, -10.1171], [36.87946, -10.132], [36.86655, -10.13866], [36.87445, -10.15427], [36.86745, -10.16119], [36.87407, -10.17484], [36.86654, -10.19957], [36.85361, -10.19533], [36.84812, -10.21368], [36.83894, -10.22272], [36.76806, -10.26996], [36.76858, -10.28093], [36.75827, -10.28938], [36.75852, -10.31724], [36.739, -10.3274], [36.72308, -10.34559], [36.71064, -10.34854], [36.69878, -10.36498], [36.69398, -10.37561], [36.70021, -10.38349], [36.69147, -10.39762], [36.69593, -10.41938], [36.68093, -10.42252], [36.67973, -10.44204], [36.66738, -10.44195], [36.66872, -10.45322], [36.65611, -10.46713], [36.61988, -10.47879], [36.60923, -10.52042], [36.58995, -10.5259], [36.56894, -10.5516], [36.56835, -10.56841], [36.53173, -10.64583], [36.53352, -10.74822], [36.58738, -10.82119], [36.62028, -10.84106], [36.71206, -10.87265], [36.75201, -10.89272], [36.77737, -10.92892], [36.78518, -11.00817], [36.71591, -11.1024], [36.7166, -11.132], [36.73887, -11.17749], [36.74589, -11.18714], [36.75209, -11.18325], [36.75683, -11.19588], [36.76726, -11.19377], [36.76602, -11.20358], [36.77077, -11.20714], [36.76524, -11.22242], [36.77303, -11.23079], [36.76517, -11.24727], [36.77058, -11.25606], [36.76636, -11.27475], [36.77557, -11.28285], [36.7827, -11.30231], [36.78014, -11.32242], [36.78768, -11.3216], [36.78461, -11.35065], [36.77887, -11.35579], [36.78285, -11.36148], [36.76972, -11.36481], [36.78376, -11.3745], [36.78065, -11.40154], [36.78489, -11.40918], [36.78043, -11.41685], [36.78737, -11.42579], [36.78697, -11.43883], [36.80092, -11.44733], [36.80079, -11.46442], [36.79225, -11.48095], [36.80688, -11.49242], [36.81274, -11.50764], [36.84078, -11.51498], [36.83958, -11.53027], [36.80405, -11.55272], [36.79444, -11.60474], [36.77919, -11.61262], [36.76711, -11.64462], [36.71346, -11.67199], [36.69547, -11.6938], [36.63609, -11.72872], [36.62124, -11.73035], [36.61414, -11.71858], [36.5847, -11.69845], [36.56957, -11.69744], [36.55387, -11.72715], [36.51267, -11.76176], [36.50481, -11.74934], [36.50382, -11.73306], [36.51781, -11.69641], [36.49008, -11.67765], [36.41563, -11.67922], [36.40435, -11.68606], [36.3854, -11.67803], [36.35342, -11.71004], [36.3305, -11.70538], [36.31829, -11.71396], [36.2954, -11.7186], [36.28318, -11.71591], [36.27621, -11.69395], [36.26857, -11.68829], [36.21458, -11.70575], [36.19003, -11.67856], [36.18157, -11.66004], [36.18596, -11.59874], [36.19874, -11.57879], [36.18712, -11.5651], [36.18194, -11.54368], [36.16276, -11.56833], [36.15241, -11.56735], [36.14519, -11.55688], [36.13024, -11.5511], [36.12383, -11.53922], [36.12586, -11.51351], [36.11492, -11.50944], [36.10804, -11.51452], [36.1074, -11.52508], [36.06507, -11.53787], [36.04227, -11.50223], [36.04236, -11.49299], [36.00803, -11.48484], [35.99023, -11.47145], [35.98369, -11.45606], [35.97482, -11.45953], [35.96632, -11.45258], [35.96498, -11.46551], [35.95803, -11.46398], [35.94363, -11.42156], [35.92819, -11.43712], [35.90746, -11.43505], [35.88562, -11.42465], [35.87165, -11.42899], [35.86166, -11.42386], [35.86809, -11.42367], [35.86792, -11.41495], [35.87398, -11.41184], [35.86654, -11.40635], [35.88472, -11.40879], [35.89056, -11.40132], [35.87571, -11.38782], [35.8769, -11.377], [35.87115, -11.37681], [35.8734, -11.36653], [35.88023, -11.36687], [35.88249, -11.35387], [35.87623, -11.35142], [35.87889, -11.33832], [35.87569, -11.34103], [35.87019, -11.33525], [35.87067, -11.32493], [35.86351, -11.32604], [35.87391, -11.30446], [35.86722, -11.30379], [35.87121, -11.29655], [35.86039, -11.29436], [35.86478, -11.29218], [35.85946, -11.29004], [35.85822, -11.27962], [35.86966, -11.28019], [35.86202, -11.2706], [35.86475, -11.26234], [35.84851, -11.23401], [35.82688, -11.2281], [35.81795, -11.21401], [35.79922, -11.21185], [35.79639, -11.18489], [35.78936, -11.17865], [35.81732, -11.14108], [35.81219, -11.11662], [35.81754, -11.09346], [35.82731, -11.08845], [35.83638, -11.07183], [35.81398, -11.0473], [35.81433, -10.99989], [35.80902, -10.98861], [35.81248, -10.95647], [35.83252, -10.91949], [35.84635, -10.91361], [35.84946, -10.90428], [35.88989, -10.86419], [35.89465, -10.79635], [35.86083, -10.75768], [35.85879, -10.73215], [35.86666, -10.71934], [35.86549, -10.69788], [35.83956, -10.66143], [35.81341, -10.65036], [35.79617, -10.65134], [35.77668, -10.6644], [35.77625, -10.62781], [35.75154, -10.60154], [35.74699, -10.54836], [35.71407, -10.54257], [35.69793, -10.53068], [35.67593, -10.52958], [35.65414, -10.51446], [35.65207, -10.50454], [35.65869, -10.49298], [35.64564, -10.47671], [35.71719, -10.44954], [35.71312, -10.43559], [35.72586, -10.42264], [35.72511, -10.39042], [35.7454, -10.36905], [35.75733, -10.32499], [35.7689, -10.31425], [35.76561, -10.284], [35.75829, -10.2722], [35.73722, -10.26749], [35.73444, -10.25447], [35.74228, -10.25365], [35.73557, -10.25033], [35.73532, -10.24312], [35.75905, -10.25291], [35.81001, -10.25793], [35.83916, -10.25785], [35.85912, -10.25066], [35.85929, -10.21], [35.86361, -10.18696], [35.86936, -10.18751], [35.87094, -10.1814], [35.87015, -10.14808], [35.85826, -10.12069], [35.8468, -10.1175], [35.82543, -10.12172], [35.80751, -10.13809], [35.79037, -10.14352], [35.77671, -10.13733], [35.77726, -10.12107], [35.77051, -10.11283], [35.77453, -10.09024], [35.78479, -10.0741], [35.78023, -10.06483], [35.78192, -10.04094], [35.6944, -9.98931], [35.69995, -9.89479], [35.68656, -9.86846], [35.69899, -9.86742], [35.71664, -9.88097], [35.73133, -9.88415], [35.75554, -9.91662], [35.77082, -9.92163], [35.80663, -9.89765], [35.84415, -9.88584], [35.88571, -9.83635], [35.9215, -9.81223], [35.92347, -9.80336], [35.93502, -9.79758], [35.94107, -9.80026], [35.95434, -9.7873], [36.01758, -9.76348], [36.01813, -9.75805], [36.0313, -9.75412], [36.03568, -9.75774], [36.04726, -9.73815], [36.06276, -9.73483], [36.07638, -9.74199], [36.0705, -9.75913], [36.0806, -9.75691], [36.08156, -9.76296], [36.08798, -9.7622], [36.08462, -9.77297], [36.09196, -9.77348], [36.09791, -9.78425], [36.10669, -9.77982], [36.11438, -9.78374], [36.12046, -9.77774], [36.12322, -9.78264], [36.12708, -9.77918], [36.14126, -9.7848], [36.14496, -9.775], [36.15444, -9.76888], [36.15932, -9.7728], [36.16688, -9.7615], [36.18546, -9.76847], [36.2237, -9.76084], [36.26872, -9.76534], [36.28856, -9.77367], [36.29211, -9.7636], [36.29779, -9.76108], [36.30454, -9.76625], [36.31737, -9.75423], [36.3242, -9.75564], [36.33345, -9.72274], [36.38098, -9.71068], [36.39761, -9.69816], [36.40195, -9.68648], [36.40903, -9.68606], [36.41248, -9.66734], [36.42493, -9.66876], [36.43408, -9.64478], [36.44651, -9.63995], [36.45131, -9.61363], [36.46377, -9.60493], [36.468, -9.60742], [36.46331, -9.61934], [36.47075, -9.61974], [36.46773, -9.64468], [36.46271, -9.65307], [36.45315, -9.65195], [36.45737, -9.6562], [36.4516, -9.66986], [36.46386, -9.68823], [36.47979, -9.68975], [36.49839, -9.71274], [36.49408, -9.72114], [36.50073, -9.73173], [36.49248, -9.74503], [36.50398, -9.77042], [36.51038, -9.81679], [36.56066, -9.80242], [36.58598, -9.7825], [36.60458, -9.75765], [36.68201, -9.75149], [36.7354, -9.75794], [36.76614, -9.75403], [36.99337, -9.63391], [37.13878, -9.58498], [37.12343, -9.62658]]]}}, {"type": "Feature", "properties": {"shapeID": "72390352B51604936414420", "shapeName": "Nyasa"}, "geometry": {"type": "Polygon", "coordinates": [[[34.57943, -10.53334], [34.59546, -10.52674], [34.60216, -10.53562], [34.6093, -10.52428], [34.62303, -10.52833], [34.63067, -10.5384], [34.63615, -10.53252], [34.68264, -10.53392], [34.69781, -10.52496], [34.70337, -10.50882], [34.72032, -10.51063], [34.76518, -10.4913], [34.75934, -10.48568], [34.78238, -10.43979], [34.80556, -10.44541], [34.81485, -10.45516], [34.8175, -10.48822], [34.80779, -10.52143], [34.78204, -10.51919], [34.7621, -10.53802], [34.72664, -10.54734], [34.70359, -10.57601], [34.6966, -10.59768], [34.68821, -10.64118], [34.68945, -10.66814], [34.72314, -10.74077], [34.7606, -10.77961], [34.73316, -10.84811], [34.75255, -10.89522], [34.75162, -10.9279], [34.71715, -10.94938], [34.69403, -10.97921], [34.69273, -10.99568], [34.69922, -11.01047], [34.72783, -11.04955], [34.7508, -11.06994], [34.77422, -11.10635], [34.78285, -11.11358], [34.80262, -11.10381], [34.79398, -11.11569], [34.79772, -11.12665], [34.84104, -11.16908], [34.83116, -11.18977], [34.84552, -11.24356], [34.85908, -11.26954], [34.90514, -11.25542], [34.91238, -11.2314], [34.93274, -11.19785], [34.9281, -11.17335], [34.94322, -11.15956], [34.96399, -11.15738], [34.95726, -11.13644], [34.96497, -11.13196], [34.96697, -11.11013], [34.98764, -11.10325], [35.0039, -11.10352], [35.0056, -11.12138], [35.02787, -11.17235], [35.03499, -11.17239], [35.04302, -11.16213], [35.06719, -11.16881], [35.10169, -11.2165], [35.11397, -11.22283], [35.12324, -11.216], [35.12203, -11.22786], [35.14257, -11.23767], [35.149, -11.23668], [35.15585, -11.21572], [35.15982, -11.22165], [35.17012, -11.21192], [35.19406, -11.20684], [35.19272, -11.19763], [35.2171, -11.1767], [35.23511, -11.17908], [35.23767, -11.16162], [35.24591, -11.15991], [35.25031, -11.16479], [35.25928, -11.15833], [35.26709, -11.172], [35.29352, -11.16327], [35.28949, -11.17169], [35.29651, -11.1828], [35.32147, -11.19043], [35.31628, -11.20398], [35.3515, -11.2243], [35.34113, -11.23108], [35.34589, -11.24011], [35.33447, -11.24841], [35.33411, -11.26251], [35.34747, -11.27679], [35.34912, -11.30182], [35.36133, -11.31927], [35.35608, -11.32831], [35.35913, -11.33441], [35.37671, -11.33838], [35.3811, -11.3548], [35.38953, -11.35712], [35.39191, -11.36511], [35.3847, -11.37268], [35.39172, -11.37708], [35.38831, -11.40991], [35.37628, -11.40948], [35.38611, -11.42169], [35.37347, -11.42462], [35.37433, -11.43848], [35.38129, -11.44128], [35.3847, -11.4364], [35.38928, -11.44678], [35.3847, -11.4527], [35.37708, -11.45178], [35.38971, -11.46039], [35.37811, -11.45959], [35.37488, -11.46527], [35.38269, -11.46417], [35.3869, -11.48633], [35.3927, -11.4892], [35.38568, -11.49469], [35.40912, -11.50348], [35.40668, -11.51099], [35.41781, -11.51525], [35.4146, -11.52462], [35.43175, -11.53158], [35.43198, -11.53791], [35.40887, -11.53992], [35.41248, -11.5498], [35.39458, -11.57007], [34.95979, -11.57266], [34.96358, -11.54869], [34.95507, -11.48992], [34.94659, -11.47342], [34.93019, -11.45937], [34.93361, -11.44711], [34.9219, -11.42065], [34.92753, -11.39594], [34.81872, -11.32694], [34.80203, -11.31864], [34.79407, -11.32198], [34.78564, -11.29146], [34.78899, -11.28555], [34.79744, -11.2866], [34.80036, -11.27705], [34.79108, -11.26284], [34.77214, -11.25558], [34.7713, -11.23408], [34.76011, -11.22183], [34.75943, -11.20991], [34.71692, -11.18916], [34.70291, -11.17672], [34.70406, -11.16619], [34.69831, -11.15814], [34.65457, -11.1322], [34.63704, -11.11429], [34.63524, -11.09863], [34.64075, -11.09032], [34.63379, -11.07425], [34.63668, -11.05045], [34.61464, -11.04545], [34.61158, -11.02691], [34.64856, -10.95834], [34.67298, -10.93386], [34.67071, -10.92496], [34.67827, -10.90328], [34.6685, -10.89124], [34.67561, -10.86709], [34.66965, -10.84451], [34.67704, -10.83436], [34.67412, -10.82435], [34.67942, -10.81093], [34.67175, -10.78632], [34.68172, -10.75673], [34.6712, -10.73444], [34.64907, -10.71071], [34.65922, -10.68564], [34.65157, -10.67677], [34.65353, -10.66632], [34.64218, -10.65521], [34.64433, -10.64336], [34.61716, -10.61629], [34.6233, -10.59478], [34.58312, -10.5705], [34.5707, -10.52922], [34.57943, -10.53334]]]}}, {"type": "Feature", "properties": {"shapeID": "72390352B68324313293973", "shapeName": "Songea"}, "geometry": {"type": "Polygon", "coordinates": [[[35.55614, -9.45544], [35.6314, -9.27263], [35.65563, -9.26685], [35.68197, -9.25218], [35.70053, -9.28463], [35.72331, -9.2933], [35.72816, -9.29049], [35.72873, -9.29623], [35.7313, -9.29185], [35.74638, -9.29735], [35.75556, -9.29399], [35.75541, -9.30182], [35.76956, -9.30694], [35.77381, -9.32025], [35.8016, -9.3085], [35.80649, -9.2984], [35.82941, -9.28846], [35.83976, -9.27244], [35.86978, -9.25255], [35.89883, -9.24849], [35.91081, -9.25217], [35.91724, -9.26584], [35.91307, -9.27254], [35.91821, -9.29401], [35.91276, -9.30792], [35.91884, -9.32608], [35.92525, -9.32546], [35.91857, -9.34137], [35.94012, -9.38556], [35.94589, -9.42716], [35.93352, -9.45427], [35.92878, -9.45098], [35.91598, -9.46508], [35.88954, -9.47851], [35.88607, -9.50095], [35.84505, -9.55515], [35.81087, -9.67418], [35.78783, -9.69425], [35.77562, -9.71323], [35.74534, -9.73561], [35.74286, -9.74275], [35.72958, -9.74799], [35.71907, -9.76376], [35.71289, -9.7628], [35.69575, -9.79327], [35.68331, -9.80236], [35.67331, -9.82768], [35.67422, -9.83569], [35.68534, -9.84447], [35.68656, -9.86846], [35.69995, -9.89479], [35.6944, -9.98931], [35.78192, -10.04094], [35.78023, -10.06483], [35.78479, -10.0741], [35.77453, -10.09024], [35.77051, -10.11283], [35.77726, -10.12107], [35.77671, -10.13733], [35.79037, -10.14352], [35.80751, -10.13809], [35.82543, -10.12172], [35.8468, -10.1175], [35.85826, -10.12069], [35.86722, -10.13628], [35.87094, -10.1814], [35.86936, -10.18751], [35.86361, -10.18696], [35.85929, -10.21], [35.85912, -10.25066], [35.83916, -10.25785], [35.81001, -10.25793], [35.75905, -10.25291], [35.73532, -10.24312], [35.73557, -10.25033], [35.74228, -10.25365], [35.73444, -10.25447], [35.73722, -10.26749], [35.75829, -10.2722], [35.76561, -10.284], [35.7689, -10.31425], [35.75733, -10.32499], [35.7454, -10.36905], [35.72511, -10.39042], [35.72586, -10.42264], [35.71312, -10.43559], [35.71719, -10.44954], [35.64564, -10.47671], [35.65869, -10.49298], [35.63854, -10.54668], [35.62046, -10.56907], [35.5935, -10.57015], [35.58221, -10.58499], [35.58228, -10.60295], [35.57359, -10.60024], [35.57086, -10.61981], [35.48552, -10.61608], [35.48508, -10.62432], [35.46891, -10.63879], [35.42911, -10.66283], [35.41031, -10.66471], [35.39087, -10.67498], [35.38861, -10.70292], [35.41608, -10.70725], [35.42866, -10.71707], [35.45442, -10.70318], [35.52351, -10.68697], [35.57144, -10.75206], [35.61776, -10.74778], [35.65337, -10.7523], [35.64749, -10.77028], [35.68232, -10.76981], [35.68671, -10.74021], [35.70526, -10.73814], [35.7408, -10.7073], [35.73542, -10.66912], [35.75298, -10.65057], [35.77645, -10.64446], [35.77668, -10.6644], [35.79617, -10.65134], [35.82168, -10.65244], [35.83756, -10.65965], [35.85427, -10.68069], [35.86694, -10.7095], [35.85879, -10.73215], [35.86083, -10.75768], [35.89465, -10.79635], [35.89404, -10.83447], [35.88989, -10.86419], [35.84946, -10.90428], [35.84635, -10.91361], [35.83252, -10.91949], [35.81248, -10.95647], [35.80902, -10.98861], [35.81433, -10.99989], [35.81398, -11.0473], [35.83638, -11.07183], [35.82731, -11.08845], [35.81754, -11.09346], [35.81219, -11.11662], [35.81732, -11.14108], [35.78936, -11.17865], [35.79639, -11.18489], [35.79922, -11.21185], [35.81795, -11.21401], [35.82688, -11.2281], [35.84851, -11.23401], [35.86475, -11.26234], [35.86202, -11.2706], [35.86966, -11.28019], [35.85822, -11.27962], [35.85946, -11.29004], [35.86478, -11.29218], [35.86039, -11.29436], [35.87121, -11.29655], [35.86722, -11.30379], [35.87391, -11.30446], [35.86351, -11.32604], [35.87067, -11.32493], [35.87019, -11.33525], [35.87569, -11.34103], [35.87889, -11.33832], [35.87623, -11.35142], [35.88249, -11.35387], [35.88023, -11.36687], [35.8734, -11.36653], [35.87115, -11.37681], [35.8769, -11.377], [35.87571, -11.38782], [35.89056, -11.40132], [35.88472, -11.40879], [35.86654, -11.40635], [35.85778, -11.41777], [35.84436, -11.41454], [35.83831, -11.41713], [35.84731, -11.42084], [35.84093, -11.42364], [35.84147, -11.43256], [35.83429, -11.42973], [35.83678, -11.43835], [35.82361, -11.43226], [35.83263, -11.41452], [35.82018, -11.42118], [35.79751, -11.41796], [35.78289, -11.42609], [35.78589, -11.43716], [35.77523, -11.43747], [35.76854, -11.44823], [35.76221, -11.44646], [35.76641, -11.45532], [35.75803, -11.45448], [35.74618, -11.4741], [35.73829, -11.467], [35.73856, -11.47932], [35.7235, -11.47424], [35.71733, -11.47871], [35.70754, -11.47184], [35.70303, -11.4818], [35.67997, -11.48275], [35.6841, -11.49363], [35.674, -11.50109], [35.68207, -11.50321], [35.6802, -11.51023], [35.66755, -11.51279], [35.66202, -11.52734], [35.6189, -11.55364], [35.61204, -11.56519], [35.60311, -11.55494], [35.56666, -11.56182], [35.54444, -11.54978], [35.53562, -11.56429], [35.52329, -11.56292], [35.51882, -11.56977], [35.51221, -11.55995], [35.50714, -11.55975], [35.50803, -11.56517], [35.49728, -11.55801], [35.49046, -11.56577], [35.49652, -11.57491], [35.4823, -11.58191], [35.4729, -11.5772], [35.47105, -11.55999], [35.4635, -11.55829], [35.44208, -11.56073], [35.44873, -11.56921], [35.44513, -11.57593], [35.43292, -11.57971], [35.41589, -11.5708], [35.41052, -11.58179], [35.3891, -11.57568], [35.41248, -11.5498], [35.40887, -11.53992], [35.43198, -11.53791], [35.43175, -11.53158], [35.4146, -11.52462], [35.41781, -11.51525], [35.40668, -11.51099], [35.40912, -11.50348], [35.38568, -11.49469], [35.3927, -11.4892], [35.3869, -11.48633], [35.38269, -11.46417], [35.37488, -11.46527], [35.37811, -11.45959], [35.38971, -11.46039], [35.37708, -11.45178], [35.3847, -11.4527], [35.38928, -11.44678], [35.3847, -11.4364], [35.38129, -11.44128], [35.37433, -11.43848], [35.37347, -11.42462], [35.38611, -11.42169], [35.37628, -11.40948], [35.38831, -11.40991], [35.39172, -11.37708], [35.3847, -11.37268], [35.39191, -11.36511], [35.38953, -11.35712], [35.3811, -11.3548], [35.37671, -11.33838], [35.35913, -11.33441], [35.35608, -11.32831], [35.36133, -11.31927], [35.34912, -11.30182], [35.34747, -11.27679], [35.33411, -11.26251], [35.33447, -11.24841], [35.34589, -11.24011], [35.34113, -11.23108], [35.3515, -11.2243], [35.34009, -11.21881], [35.34671, -11.21268], [35.34119, -11.18701], [35.34805, -11.18337], [35.3372, -11.18269], [35.33098, -11.17088], [35.33299, -11.14728], [35.32178, -11.15004], [35.3103, -11.13084], [35.29351, -11.13102], [35.29348, -11.13913], [35.28888, -11.12848], [35.283, -11.12878], [35.28514, -11.11956], [35.27473, -11.09927], [35.27835, -11.08568], [35.26069, -11.04399], [35.25172, -11.04149], [35.25556, -11.02564], [35.2448, -11.01914], [35.25932, -11.0113], [35.24596, -10.98828], [35.24628, -10.96068], [35.22836, -10.95229], [35.2259, -10.93597], [35.23219, -10.92946], [35.22575, -10.92806], [35.21077, -10.89275], [35.20739, -10.88842], [35.19622, -10.89258], [35.19185, -10.88406], [35.1914, -10.87812], [35.19938, -10.87308], [35.20489, -10.88332], [35.20705, -10.87835], [35.18961, -10.84654], [35.19379, -10.84267], [35.19004, -10.82671], [35.18077, -10.81479], [35.18771, -10.78093], [35.1814, -10.7626], [35.20773, -10.724], [35.20088, -10.68571], [35.16146, -10.56536], [35.13171, -10.54393], [35.12495, -10.54859], [35.1221, -10.54351], [35.12268, -10.52674], [35.13085, -10.52326], [35.1267, -10.47834], [35.14957, -10.46754], [35.15798, -10.45416], [35.15634, -10.43976], [35.16545, -10.42873], [35.15841, -10.42843], [35.15547, -10.41169], [35.16044, -10.40096], [35.16463, -10.4029], [35.17336, -10.39068], [35.18256, -10.38816], [35.18896, -10.35913], [35.16887, -10.3335], [35.17781, -10.32025], [35.16393, -10.31512], [35.14201, -10.31845], [35.13798, -10.30119], [35.12774, -10.29528], [35.13189, -10.28646], [35.12627, -10.28626], [35.12859, -10.2727], [35.14679, -10.26168], [35.14525, -10.24896], [35.13505, -10.25315], [35.13292, -10.24577], [35.1388, -10.2331], [35.13511, -10.19013], [35.15623, -10.14149], [35.17273, -10.12022], [35.18028, -10.09288], [35.19249, -10.07811], [35.21236, -10.02467], [35.21865, -9.98951], [35.21763, -9.97931], [35.19884, -9.95797], [35.19637, -9.94115], [35.18689, -9.93821], [35.18868, -9.932], [35.1672, -9.91383], [35.17141, -9.89483], [35.16773, -9.8846], [35.17859, -9.85779], [35.1762, -9.83703], [35.14724, -9.82304], [35.14777, -9.8104], [35.10563, -9.77438], [35.13561, -9.76394], [35.14009, -9.7544], [35.15581, -9.75407], [35.18171, -9.72896], [35.21743, -9.70898], [35.24259, -9.68082], [35.36772, -9.61841], [35.38386, -9.59442], [35.4405, -9.54334], [35.45109, -9.52349], [35.55614, -9.45544]]]}}, {"type": "Feature", "properties": {"shapeID": "72390352B83796809810419", "shapeName": "Songea Urban"}, "geometry": {"type": "Polygon", "coordinates": [[[35.65414, -10.51446], [35.67593, -10.52958], [35.69793, -10.53068], [35.71407, -10.54257], [35.74699, -10.54836], [35.75154, -10.60154], [35.77625, -10.62781], [35.77645, -10.64446], [35.75298, -10.65057], [35.73542, -10.66912], [35.7408, -10.7073], [35.70526, -10.73814], [35.68671, -10.74021], [35.68232, -10.76981], [35.64749, -10.77028], [35.65337, -10.7523], [35.61776, -10.74778], [35.57144, -10.75206], [35.52351, -10.68697], [35.45442, -10.70318], [35.42866, -10.71707], [35.41608, -10.70725], [35.38861, -10.70292], [35.39087, -10.67498], [35.41031, -10.66471], [35.42911, -10.66283], [35.46891, -10.63879], [35.48508, -10.62432], [35.48552, -10.61608], [35.57086, -10.61981], [35.57359, -10.60024], [35.58228, -10.60295], [35.58221, -10.58499], [35.5935, -10.57015], [35.62046, -10.56907], [35.62906, -10.56261], [35.65207, -10.50454], [35.65414, -10.51446]]]}}, {"type": "Feature", "properties": {"shapeID": "72390352B58168894275482", "shapeName": "Tunduru"}, "geometry": {"type": "Polygon", "coordinates": [[[36.9481, -10.17132], [36.98299, -10.24304], [37.00242, -10.26282], [37.03442, -10.28109], [37.14884, -10.29827], [37.23578, -10.34461], [37.42161, -10.4015], [37.59025, -10.47958], [37.61419, -10.50666], [37.64572, -10.51263], [37.68968, -10.53159], [37.75633, -10.54609], [37.76584, -10.54089], [37.78599, -10.5467], [37.82006, -10.54179], [37.86279, -10.54827], [37.8561, -10.57434], [37.86437, -10.57842], [37.87605, -10.60822], [37.87442, -10.61869], [37.88383, -10.62638], [37.87901, -10.64741], [37.88517, -10.66648], [37.8856, -10.73454], [37.95014, -10.73469], [37.97936, -10.7253], [38.04014, -10.71897], [38.04636, -10.72796], [38.04789, -10.76887], [38.03115, -10.78671], [38.02549, -10.82229], [38.01119, -10.83775], [38.01055, -10.84724], [38.00014, -10.85204], [38.01017, -10.87125], [38.01081, -10.88964], [38.01828, -10.89797], [38.0071, -10.92275], [38.00854, -10.93995], [38.021, -10.95284], [38.02063, -10.97251], [38.01319, -10.98623], [38.02093, -11.00326], [38.01639, -11.01589], [38.03918, -11.05106], [38.0408, -11.0735], [38.05098, -11.08144], [38.04901, -11.13432], [38.07547, -11.1522], [38.07003, -11.16315], [38.07499, -11.1782], [38.06937, -11.18233], [38.07705, -11.18957], [38.07771, -11.20331], [38.09088, -11.21551], [38.08575, -11.22222], [38.09032, -11.23508], [38.10342, -11.23878], [38.11298, -11.25623], [38.05987, -11.27304], [38.04467, -11.26756], [38.01663, -11.26935], [37.99814, -11.25989], [37.96779, -11.26404], [37.92818, -11.2554], [37.87371, -11.2809], [37.851, -11.30196], [37.83277, -11.30495], [37.82622, -11.36383], [37.81485, -11.37614], [37.80702, -11.40457], [37.78472, -11.42089], [37.77303, -11.45839], [37.7746, -11.46808], [37.78707, -11.47871], [37.7847, -11.49392], [37.77764, -11.51213], [37.75566, -11.53983], [37.73978, -11.55007], [37.65796, -11.5725], [37.62171, -11.60263], [37.58265, -11.62087], [37.53076, -11.60874], [37.49559, -11.61168], [37.48445, -11.62193], [37.4381, -11.63949], [37.41351, -11.68081], [37.38338, -11.68658], [37.35778, -11.67519], [37.3372, -11.67351], [37.31732, -11.66153], [37.29845, -11.63799], [37.28075, -11.63195], [37.26142, -11.63246], [37.22045, -11.65001], [37.15596, -11.63056], [37.07811, -11.62162], [37.05987, -11.60276], [37.01855, -11.57937], [36.99952, -11.58362], [36.98183, -11.57725], [36.96433, -11.5893], [36.93071, -11.59656], [36.9237, -11.60338], [36.90568, -11.59919], [36.8883, -11.58638], [36.87103, -11.5908], [36.82959, -11.57379], [36.82461, -11.55627], [36.81342, -11.54756], [36.83546, -11.53542], [36.84336, -11.5203], [36.84078, -11.51498], [36.81274, -11.50764], [36.80688, -11.49242], [36.79313, -11.48283], [36.80092, -11.44733], [36.78697, -11.43883], [36.78737, -11.42579], [36.78043, -11.41685], [36.78489, -11.40918], [36.78065, -11.40154], [36.78376, -11.3745], [36.76972, -11.36481], [36.78285, -11.36148], [36.77887, -11.35579], [36.78461, -11.35065], [36.78768, -11.3216], [36.78014, -11.32242], [36.7827, -11.30231], [36.77557, -11.28285], [36.76636, -11.27475], [36.77058, -11.25606], [36.76517, -11.24727], [36.77303, -11.23079], [36.76524, -11.22242], [36.77077, -11.20714], [36.76602, -11.20358], [36.76726, -11.19377], [36.75683, -11.19588], [36.75209, -11.18325], [36.74589, -11.18714], [36.73887, -11.17749], [36.7166, -11.132], [36.71591, -11.1024], [36.78518, -11.00817], [36.77737, -10.92892], [36.75201, -10.89272], [36.71206, -10.87265], [36.62028, -10.84106], [36.58738, -10.82119], [36.53352, -10.74822], [36.53173, -10.64583], [36.56835, -10.56841], [36.56894, -10.5516], [36.58995, -10.5259], [36.60923, -10.52042], [36.61988, -10.47879], [36.65611, -10.46713], [36.66872, -10.45322], [36.66738, -10.44195], [36.67973, -10.44204], [36.68093, -10.42252], [36.69593, -10.41938], [36.69147, -10.39762], [36.70021, -10.38349], [36.69398, -10.37561], [36.69878, -10.36498], [36.71064, -10.34854], [36.72308, -10.34559], [36.739, -10.3274], [36.75852, -10.31724], [36.75827, -10.28938], [36.76858, -10.28093], [36.76806, -10.26996], [36.83894, -10.22272], [36.84812, -10.21368], [36.85361, -10.19533], [36.86654, -10.19957], [36.87407, -10.17484], [36.86745, -10.16119], [36.87445, -10.15427], [36.86655, -10.13866], [36.87946, -10.132], [36.87806, -10.1171], [36.88816, -10.11576], [36.89165, -10.10416], [36.9481, -10.17132]]]}}, {"type": "Feature", "properties": {"shapeID": "72390352B22692962057204", "shapeName": "Kahama"}, "geometry": {"type": "MultiPolygon", "coordinates": [[[[32.34746, -3.32693], [32.36024, -3.28028], [32.37719, -3.25734], [32.39926, -3.26041], [32.42867, -3.22451], [32.4384, -3.21871], [32.45839, -3.22044], [32.48238, -3.20001], [32.52069, -3.19809], [32.52925, -3.20497], [32.5283, -3.22528], [32.54447, -3.2993], [32.52618, -3.35305], [32.5019, -3.39134], [32.56527, -3.40307], [32.59645, -3.4237], [32.70014, -3.46007], [32.71703, -3.45903], [32.76948, -3.41126], [32.78214, -3.43402], [32.80225, -3.43279], [32.80758, -3.45327], [32.8264, -3.4697], [32.82753, -3.50761], [32.837, -3.5359], [32.84265, -3.5363], [32.83579, -3.58779], [32.82206, -3.62144], [32.82044, -3.66361], [32.87532, -3.67822], [32.90235, -3.70011], [32.95395, -3.70069], [32.96733, -3.70696], [32.94809, -3.745], [33.00026, -3.75997], [33.00067, -3.803], [32.98255, -3.82286], [32.96978, -3.8601], [32.99976, -3.90683], [32.93332, -3.91421], [32.92157, -3.92573], [32.84937, -3.9159], [32.85006, -3.90688], [32.82669, -3.90284], [32.81652, -3.89169], [32.79674, -3.83638], [32.77763, -3.83842], [32.76825, -3.84872], [32.75082, -3.84457], [32.74937, -3.81414], [32.74374, -3.81239], [32.76138, -3.78074], [32.77096, -3.72896], [32.73283, -3.74302], [32.72178, -3.70505], [32.69681, -3.69556], [32.69369, -3.66235], [32.66822, -3.62697], [32.63702, -3.65711], [32.62722, -3.70533], [32.59515, -3.69954], [32.57805, -3.68638], [32.55088, -3.713], [32.51258, -3.71054], [32.49504, -3.7258], [32.48895, -3.70874], [32.47007, -3.69908], [32.44807, -3.7008], [32.43235, -3.70976], [32.39871, -3.71061], [32.4155, -3.65169], [32.39448, -3.5947], [32.36344, -3.61418], [32.31624, -3.62642], [32.31342, -3.59108], [32.30314, -3.57838], [32.30239, -3.56575], [32.33021, -3.51758], [32.32986, -3.46939], [32.32055, -3.44988], [32.32418, -3.43783], [32.30726, -3.40914], [32.31433, -3.36879], [32.3041, -3.33539], [32.30662, -3.3111], [32.34746, -3.32693]]], [[[31.69406, -4.03052], [31.69679, -3.99854], [31.7117, -3.97705], [31.74527, -3.97073], [31.74535, -3.96621], [31.75449, -3.96655], [31.77063, -3.95434], [31.79625, -3.95767], [31.83203, -3.94682], [31.83587, -3.9212], [31.86653, -3.87748], [31.86269, -3.86347], [31.88114, -3.8294], [31.87627, -3.78431], [31.93246, -3.76834], [31.9869, -3.74339], [32.00076, -3.74407], [32.07781, -3.78388], [32.09926, -3.78218], [32.12384, -3.77167], [32.15778, -3.7428], [32.17423, -3.76697], [32.19028, -3.77244], [32.19891, -3.76731], [32.20252, -3.75088], [32.21903, -3.73039], [32.24185, -3.74169], [32.25785, -3.75918], [32.27554, -3.76484], [32.28284, -3.77496], [32.29128, -3.77484], [32.3084, -3.78903], [32.37151, -3.81459], [32.41552, -3.83988], [32.40949, -3.86972], [32.42415, -3.87968], [32.43101, -3.92535], [32.45254, -3.92761], [32.4404, -3.94237], [32.44809, -3.95682], [32.47993, -3.95749], [32.48472, -3.94655], [32.50338, -3.94542], [32.50682, -3.95856], [32.52113, -3.96936], [32.53186, -3.97644], [32.54824, -3.97644], [32.55069, -4.00638], [32.56565, -4.0086], [32.5626, -4.03784], [32.58066, -4.04991], [32.60607, -4.03529], [32.60646, -4.01321], [32.61618, -4.01046], [32.62697, -4.01341], [32.63031, -4.03009], [32.65189, -4.04265], [32.68785, -4.04162], [32.69122, -4.08652], [32.67775, -4.09719], [32.66989, -4.12244], [32.63846, -4.12974], [32.66091, -4.16678], [32.67525, -4.16881], [32.69722, -4.19012], [32.73007, -4.18646], [32.74689, -4.23596], [32.59008, -4.28592], [32.59219, -4.25143], [32.58011, -4.20135], [32.54779, -4.193], [32.53661, -4.17365], [32.50713, -4.18554], [32.50224, -4.19201], [32.50216, -4.21484], [32.48689, -4.22728], [32.44586, -4.21147], [32.407, -4.2111], [32.4197, -4.25111], [32.41935, -4.27364], [32.41556, -4.29588], [32.39995, -4.3243], [32.38358, -4.30916], [32.36579, -4.30515], [32.35399, -4.28458], [32.32544, -4.26908], [32.30809, -4.26786], [32.28579, -4.27502], [32.2278, -4.26634], [32.22274, -4.2603], [32.18513, -4.25972], [32.17808, -4.25281], [32.1458, -4.24414], [32.10201, -4.24502], [32.08111, -4.23592], [32.05586, -4.2133], [32.04031, -4.21119], [32.01022, -4.18631], [32.00006, -4.18632], [31.93919, -4.12436], [31.88241, -4.09974], [31.82776, -4.08902], [31.78448, -4.08792], [31.68295, -4.05312], [31.69406, -4.03052]]]]}}, {"type": "Feature", "properties": {"shapeID": "72390352B16659808480234", "shapeName": "Kahama Township Authority"}, "geometry": {"type": "Polygon", "coordinates": [[[32.36927, -3.71918], [32.3982, -3.71594], [32.39871, -3.71061], [32.43235, -3.70976], [32.46137, -3.698], [32.48895, -3.70874], [32.49504, -3.7258], [32.51258, -3.71054], [32.55088, -3.713], [32.57805, -3.68638], [32.59515, -3.69954], [32.62722, -3.70533], [32.63702, -3.65711], [32.66822, -3.62697], [32.69369, -3.66235], [32.69681, -3.69556], [32.72178, -3.70505], [32.73283, -3.74302], [32.77096, -3.72896], [32.76138, -3.78074], [32.74374, -3.81239], [32.74937, -3.81414], [32.75082, -3.84457], [32.76825, -3.84872], [32.77763, -3.83842], [32.79674, -3.83638], [32.81652, -3.89169], [32.82669, -3.90284], [32.85232, -3.9088], [32.83491, -3.93549], [32.81244, -3.9502], [32.75775, -3.95176], [32.74224, -3.94599], [32.70343, -3.94501], [32.70087, -4.00041], [32.68785, -4.04162], [32.65189, -4.04265], [32.63031, -4.03009], [32.62697, -4.01341], [32.61618, -4.01046], [32.60646, -4.01321], [32.60607, -4.03529], [32.58066, -4.04991], [32.5626, -4.03784], [32.56565, -4.0086], [32.55069, -4.00638], [32.54824, -3.97644], [32.53186, -3.97644], [32.52113, -3.96936], [32.50682, -3.95856], [32.50338, -3.94542], [32.48472, -3.94655], [32.47993, -3.95749], [32.44809, -3.95682], [32.4404, -3.94237], [32.45254, -3.92761], [32.43101, -3.92535], [32.42415, -3.87968], [32.40949, -3.86972], [32.41552, -3.83988], [32.36638, -3.81361], [32.36927, -3.71918]]]}}, {"type": "Feature", "properties": {"shapeID": "72390352B32869277898143", "shapeName": "Kishapu"}, "geometry": {"type": "Polygon", "coordinates": [[[33.15621, -3.40368], [33.19555, -3.40105], [33.21671, -3.39026], [33.28764, -3.39724], [33.29946, -3.3842], [33.3257, -3.32732], [33.34285, -3.31182], [33.36987, -3.30635], [33.41302, -3.31163], [33.42307, -3.30156], [33.44766, -3.30817], [33.48014, -3.29229], [33.53715, -3.28346], [33.5575, -3.28627], [33.57248, -3.31471], [33.60618, -3.35021], [33.60944, -3.36799], [33.66096, -3.40879], [33.67391, -3.45453], [33.71516, -3.47256], [33.72476, -3.5326], [33.75828, -3.55759], [33.76316, -3.5554], [33.76586, -3.56431], [33.77332, -3.56655], [33.77248, -3.55815], [33.78349, -3.55458], [33.792, -3.536], [33.81103, -3.5219], [33.8265, -3.49207], [33.83259, -3.5042], [33.85478, -3.50939], [33.88384, -3.50487], [33.90293, -3.49167], [33.92495, -3.52332], [33.96387, -3.539], [33.97888, -3.55629], [33.98204, -3.57084], [34.00805, -3.58895], [34.00666, -3.59977], [34.06014, -3.59962], [34.06887, -3.60422], [34.05834, -3.61938], [34.05854, -3.6405], [34.07132, -3.64625], [34.08124, -3.66235], [34.0769, -3.66346], [34.07961, -3.68021], [34.07444, -3.68632], [34.09278, -3.71629], [34.08043, -3.74154], [34.09012, -3.75152], [34.10414, -3.78632], [34.16953, -3.844], [34.17237, -3.8609], [34.19886, -3.89155], [34.21685, -3.94602], [34.23358, -3.96946], [34.22378, -3.98525], [34.20946, -3.99257], [34.20135, -4.07321], [34.16607, -4.07471], [34.13246, -4.05228], [34.12024, -4.05126], [34.09119, -4.02438], [34.04291, -4.03879], [34.0149, -4.02548], [33.98632, -4.02074], [33.9504, -3.99661], [33.94671, -3.9767], [33.93823, -3.97634], [33.93594, -3.96609], [33.92646, -3.95833], [33.92347, -3.96271], [33.90483, -3.95702], [33.89696, -3.96176], [33.88344, -3.95181], [33.8772, -3.95705], [33.86042, -3.94879], [33.84431, -3.95179], [33.84094, -3.95901], [33.82942, -3.95395], [33.82883, -3.94854], [33.82196, -3.95304], [33.8174, -3.94747], [33.80962, -3.95139], [33.80183, -3.9479], [33.79877, -3.9534], [33.78219, -3.93594], [33.77838, -3.94011], [33.75501, -3.92748], [33.72414, -3.94341], [33.67903, -3.93754], [33.64716, -3.91954], [33.66115, -3.89709], [33.63672, -3.8838], [33.61781, -3.87963], [33.61782, -3.88486], [33.60636, -3.87755], [33.58459, -3.87855], [33.57332, -3.88605], [33.56021, -3.88291], [33.55033, -3.89585], [33.52574, -3.89521], [33.49327, -3.8602], [33.49038, -3.77281], [33.4709, -3.75841], [33.47452, -3.75023], [33.46615, -3.71577], [33.46846, -3.70939], [33.51388, -3.68575], [33.55225, -3.68526], [33.56426, -3.6743], [33.56729, -3.66163], [33.58578, -3.66009], [33.58571, -3.64821], [33.56328, -3.57709], [33.54578, -3.56994], [33.53234, -3.54951], [33.52655, -3.55767], [33.50965, -3.55636], [33.49287, -3.5429], [33.51442, -3.51908], [33.5164, -3.49812], [33.44203, -3.49411], [33.40445, -3.47532], [33.34935, -3.46855], [33.19363, -3.46952], [33.16456, -3.45076], [33.15289, -3.4209], [33.15621, -3.40368]]]}}, {"type": "Feature", "properties": {"shapeID": "72390352B3732768371218", "shapeName": "Shinyanga"}, "geometry": {"type": "Polygon", "coordinates": [[[32.69841, -3.39106], [32.68985, -3.36671], [32.68265, -3.36126], [32.68465, -3.32333], [32.73865, -3.30951], [32.75498, -3.27118], [32.77497, -3.24967], [32.80406, -3.24853], [32.83831, -3.23778], [32.84202, -3.22984], [32.8483, -3.23404], [32.85537, -3.26251], [32.88448, -3.26843], [32.90469, -3.29962], [32.91566, -3.30106], [32.91739, -3.33231], [32.9596, -3.33871], [32.97487, -3.34916], [32.98124, -3.3643], [32.99248, -3.3643], [33.01595, -3.38936], [33.02832, -3.38641], [33.06143, -3.3922], [33.09942, -3.43264], [33.1304, -3.43541], [33.15289, -3.4209], [33.16456, -3.45076], [33.19363, -3.46952], [33.34935, -3.46855], [33.40445, -3.47532], [33.42755, -3.49001], [33.42377, -3.51875], [33.41518, -3.52244], [33.40154, -3.51643], [33.40052, -3.54392], [33.36878, -3.53387], [33.36218, -3.53917], [33.36146, -3.54819], [33.34123, -3.57673], [33.33372, -3.65477], [33.31166, -3.70583], [33.33266, -3.71619], [33.37304, -3.7121], [33.38368, -3.74513], [33.4777, -3.75971], [33.49038, -3.77281], [33.49327, -3.8602], [33.51403, -3.8879], [33.53149, -3.89425], [33.51813, -3.9057], [33.4948, -3.90814], [33.46142, -3.90081], [33.45132, -3.91112], [33.44271, -3.91187], [33.4183, -3.89652], [33.41409, -3.88769], [33.40557, -3.88974], [33.40218, -3.88492], [33.39335, -3.89231], [33.37066, -3.89057], [33.35968, -3.89724], [33.35403, -3.89313], [33.34327, -3.90093], [33.33132, -3.89908], [33.29324, -3.91374], [33.27647, -3.9118], [33.24883, -3.93246], [33.22423, -3.93357], [33.21678, -3.95677], [33.20349, -3.95615], [33.19631, -3.94863], [33.17007, -3.96272], [33.13164, -3.95746], [33.10153, -3.96531], [33.06829, -3.96274], [33.02786, -3.93726], [33.02199, -3.91544], [33.0127, -3.90621], [32.99976, -3.90683], [32.96978, -3.8601], [32.98255, -3.82286], [33.00067, -3.803], [33.00026, -3.75997], [32.94809, -3.745], [32.96733, -3.70696], [32.95395, -3.70069], [32.90235, -3.70011], [32.87532, -3.67822], [32.82044, -3.66361], [32.82206, -3.62144], [32.83579, -3.58779], [32.84265, -3.5363], [32.837, -3.5359], [32.82753, -3.50761], [32.8264, -3.4697], [32.80758, -3.45327], [32.80225, -3.43279], [32.78214, -3.43402], [32.76948, -3.41126], [32.71703, -3.45903], [32.69654, -3.45716], [32.69841, -3.39106]]]}}, {"type": "Feature", "properties": {"shapeID": "72390352B93356288072561", "shapeName": "Shinyanga Urban"}, "geometry": {"type": "Polygon", "coordinates": [[[33.5164, -3.49812], [33.51442, -3.51908], [33.49287, -3.5429], [33.50965, -3.55636], [33.52655, -3.55767], [33.53234, -3.54951], [33.54578, -3.56994], [33.56328, -3.57709], [33.58571, -3.64821], [33.58578, -3.66009], [33.56729, -3.66163], [33.56426, -3.6743], [33.55225, -3.68526], [33.51388, -3.68575], [33.46846, -3.70939], [33.46708, -3.73302], [33.47452, -3.75023], [33.4709, -3.75841], [33.43521, -3.75673], [33.42273, -3.74887], [33.38368, -3.74513], [33.37304, -3.7121], [33.33266, -3.71619], [33.31166, -3.70583], [33.33372, -3.65477], [33.34123, -3.57673], [33.36517, -3.53481], [33.40228, -3.5433], [33.40154, -3.51643], [33.41518, -3.52244], [33.42377, -3.51875], [33.42755, -3.49001], [33.5164, -3.49812]]]}}, {"type": "Feature", "properties": {"shapeID": "72390352B92057106188413", "shapeName": "Bariadi"}, "geometry": {"type": "Polygon", "coordinates": [[[35.22344, -2.49686], [35.19467, -2.67154], [34.34251, -2.67296], [34.27312, -2.68454], [34.24482, -2.69984], [34.23449, -2.69935], [34.22589, -2.70955], [34.20075, -2.71256], [34.18477, -2.70099], [34.1503, -2.70441], [34.1354, -2.72226], [34.13382, -2.73922], [34.11223, -2.74391], [34.09387, -2.77183], [34.08306, -2.77608], [34.09906, -2.78471], [34.10016, -2.8071], [34.10842, -2.81651], [34.08722, -2.83293], [34.08981, -2.85382], [34.07742, -2.84982], [34.07766, -2.90173], [34.08451, -2.91617], [34.10609, -2.93273], [34.12334, -2.96665], [34.11729, -2.99514], [34.08556, -2.98302], [34.05507, -2.93879], [34.03844, -2.93569], [34.0294, -2.92004], [33.99433, -2.90791], [33.95636, -2.8746], [33.93592, -2.86753], [33.93133, -2.85117], [33.91995, -2.86488], [33.89369, -2.86488], [33.88221, -2.84977], [33.86345, -2.85144], [33.8552, -2.83677], [33.84101, -2.82713], [33.81893, -2.83818], [33.79289, -2.8293], [33.78936, -2.7975], [33.78107, -2.78611], [33.78156, -2.75838], [33.78649, -2.75089], [33.77258, -2.71287], [33.74923, -2.70441], [33.73577, -2.68704], [33.7039, -2.684], [33.69464, -2.67399], [33.66805, -2.66387], [33.64667, -2.64245], [33.63002, -2.64006], [33.6229, -2.61119], [33.63317, -2.54539], [33.64545, -2.52934], [33.65266, -2.52536], [33.65342, -2.52977], [33.66237, -2.52025], [33.67699, -2.52033], [33.70486, -2.5343], [33.7257, -2.53754], [33.76922, -2.5563], [33.78036, -2.56772], [33.81207, -2.55398], [33.82857, -2.55774], [33.84568, -2.5519], [33.86137, -2.55889], [33.86768, -2.5704], [33.89458, -2.57265], [33.89355, -2.52158], [33.92293, -2.46482], [33.90906, -2.38725], [33.96065, -2.30012], [33.98394, -2.28213], [33.98953, -2.25335], [34.01031, -2.22012], [34.02566, -2.20609], [34.03758, -2.21427], [34.04652, -2.21264], [34.06207, -2.23725], [34.09076, -2.26074], [34.10105, -2.25824], [34.11065, -2.26614], [34.12724, -2.26794], [34.15053, -2.25474], [34.16362, -2.25454], [34.17542, -2.26374], [34.17772, -2.27683], [34.18781, -2.27763], [34.19961, -2.29153], [34.22794, -2.30658], [34.24259, -2.30345], [34.25411, -2.31002], [34.27684, -2.30227], [34.29687, -2.31099], [34.2945, -2.32166], [34.32525, -2.36532], [34.34779, -2.3761], [34.35564, -2.37413], [34.36032, -2.38824], [34.37338, -2.38696], [34.38524, -2.39752], [34.39927, -2.39799], [34.41848, -2.43058], [34.45138, -2.44488], [34.45332, -2.45403], [34.48924, -2.48532], [34.48813, -2.48942], [34.52508, -2.48525], [34.5655, -2.49048], [34.60801, -2.48391], [34.65568, -2.49104], [34.74283, -2.47813], [34.76638, -2.48012], [34.77509, -2.48684], [34.98969, -2.48563], [35.07761, -2.49752], [35.22344, -2.49686]]]}}, {"type": "Feature", "properties": {"shapeID": "72390352B70559618037175", "shapeName": "Busega"}, "geometry": {"type": "Polygon", "coordinates": [[[33.84419, -2.19059], [33.84694, -2.19747], [33.85496, -2.19745], [33.90659, -2.17863], [33.9434, -2.19109], [33.98904, -2.18187], [34.02566, -2.20609], [34.01031, -2.22012], [33.98953, -2.25335], [33.98394, -2.28213], [33.96065, -2.30012], [33.90906, -2.38725], [33.92293, -2.46482], [33.89355, -2.52158], [33.89458, -2.57265], [33.86768, -2.5704], [33.86137, -2.55889], [33.84568, -2.5519], [33.82857, -2.55774], [33.81207, -2.55398], [33.78036, -2.56772], [33.76922, -2.5563], [33.67004, -2.5192], [33.64545, -2.52934], [33.63073, -2.55458], [33.6146, -2.55828], [33.61331, -2.56325], [33.60704, -2.55877], [33.60434, -2.56417], [33.58537, -2.56675], [33.5766, -2.52488], [33.56479, -2.50516], [33.58797, -2.46228], [33.57833, -2.46796], [33.54657, -2.46585], [33.53598, -2.46266], [33.52586, -2.45012], [33.51805, -2.45184], [33.49619, -2.44043], [33.51093, -2.44062], [33.52974, -2.42679], [33.53117, -2.43335], [33.53809, -2.43292], [33.53973, -2.42051], [33.57066, -2.41828], [33.57491, -2.40737], [33.57183, -2.39779], [33.55247, -2.38673], [33.54966, -2.37946], [33.58252, -2.34829], [33.60675, -2.34572], [33.63659, -2.32799], [33.66131, -2.29746], [33.66967, -2.30652], [33.67924, -2.30663], [33.71445, -2.27472], [33.72344, -2.28596], [33.73188, -2.28575], [33.77671, -2.2614], [33.80549, -2.26266], [33.83271, -2.24489], [33.841, -2.23415], [33.843, -2.20796], [33.83254, -2.19625], [33.84419, -2.19059]]]}}, {"type": "Feature", "properties": {"shapeID": "72390352B56378812232391", "shapeName": "Itilima"}, "geometry": {"type": "Polygon", "coordinates": [[[35.13587, -2.90815], [35.0644, -2.94542], [35.04965, -2.9605], [35.00463, -2.9758], [35.01151, -2.9993], [34.98692, -3.00006], [34.98714, -2.98837], [34.88168, -2.90422], [34.88136, -2.94517], [34.79352, -2.94853], [34.69444, -2.92881], [34.65183, -2.93544], [34.61902, -2.94917], [34.59467, -2.948], [34.58379, -2.95541], [34.56493, -2.95006], [34.54629, -2.97599], [34.51393, -2.96574], [34.50397, -2.96981], [34.49868, -2.96461], [34.48732, -2.96914], [34.47937, -2.96463], [34.4682, -2.97397], [34.4485, -2.96889], [34.42592, -2.97875], [34.42156, -2.9737], [34.41075, -2.98336], [34.37636, -2.99445], [34.33964, -2.98785], [34.30897, -2.99505], [34.26866, -2.99004], [34.20013, -3.00469], [34.16042, -2.98192], [34.16038, -2.98778], [34.13586, -3.00231], [34.1168, -3.02874], [34.09666, -3.03926], [34.09155, -3.05563], [34.08659, -3.05283], [34.06434, -3.06255], [34.02998, -3.09624], [34.00066, -3.08936], [33.99609, -3.09411], [34.00242, -3.10006], [33.99636, -3.10415], [33.97484, -3.09816], [33.94987, -3.10005], [33.92947, -3.08949], [33.91817, -3.09459], [33.8975, -3.08311], [33.89012, -3.08621], [33.86957, -3.07106], [33.84492, -3.06614], [33.82476, -3.05017], [33.818, -3.05374], [33.79905, -3.04131], [33.80179, -3.03364], [33.78725, -3.02511], [33.78753, -3.01542], [33.74934, -3.00527], [33.73124, -2.99461], [33.72916, -2.98501], [33.71578, -2.9821], [33.70416, -2.96591], [33.70093, -2.94616], [33.69622, -2.94584], [33.69894, -2.93273], [33.68533, -2.91728], [33.67864, -2.91751], [33.67001, -2.90265], [33.66974, -2.88982], [33.65713, -2.88272], [33.65289, -2.8758], [33.65751, -2.86952], [33.65114, -2.86486], [33.65326, -2.84368], [33.66007, -2.8364], [33.68305, -2.83356], [33.72663, -2.81237], [33.74521, -2.83144], [33.76121, -2.83041], [33.78861, -2.81226], [33.79289, -2.8293], [33.81893, -2.83818], [33.84101, -2.82713], [33.8552, -2.83677], [33.86345, -2.85144], [33.88221, -2.84977], [33.89369, -2.86488], [33.91995, -2.86488], [33.93133, -2.85117], [33.93592, -2.86753], [33.95636, -2.8746], [33.99433, -2.90791], [34.0294, -2.92004], [34.03844, -2.93569], [34.05507, -2.93879], [34.08556, -2.98302], [34.11729, -2.99514], [34.12334, -2.96665], [34.10609, -2.93273], [34.08451, -2.91617], [34.07766, -2.90173], [34.07742, -2.84982], [34.08981, -2.85382], [34.08722, -2.83293], [34.10842, -2.81651], [34.10016, -2.8071], [34.09906, -2.78471], [34.08306, -2.77608], [34.09387, -2.77183], [34.11223, -2.74391], [34.13382, -2.73922], [34.1354, -2.72226], [34.1503, -2.70441], [34.18477, -2.70099], [34.20075, -2.71256], [34.22589, -2.70955], [34.23449, -2.69935], [34.24482, -2.69984], [34.27312, -2.68454], [34.34251, -2.67296], [35.19467, -2.67154], [35.13587, -2.90815]]]}}, {"type": "Feature", "properties": {"shapeID": "72390352B27931879401730", "shapeName": "Maswa"}, "geometry": {"type": "Polygon", "coordinates": [[[33.44331, -3.27316], [33.43575, -3.22567], [33.43871, -3.20617], [33.44724, -3.19502], [33.46934, -3.18819], [33.48246, -3.16128], [33.4818, -3.12913], [33.49023, -3.09063], [33.48126, -3.074], [33.48454, -3.04349], [33.49471, -3.0459], [33.49456, -3.02184], [33.52085, -3.00102], [33.52358, -2.99145], [33.51403, -2.92395], [33.50041, -2.92035], [33.50103, -2.88985], [33.54603, -2.85742], [33.54936, -2.834], [33.57576, -2.84065], [33.57612, -2.82408], [33.61416, -2.81439], [33.61543, -2.79965], [33.63697, -2.81076], [33.64307, -2.82255], [33.65648, -2.82302], [33.66007, -2.8364], [33.65326, -2.84368], [33.65114, -2.86486], [33.65779, -2.87104], [33.65289, -2.8758], [33.66438, -2.89088], [33.66974, -2.88982], [33.67001, -2.90265], [33.67864, -2.91751], [33.68533, -2.91728], [33.69894, -2.93273], [33.69622, -2.94584], [33.70093, -2.94616], [33.70416, -2.96591], [33.71578, -2.9821], [33.72916, -2.98501], [33.73124, -2.99461], [33.74934, -3.00527], [33.78753, -3.01542], [33.78725, -3.02511], [33.80179, -3.03364], [33.79905, -3.04131], [33.818, -3.05374], [33.82476, -3.05017], [33.84492, -3.06614], [33.86957, -3.07106], [33.89012, -3.08621], [33.8975, -3.08311], [33.91644, -3.09431], [33.92947, -3.08949], [33.94987, -3.10005], [33.97484, -3.09816], [33.99636, -3.10415], [34.00242, -3.10006], [33.99609, -3.09411], [34.00066, -3.08936], [34.02998, -3.09624], [34.06434, -3.06255], [34.08659, -3.05283], [34.09155, -3.05563], [34.09282, -3.04395], [34.106, -3.0355], [34.11125, -3.06228], [34.1291, -3.0756], [34.14979, -3.11743], [34.09878, -3.17614], [34.0703, -3.2276], [34.04912, -3.23974], [34.04603, -3.24928], [34.05647, -3.27434], [34.08559, -3.2945], [34.08851, -3.31256], [34.10565, -3.32183], [34.12238, -3.34812], [34.118, -3.35682], [34.12129, -3.39162], [34.11518, -3.39479], [34.10269, -3.42703], [34.086, -3.44642], [34.06831, -3.45304], [34.06472, -3.46234], [34.07593, -3.48865], [34.06643, -3.51812], [34.0782, -3.52419], [34.08307, -3.54049], [34.07903, -3.55036], [34.06693, -3.55439], [34.06431, -3.56456], [34.0628, -3.58958], [34.06887, -3.60422], [34.06014, -3.59962], [34.00666, -3.59977], [34.00805, -3.58895], [33.98204, -3.57084], [33.97888, -3.55629], [33.96387, -3.539], [33.92495, -3.52332], [33.90293, -3.49167], [33.88384, -3.50487], [33.85478, -3.50939], [33.83259, -3.5042], [33.8265, -3.49207], [33.81103, -3.5219], [33.792, -3.536], [33.78349, -3.55458], [33.77248, -3.55815], [33.77332, -3.56655], [33.76586, -3.56431], [33.76316, -3.5554], [33.75828, -3.55759], [33.72476, -3.5326], [33.71516, -3.47256], [33.67391, -3.45453], [33.66693, -3.41717], [33.64067, -3.38882], [33.60944, -3.36799], [33.60618, -3.35021], [33.57248, -3.31471], [33.5575, -3.28627], [33.52206, -3.28305], [33.48014, -3.29229], [33.44766, -3.30817], [33.42307, -3.30156], [33.44331, -3.27316]]]}}, {"type": "Feature", "properties": {"shapeID": "72390352B64411652351957", "shapeName": "Meatu"}, "geometry": {"type": "Polygon", "coordinates": [[[34.75919, -3.80695], [34.74392, -3.80078], [34.71129, -3.81797], [34.70909, -3.83649], [34.71658, -3.83869], [34.71305, -3.8453], [34.69586, -3.84839], [34.69674, -3.85412], [34.67867, -3.86867], [34.66352, -3.86742], [34.64696, -3.85764], [34.63281, -3.89953], [34.60171, -3.923], [34.58557, -3.92381], [34.57144, -3.91049], [34.55287, -3.91089], [34.52018, -3.91977], [34.5196, -3.92917], [34.51117, -3.93359], [34.48197, -3.9306], [34.45447, -3.94644], [34.44951, -3.94328], [34.43367, -3.95059], [34.424, -3.96556], [34.40526, -3.97402], [34.38576, -3.99568], [34.38971, -4.03962], [34.35162, -4.05378], [34.31949, -4.08091], [34.27642, -4.0841], [34.20139, -4.07717], [34.20946, -3.99257], [34.22378, -3.98525], [34.232, -3.96414], [34.21685, -3.94602], [34.19886, -3.89155], [34.17237, -3.8609], [34.16953, -3.844], [34.15883, -3.83102], [34.14301, -3.82474], [34.0996, -3.77859], [34.09903, -3.76854], [34.08043, -3.74154], [34.09278, -3.71629], [34.07444, -3.68632], [34.07961, -3.68021], [34.0769, -3.66346], [34.08124, -3.66235], [34.07132, -3.64625], [34.05854, -3.6405], [34.05834, -3.61938], [34.07057, -3.6012], [34.0628, -3.58958], [34.06431, -3.56456], [34.06693, -3.55439], [34.07903, -3.55036], [34.08307, -3.54049], [34.0782, -3.52419], [34.06643, -3.51812], [34.07593, -3.48865], [34.06472, -3.46234], [34.06831, -3.45304], [34.086, -3.44642], [34.10269, -3.42703], [34.11518, -3.39479], [34.12129, -3.39162], [34.118, -3.35682], [34.12238, -3.34812], [34.10565, -3.32183], [34.08851, -3.31256], [34.08559, -3.2945], [34.05647, -3.27434], [34.04603, -3.24928], [34.04912, -3.23974], [34.0703, -3.2276], [34.09878, -3.17614], [34.14979, -3.11743], [34.1291, -3.0756], [34.11125, -3.06228], [34.106, -3.0355], [34.12897, -3.01621], [34.13586, -3.00231], [34.16038, -2.98778], [34.15784, -2.98286], [34.16549, -2.98187], [34.20013, -3.00469], [34.26866, -2.99004], [34.30897, -2.99505], [34.33964, -2.98785], [34.37636, -2.99445], [34.41075, -2.98336], [34.42156, -2.9737], [34.42592, -2.97875], [34.4485, -2.96889], [34.4682, -2.97397], [34.47937, -2.96463], [34.48732, -2.96914], [34.49868, -2.96461], [34.50397, -2.96981], [34.51393, -2.96574], [34.54629, -2.97599], [34.56493, -2.95006], [34.58379, -2.95541], [34.59467, -2.948], [34.61902, -2.94917], [34.65183, -2.93544], [34.69444, -2.92881], [34.79352, -2.94853], [34.88136, -2.94517], [34.891, -3.6218], [34.86696, -3.62972], [34.83224, -3.61559], [34.82608, -3.62368], [34.82088, -3.6575], [34.81539, -3.65648], [34.80565, -3.66635], [34.79855, -3.6811], [34.78059, -3.68097], [34.77655, -3.69527], [34.76184, -3.70059], [34.75566, -3.71369], [34.75898, -3.72362], [34.73948, -3.74242], [34.75163, -3.75469], [34.74775, -3.7654], [34.7469, -3.76031], [34.74099, -3.7634], [34.74575, -3.77007], [34.74934, -3.76699], [34.75022, -3.77505], [34.76312, -3.77325], [34.76482, -3.76395], [34.78102, -3.74965], [34.80502, -3.73845], [34.81382, -3.73705], [34.82072, -3.74755], [34.82882, -3.74945], [34.84503, -3.73242], [34.84435, -3.74088], [34.83386, -3.75069], [34.81187, -3.75881], [34.79225, -3.77607], [34.78717, -3.79432], [34.75919, -3.80695]]]}}, {"type": "Feature", "properties": {"shapeID": "72390352B5494870713744", "shapeName": "Ikungi"}, "geometry": {"type": "Polygon", "coordinates": [[[35.16772, -5.03651], [35.14407, -5.0616], [35.11663, -5.10555], [35.06539, -5.13162], [35.0681, -5.15409], [35.0929, -5.1755], [35.08955, -5.19215], [35.09551, -5.23401], [35.08837, -5.25314], [35.09525, -5.29426], [35.09, -5.30162], [35.04023, -5.32045], [34.98807, -5.37455], [34.95134, -5.3948], [34.87791, -5.52961], [34.87139, -5.53957], [34.84929, -5.54384], [34.82359, -5.59353], [34.81587, -5.59848], [34.76708, -5.59827], [34.71187, -5.62859], [34.67222, -5.62572], [34.66234, -5.5887], [34.61985, -5.57159], [34.59455, -5.55096], [34.54243, -5.53159], [34.51064, -5.52501], [34.45531, -5.53089], [34.38402, -5.52471], [34.32489, -5.52678], [34.30335, -5.47578], [34.26307, -5.43678], [34.26265, -5.4266], [34.24104, -5.40208], [34.23839, -5.38944], [34.21023, -5.35973], [34.20851, -5.34211], [34.18608, -5.32787], [34.18239, -5.30681], [34.1714, -5.29816], [34.18201, -5.2772], [34.18549, -5.23362], [34.16779, -5.20754], [34.11623, -5.19136], [34.06225, -5.19385], [34.02832, -5.20651], [34.00313, -5.20368], [33.95331, -5.17139], [33.93537, -5.17076], [33.92448, -5.14347], [33.92687, -4.98034], [33.91347, -4.91666], [33.9196, -4.87801], [33.91596, -4.84557], [33.92886, -4.81013], [33.93009, -4.76219], [33.93779, -4.7489], [33.92943, -4.72329], [34.05566, -4.68668], [34.07674, -4.71635], [34.1102, -4.71707], [34.12438, -4.73081], [34.18379, -4.73203], [34.20309, -4.74403], [34.20442, -4.75233], [34.23452, -4.74092], [34.23937, -4.73428], [34.25708, -4.73123], [34.26252, -4.74191], [34.29561, -4.7437], [34.2905, -4.7716], [34.30754, -4.81344], [34.35246, -4.83507], [34.37639, -4.84004], [34.44721, -4.83949], [34.47433, -4.82317], [34.49806, -4.75912], [34.5118, -4.74932], [34.52928, -4.70264], [34.54552, -4.68195], [34.55063, -4.6619], [34.56455, -4.64684], [34.57327, -4.62343], [34.59893, -4.61884], [34.62731, -4.64465], [34.62696, -4.65283], [34.63736, -4.66703], [34.64297, -4.70293], [34.62523, -4.82928], [34.59833, -4.84026], [34.59104, -4.85906], [34.54976, -4.90593], [34.58877, -4.95072], [34.59324, -4.96516], [34.67001, -4.96286], [34.68921, -4.90186], [34.73848, -4.94014], [34.82848, -4.932], [34.83244, -4.92534], [34.85973, -4.91739], [34.85773, -4.88032], [34.8629, -4.85476], [34.90145, -4.84969], [34.91415, -4.85253], [34.92654, -4.86361], [34.92825, -4.91209], [34.99388, -4.92152], [35.09378, -4.92033], [35.1114, -4.97788], [35.14701, -4.98188], [35.1856, -5.03977], [35.16772, -5.03651]]]}}, {"type": "Feature", "properties": {"shapeID": "72390352B66961871173396", "shapeName": "Iramba"}, "geometry": {"type": "Polygon", "coordinates": [[[34.20135, -4.07321], [34.20464, -4.07825], [34.27642, -4.0841], [34.31949, -4.08091], [34.35162, -4.05378], [34.38971, -4.03962], [34.38576, -3.99568], [34.40526, -3.97402], [34.424, -3.96556], [34.43367, -3.95059], [34.44951, -3.94328], [34.45447, -3.94644], [34.48197, -3.9306], [34.51117, -3.93359], [34.50445, -4.03597], [34.5185, -4.06576], [34.50897, -4.12663], [34.5189, -4.17551], [34.5161, -4.23414], [34.52957, -4.29891], [34.53393, -4.3749], [34.54396, -4.39613], [34.53777, -4.44349], [34.55727, -4.5016], [34.55013, -4.52453], [34.54274, -4.53331], [34.52582, -4.52973], [34.51083, -4.55987], [34.55087, -4.61751], [34.57327, -4.62343], [34.56455, -4.64684], [34.55063, -4.6619], [34.54552, -4.68195], [34.52928, -4.70264], [34.5118, -4.74932], [34.49806, -4.75912], [34.47433, -4.82317], [34.44721, -4.83949], [34.37639, -4.84004], [34.35246, -4.83507], [34.30754, -4.81344], [34.2905, -4.7716], [34.29561, -4.7437], [34.26252, -4.74191], [34.25708, -4.73123], [34.23937, -4.73428], [34.23452, -4.74092], [34.20442, -4.75233], [34.20309, -4.74403], [34.18379, -4.73203], [34.12438, -4.73081], [34.1102, -4.71707], [34.07674, -4.71635], [34.05566, -4.68668], [33.9559, -4.71926], [33.93042, -4.7207], [33.92269, -4.7102], [33.92072, -4.63627], [33.91354, -4.60915], [33.91774, -4.59292], [33.93189, -4.57606], [33.9407, -4.51084], [33.97619, -4.45058], [34.00087, -4.43198], [34.02543, -4.42214], [34.05487, -4.39174], [34.0782, -4.33406], [34.08165, -4.29434], [34.09552, -4.24266], [34.10468, -4.14684], [34.13738, -4.095], [34.17373, -4.07707], [34.20135, -4.07321]]]}}, {"type": "Feature", "properties": {"shapeID": "72390352B73180368039512", "shapeName": "Manyoni"}, "geometry": {"type": "Polygon", "coordinates": [[[35.33479, -5.71517], [35.31584, -5.7274], [35.31196, -5.73684], [35.30229, -5.73407], [35.29209, -5.73967], [35.29168, -5.75058], [35.27868, -5.7587], [35.2784, -5.77191], [35.27028, -5.77753], [35.26265, -5.80155], [35.25852, -5.83907], [35.24067, -5.86455], [35.22431, -5.93908], [35.211, -5.96053], [35.2048, -6.10817], [35.16725, -6.18336], [35.16431, -6.21096], [35.17444, -6.24262], [35.20086, -6.25653], [35.21799, -6.34433], [35.24395, -6.38323], [35.24317, -6.43328], [35.23392, -6.44489], [35.20116, -6.46238], [35.22836, -6.52082], [35.20466, -6.55921], [35.1984, -6.58393], [35.20012, -6.61901], [35.18391, -6.65582], [35.20016, -6.72238], [35.12797, -6.73292], [35.09438, -6.74373], [35.05296, -6.71462], [35.07247, -6.7673], [35.08279, -6.92395], [35.0198, -6.90221], [34.99546, -6.89784], [34.96734, -6.90333], [34.94946, -6.88803], [34.92351, -6.887], [34.89475, -6.9159], [34.87434, -6.91751], [34.85593, -6.93643], [34.8402, -6.93932], [34.81886, -6.9598], [34.80751, -6.95998], [34.78208, -6.97641], [34.75625, -7.00696], [34.7255, -7.02231], [34.72206, -7.03298], [34.69056, -7.04233], [34.67545, -7.05405], [34.66691, -7.07397], [34.65855, -7.07922], [34.6605, -7.0857], [34.64804, -7.11068], [34.63593, -7.12869], [34.62627, -7.13019], [34.61937, -7.14636], [34.61396, -7.14428], [34.61059, -7.16277], [34.59274, -7.17701], [34.5939, -7.1829], [34.56685, -7.19791], [34.56148, -7.20877], [34.54304, -7.21359], [34.53689, -7.20976], [34.53372, -7.21975], [34.50587, -7.23361], [34.50048, -7.25183], [34.48949, -7.25136], [34.48233, -7.26131], [34.48123, -7.27527], [34.4497, -7.28301], [34.4356, -7.30021], [34.4324, -7.31627], [34.42505, -7.31126], [34.40976, -7.31314], [34.37796, -7.32376], [34.36342, -7.31845], [34.34284, -7.33018], [34.31321, -7.33539], [34.30737, -7.32749], [34.30152, -7.33204], [34.29747, -7.32597], [34.27395, -7.3344], [34.24632, -7.32642], [34.21289, -7.34921], [34.1938, -7.37077], [34.02282, -7.41124], [34.00499, -7.43485], [34.00503, -7.45178], [34.0154, -7.47396], [33.97792, -7.53056], [33.93643, -7.53477], [33.91463, -7.52521], [33.87956, -7.53054], [33.80113, -7.52406], [33.79626, -7.51677], [33.79817, -7.5021], [33.81789, -7.45393], [33.81402, -7.40656], [33.80159, -7.37929], [33.78513, -7.29699], [33.80736, -7.14478], [33.80447, -7.12833], [33.79044, -7.11667], [33.73765, -7.1073], [33.71674, -7.08609], [33.69538, -7.08129], [33.67532, -7.04319], [33.67011, -7.04609], [33.64147, -7.02132], [33.62301, -7.01951], [33.57399, -6.99292], [33.54834, -6.95501], [33.51422, -6.9572], [33.48655, -6.94316], [33.51623, -6.90404], [33.52743, -6.87374], [33.52123, -6.68884], [33.54823, -6.60594], [33.59273, -6.55464], [33.64093, -6.53974], [33.67653, -6.51094], [33.69913, -6.46564], [33.74317, -6.4392], [33.75643, -6.42214], [33.78143, -6.41534], [33.78623, -6.39124], [33.79886, -6.37982], [33.83378, -6.37435], [33.87439, -6.34854], [33.88433, -6.32494], [33.90303, -6.30173], [33.90096, -6.29252], [33.92474, -6.21206], [33.92813, -6.17666], [33.97599, -6.07965], [33.95036, -6.07879], [33.97801, -6.05303], [33.99428, -6.02538], [34.01208, -5.97535], [34.01401, -5.93728], [34.02299, -5.91556], [34.03081, -5.90805], [34.08718, -5.88736], [34.10672, -5.86361], [34.10787, -5.8131], [34.06314, -5.76294], [34.04714, -5.72282], [34.00574, -5.70686], [34.01787, -5.68023], [34.07074, -5.64832], [34.12125, -5.57741], [34.15473, -5.49744], [34.16055, -5.47106], [34.1795, -5.43973], [34.19258, -5.42792], [34.24204, -5.40344], [34.26265, -5.4266], [34.26307, -5.43678], [34.30335, -5.47578], [34.32489, -5.52678], [34.38402, -5.52471], [34.45531, -5.53089], [34.51064, -5.52501], [34.54243, -5.53159], [34.59455, -5.55096], [34.61985, -5.57159], [34.66234, -5.5887], [34.67222, -5.62572], [34.71187, -5.62859], [34.76708, -5.59827], [34.81587, -5.59848], [34.82359, -5.59353], [34.84929, -5.54384], [34.87139, -5.53957], [34.87791, -5.52961], [34.95134, -5.3948], [34.98807, -5.37455], [35.04023, -5.32045], [35.09, -5.30162], [35.09525, -5.29426], [35.09241, -5.27708], [35.10986, -5.29959], [35.10733, -5.30722], [35.11464, -5.32764], [35.12703, -5.34129], [35.12411, -5.37327], [35.13682, -5.39744], [35.13766, -5.411], [35.14797, -5.41416], [35.15553, -5.42838], [35.15237, -5.43286], [35.18667, -5.45748], [35.19763, -5.47875], [35.19913, -5.50738], [35.21154, -5.52392], [35.24102, -5.5395], [35.25131, -5.55728], [35.24843, -5.57683], [35.25281, -5.58414], [35.2695, -5.60286], [35.29157, -5.60829], [35.3371, -5.65652], [35.35638, -5.66979], [35.3496, -5.67016], [35.33479, -5.71517]]]}}, {"type": "Feature", "properties": {"shapeID": "72390352B53166842903656", "shapeName": "Mkalama"}, "geometry": {"type": "Polygon", "coordinates": [[[34.75141, -3.90306], [34.7545, -3.91496], [34.76728, -3.92731], [34.76856, -3.93971], [34.81069, -3.944], [34.83965, -3.93215], [34.86707, -3.90284], [34.8912, -3.90639], [34.91134, -3.9686], [34.93611, -3.9923], [34.99025, -3.98838], [34.96593, -4.09004], [34.97046, -4.13197], [34.96418, -4.15761], [34.96983, -4.17157], [34.96998, -4.20573], [34.95808, -4.23532], [34.93389, -4.25025], [34.92758, -4.26445], [34.91074, -4.26961], [34.8991, -4.28705], [34.89771, -4.30043], [34.86569, -4.35968], [34.86631, -4.39178], [34.87462, -4.41088], [34.86061, -4.40523], [34.8502, -4.44989], [34.83699, -4.46275], [34.80695, -4.45547], [34.7715, -4.49391], [34.76954, -4.51022], [34.75309, -4.50919], [34.71755, -4.54228], [34.70197, -4.53991], [34.67424, -4.54819], [34.66188, -4.5628], [34.66085, -4.57564], [34.60106, -4.59274], [34.59893, -4.61884], [34.57327, -4.62343], [34.55087, -4.61751], [34.51083, -4.55987], [34.52582, -4.52973], [34.54274, -4.53331], [34.55013, -4.52453], [34.55727, -4.5016], [34.53777, -4.44349], [34.54396, -4.39613], [34.53393, -4.3749], [34.52957, -4.29891], [34.5161, -4.23414], [34.5189, -4.17551], [34.50897, -4.12663], [34.5185, -4.06576], [34.50445, -4.03597], [34.50805, -3.96564], [34.51293, -3.95664], [34.50855, -3.94125], [34.5196, -3.92917], [34.52018, -3.91977], [34.55287, -3.91089], [34.57144, -3.91049], [34.58557, -3.92381], [34.60171, -3.923], [34.63281, -3.89953], [34.64696, -3.85764], [34.66352, -3.86742], [34.67867, -3.86867], [34.69674, -3.85412], [34.69586, -3.84839], [34.71305, -3.8453], [34.71658, -3.83869], [34.70909, -3.83649], [34.71129, -3.81797], [34.74392, -3.80078], [34.74926, -3.8055], [34.75141, -3.90306]]]}}, {"type": "Feature", "properties": {"shapeID": "72390352B6504298719524", "shapeName": "Singida"}, "geometry": {"type": "Polygon", "coordinates": [[[35.31816, -4.92758], [35.28045, -4.97805], [35.25505, -4.98496], [35.23842, -4.99948], [35.22952, -5.00032], [35.1856, -5.03977], [35.14701, -4.98188], [35.1114, -4.97788], [35.09378, -4.92033], [34.99388, -4.92152], [34.92825, -4.91209], [34.92654, -4.86361], [34.91415, -4.85253], [34.87792, -4.85057], [34.88588, -4.83584], [34.86695, -4.80653], [34.85019, -4.79737], [34.84712, -4.78668], [34.82713, -4.77132], [34.80315, -4.76497], [34.80631, -4.7407], [34.80202, -4.71997], [34.7543, -4.70378], [34.7554, -4.66959], [34.73979, -4.67008], [34.72616, -4.66102], [34.70413, -4.6657], [34.69929, -4.66745], [34.70083, -4.68551], [34.66588, -4.70018], [34.64052, -4.69726], [34.63736, -4.66703], [34.62696, -4.65283], [34.62731, -4.64465], [34.59893, -4.61884], [34.60106, -4.59274], [34.66085, -4.57564], [34.66188, -4.5628], [34.67424, -4.54819], [34.70197, -4.53991], [34.71755, -4.54228], [34.75309, -4.50919], [34.76954, -4.51022], [34.7715, -4.49391], [34.80695, -4.45547], [34.83699, -4.46275], [34.8502, -4.44989], [34.86061, -4.40523], [34.9718, -4.45783], [34.99449, -4.49921], [35.03693, -4.53597], [35.07298, -4.61615], [35.08993, -4.62396], [35.12772, -4.62856], [35.14557, -4.67553], [35.14429, -4.73], [35.15667, -4.75546], [35.18002, -4.76643], [35.20155, -4.76718], [35.28342, -4.8041], [35.32249, -4.8691], [35.34037, -4.87676], [35.31816, -4.92758]]]}}, {"type": "Feature", "properties": {"shapeID": "72390352B67063144918279", "shapeName": "Singida Urban"}, "geometry": {"type": "Polygon", "coordinates": [[[34.86638, -4.85103], [34.86074, -4.86054], [34.85973, -4.91739], [34.83244, -4.92534], [34.82848, -4.932], [34.73848, -4.94014], [34.68921, -4.90186], [34.67001, -4.96286], [34.59324, -4.96516], [34.58877, -4.95072], [34.54976, -4.90593], [34.59104, -4.85906], [34.59833, -4.84026], [34.62523, -4.82928], [34.64052, -4.69726], [34.66588, -4.70018], [34.70083, -4.68551], [34.69929, -4.66745], [34.72616, -4.66102], [34.73979, -4.67008], [34.7554, -4.66959], [34.7543, -4.70378], [34.80202, -4.71997], [34.80631, -4.7407], [34.80315, -4.76497], [34.82713, -4.77132], [34.84712, -4.78668], [34.85019, -4.79737], [34.86695, -4.80653], [34.88588, -4.83584], [34.87792, -4.85057], [34.86638, -4.85103]]]}}, {"type": "Feature", "properties": {"shapeID": "72390352B17520994539919", "shapeName": "Ileje"}, "geometry": {"type": "Polygon", "coordinates": [[[33.67573, -9.4941], [33.68957, -9.50289], [33.67932, -9.50594], [33.67752, -9.52796], [33.6901, -9.53739], [33.66816, -9.5477], [33.66982, -9.60945], [33.63578, -9.59971], [33.62723, -9.60256], [33.58593, -9.57758], [33.5708, -9.58762], [33.55324, -9.58547], [33.54066, -9.60815], [33.52201, -9.61964], [33.50733, -9.62398], [33.49376, -9.61617], [33.48543, -9.62219], [33.43844, -9.60979], [33.42967, -9.59589], [33.42001, -9.59169], [33.42501, -9.57538], [33.41202, -9.55487], [33.39832, -9.54567], [33.3937, -9.53255], [33.38133, -9.53378], [33.37127, -9.5212], [33.36232, -9.52403], [33.32528, -9.48398], [33.31376, -9.48882], [33.30701, -9.48187], [33.29686, -9.48441], [33.27357, -9.49883], [33.25236, -9.48543], [33.24424, -9.48586], [33.23734, -9.49248], [33.22631, -9.49167], [33.21215, -9.50742], [33.18621, -9.49428], [33.14379, -9.4913], [33.1241, -9.47984], [33.11646, -9.46412], [33.06702, -9.43734], [33.0476, -9.41513], [33.04024, -9.41508], [33.02517, -9.40203], [33.00803, -9.36955], [32.99502, -9.36607], [32.95957, -9.3955], [32.92637, -9.40078], [32.9088, -9.37743], [32.90127, -9.38803], [32.89411, -9.38895], [32.88703, -9.36634], [32.87432, -9.37025], [32.87383, -9.34691], [32.88871, -9.31898], [32.90717, -9.31806], [32.91239, -9.28152], [32.93871, -9.28259], [32.96973, -9.30747], [33.02256, -9.31676], [33.05852, -9.35151], [33.08514, -9.31212], [33.1138, -9.30708], [33.13548, -9.29047], [33.15015, -9.29751], [33.20942, -9.29779], [33.23261, -9.2758], [33.23294, -9.2641], [33.26414, -9.24772], [33.26809, -9.24056], [33.2876, -9.2344], [33.32211, -9.23872], [33.32674, -9.26007], [33.3373, -9.26749], [33.34334, -9.28674], [33.35881, -9.281], [33.36979, -9.28424], [33.38458, -9.32489], [33.40512, -9.3239], [33.41892, -9.33387], [33.43695, -9.27419], [33.43194, -9.27027], [33.43562, -9.26026], [33.42857, -9.21293], [33.43379, -9.16858], [33.44064, -9.15534], [33.44823, -9.16103], [33.45134, -9.19591], [33.46621, -9.21152], [33.4637, -9.22918], [33.4544, -9.24302], [33.47927, -9.30268], [33.5109, -9.31149], [33.51311, -9.32989], [33.52413, -9.32252], [33.55968, -9.34868], [33.5629, -9.35918], [33.58706, -9.37156], [33.58799, -9.37989], [33.61026, -9.40114], [33.62363, -9.44878], [33.66106, -9.45023], [33.67032, -9.46587], [33.67573, -9.4941]]]}}, {"type": "Feature", "properties": {"shapeID": "72390352B44769786141856", "shapeName": "Mbozi"}, "geometry": {"type": "Polygon", "coordinates": [[[33.01932, -8.71496], [33.03201, -8.73972], [33.04465, -8.74142], [33.04961, -8.75108], [33.09725, -8.78767], [33.14106, -8.81498], [33.17019, -8.8203], [33.17237, -8.8276], [33.16661, -8.83635], [33.18139, -8.85247], [33.18452, -8.87087], [33.19437, -8.88096], [33.21833, -8.88568], [33.22833, -8.89678], [33.22459, -8.90198], [33.21467, -8.90137], [33.20945, -8.90952], [33.22673, -8.9533], [33.22603, -8.96759], [33.2162, -8.97979], [33.22316, -8.99539], [33.21335, -9.03996], [33.22066, -9.04664], [33.2347, -9.088], [33.21316, -9.11473], [33.2109, -9.13119], [33.26628, -9.15468], [33.26562, -9.17211], [33.25978, -9.17239], [33.2535, -9.18892], [33.19744, -9.19141], [33.16608, -9.2053], [33.16306, -9.22084], [33.14725, -9.2447], [33.13072, -9.24073], [33.12052, -9.2606], [33.11758, -9.26919], [33.13548, -9.29047], [33.1138, -9.30708], [33.08514, -9.31212], [33.05852, -9.35151], [33.02256, -9.31676], [32.96973, -9.30747], [32.93871, -9.28259], [32.91239, -9.28152], [32.89076, -9.27156], [32.87657, -9.23639], [32.85272, -9.24731], [32.83701, -9.23723], [32.8238, -9.23832], [32.80203, -9.21695], [32.79568, -9.20209], [32.76718, -9.18688], [32.76389, -9.18075], [32.76902, -9.1755], [32.76116, -9.17131], [32.75186, -9.14191], [32.74642, -9.13455], [32.73984, -9.13773], [32.74076, -9.12467], [32.73497, -9.11661], [32.72457, -9.11502], [32.7189, -9.09664], [32.71117, -9.09876], [32.6976, -9.06739], [32.67819, -9.04653], [32.6771, -9.0101], [32.65413, -9.00319], [32.6573, -8.98476], [32.66678, -8.98352], [32.69256, -8.95558], [32.6524, -8.91247], [32.60043, -8.83385], [32.5942, -8.83295], [32.58572, -8.81351], [32.56301, -8.81182], [32.55853, -8.76328], [32.54906, -8.74362], [32.54776, -8.72566], [32.52538, -8.6956], [32.50148, -8.5947], [32.60876, -8.59316], [32.61667, -8.60086], [32.66212, -8.61807], [32.75831, -8.67484], [32.82035, -8.69487], [32.86915, -8.69279], [32.89104, -8.68008], [32.92058, -8.67829], [32.93564, -8.67968], [33.01932, -8.71496]]]}}, {"type": "Feature", "properties": {"shapeID": "72390352B95240342657452", "shapeName": "Momba"}, "geometry": {"type": "Polygon", "coordinates": [[[32.10637, -8.98822], [32.11007, -8.98946], [32.12198, -8.95441], [32.1422, -8.94161], [32.06491, -8.87257], [32.08096, -8.8557], [32.05124, -8.83017], [32.0277, -8.81907], [32.02142, -8.80267], [32.05538, -8.78031], [32.07068, -8.76228], [32.08205, -8.73553], [32.11582, -8.70512], [32.13512, -8.69691], [32.1689, -8.69571], [32.18499, -8.71354], [32.21322, -8.70847], [32.22853, -8.69628], [32.24235, -8.6742], [32.24405, -8.65779], [32.25466, -8.65579], [32.25437, -8.6094], [32.29085, -8.57063], [32.28796, -8.55792], [32.29888, -8.54727], [32.29096, -8.54174], [32.30103, -8.5348], [32.29472, -8.52989], [32.31424, -8.50968], [32.30069, -8.50997], [32.30186, -8.49397], [32.28924, -8.48346], [32.29728, -8.48402], [32.29619, -8.46825], [32.28107, -8.47314], [32.28388, -8.46217], [32.27221, -8.45852], [32.27575, -8.45346], [32.27036, -8.44594], [32.27604, -8.4401], [32.26465, -8.44078], [32.27681, -8.43215], [32.27901, -8.42131], [32.2765, -8.40334], [32.27002, -8.39761], [32.27434, -8.39072], [32.26573, -8.38963], [32.27086, -8.37449], [32.27804, -8.37087], [32.27644, -8.36225], [32.2897, -8.36108], [32.28468, -8.3472], [32.29466, -8.35019], [32.29536, -8.33421], [32.30542, -8.3368], [32.30655, -8.31322], [32.32303, -8.31177], [32.32988, -8.30175], [32.33452, -8.31169], [32.35498, -8.30214], [32.36291, -8.30685], [32.36222, -8.31494], [32.38256, -8.31695], [32.38497, -8.30267], [32.39502, -8.29828], [32.40198, -8.28312], [32.41584, -8.27652], [32.42702, -8.24537], [32.43289, -8.2402], [32.43878, -8.24691], [32.44583, -8.24219], [32.44402, -8.25135], [32.45057, -8.2503], [32.44484, -8.26321], [32.44701, -8.27468], [32.47421, -8.31487], [32.48097, -8.31522], [32.47769, -8.32104], [32.4845, -8.31877], [32.51423, -8.34384], [32.54853, -8.35698], [32.56597, -8.37989], [32.59998, -8.4003], [32.60639, -8.41351], [32.60213, -8.42967], [32.61197, -8.44793], [32.63527, -8.46408], [32.66017, -8.47085], [32.63129, -8.51355], [32.62465, -8.55696], [32.61144, -8.56556], [32.60528, -8.58347], [32.60876, -8.59316], [32.50148, -8.5947], [32.52538, -8.6956], [32.54776, -8.72566], [32.54906, -8.74362], [32.55853, -8.76328], [32.56301, -8.81182], [32.58572, -8.81351], [32.5942, -8.83295], [32.60043, -8.83385], [32.6524, -8.91247], [32.69256, -8.95558], [32.66678, -8.98352], [32.6573, -8.98476], [32.65413, -9.00319], [32.6771, -9.0101], [32.67819, -9.04653], [32.6976, -9.06739], [32.71117, -9.09876], [32.7189, -9.09664], [32.72457, -9.11502], [32.73497, -9.11661], [32.74076, -9.12467], [32.73984, -9.13773], [32.74642, -9.13455], [32.75186, -9.14191], [32.76116, -9.17131], [32.76902, -9.1755], [32.76389, -9.18075], [32.76718, -9.18688], [32.79568, -9.20209], [32.80203, -9.21695], [32.8238, -9.23832], [32.83701, -9.23723], [32.85272, -9.24731], [32.87657, -9.23639], [32.89076, -9.27156], [32.91239, -9.28152], [32.90717, -9.31806], [32.88871, -9.31898], [32.87582, -9.33728], [32.85084, -9.33358], [32.84423, -9.32351], [32.85091, -9.30541], [32.82723, -9.28153], [32.79056, -9.25555], [32.78722, -9.26585], [32.73146, -9.237], [32.7318, -9.28028], [32.64617, -9.27279], [32.57449, -9.24686], [32.54374, -9.25457], [32.48369, -9.17179], [32.49217, -9.14856], [32.44676, -9.1293], [32.43426, -9.11662], [32.36038, -9.1261], [32.24951, -9.12922], [32.19079, -9.08768], [32.15953, -9.05562], [32.13664, -9.06206], [32.11333, -9.05486], [32.10637, -8.98822]]]}}, {"type": "Feature", "properties": {"shapeID": "72390352B69788666323478", "shapeName": "Songwe"}, "geometry": {"type": "Polygon", "coordinates": [[[32.06032, -7.58227], [32.08242, -7.56223], [32.08947, -7.51874], [32.09826, -7.51039], [32.1105, -7.51518], [32.12658, -7.5389], [32.14855, -7.515], [32.19021, -7.51623], [32.2002, -7.48188], [32.2095, -7.47469], [32.21042, -7.46221], [32.26732, -7.36299], [32.27895, -7.26956], [32.31916, -7.24052], [32.32461, -7.22956], [32.36964, -7.20141], [32.40208, -7.18995], [32.45445, -7.14822], [32.46358, -7.14332], [32.47693, -7.15103], [32.48946, -7.1507], [32.487, -7.13184], [32.52546, -7.12464], [32.53153, -7.11384], [32.54613, -7.11601], [32.55583, -7.10262], [32.58153, -7.09019], [32.58955, -7.07271], [32.57562, -7.03303], [32.58347, -7.00054], [32.74243, -6.99898], [32.74681, -6.97537], [32.78114, -6.97536], [32.78917, -6.94447], [32.80474, -6.94058], [32.80933, -6.93395], [32.82492, -6.93739], [32.84553, -6.92967], [32.8682, -6.94599], [32.88641, -6.93878], [32.89531, -6.92558], [32.89788, -7.46598], [32.91327, -7.50218], [32.9187, -7.54775], [32.94153, -7.54559], [32.98447, -7.52823], [33.01437, -7.52769], [33.03914, -7.53551], [33.03006, -7.62593], [33.03156, -7.74363], [33.0397, -7.75531], [32.99195, -7.7543], [32.97155, -7.78495], [32.93214, -7.87185], [33.08657, -7.86894], [33.01976, -7.98427], [33.02925, -8.00772], [33.02916, -8.02598], [33.01783, -8.05958], [33.0032, -8.07242], [32.9939, -8.09723], [32.99031, -8.14812], [32.97065, -8.17609], [32.9773, -8.19885], [32.97103, -8.2102], [32.98122, -8.23828], [32.9767, -8.24257], [32.97926, -8.24968], [32.96841, -8.25783], [32.97299, -8.26793], [32.96961, -8.27472], [32.9761, -8.28156], [32.97523, -8.29188], [32.99569, -8.29168], [33.02208, -8.27322], [33.03363, -8.25424], [33.05057, -8.25149], [33.09847, -8.26213], [33.11991, -8.25734], [33.15255, -8.27123], [33.16235, -8.28859], [33.16178, -8.31495], [33.1471, -8.32183], [33.13831, -8.33987], [33.11839, -8.34972], [33.10386, -8.37435], [33.0625, -8.38601], [33.0547, -8.43501], [33.04442, -8.44891], [33.04724, -8.45615], [33.07389, -8.46406], [33.08756, -8.47584], [33.09231, -8.48954], [33.12558, -8.49378], [33.13055, -8.57749], [33.15064, -8.60239], [33.17519, -8.61791], [33.19247, -8.64639], [33.20916, -8.66173], [33.20888, -8.68818], [33.23159, -8.70217], [33.22656, -8.72438], [33.16713, -8.70409], [33.14407, -8.69048], [33.12657, -8.64492], [33.08875, -8.60869], [33.07197, -8.60927], [33.06286, -8.61767], [33.01007, -8.70959], [32.93564, -8.67968], [32.92058, -8.67829], [32.89104, -8.68008], [32.86915, -8.69279], [32.82035, -8.69487], [32.75831, -8.67484], [32.66212, -8.61807], [32.61667, -8.60086], [32.60528, -8.58347], [32.61144, -8.56556], [32.62465, -8.55696], [32.63129, -8.51355], [32.66017, -8.47085], [32.69688, -8.4876], [32.73476, -8.47558], [32.77591, -8.49867], [32.80453, -8.49999], [32.81649, -8.49402], [32.8148, -8.48528], [32.87329, -8.49254], [32.88446, -8.49954], [32.90853, -8.48823], [32.91195, -8.47623], [32.90791, -8.46339], [32.91901, -8.45907], [32.91316, -8.45264], [32.92156, -8.44593], [32.91639, -8.42631], [32.9305, -8.4136], [32.92306, -8.41112], [32.91357, -8.41661], [32.89938, -8.41107], [32.89681, -8.38455], [32.81034, -8.33955], [32.76421, -8.27952], [32.75271, -8.27707], [32.68736, -8.20272], [32.67533, -8.16753], [32.65501, -8.15807], [32.64695, -8.12047], [32.63714, -8.1148], [32.62059, -8.13246], [32.5995, -8.12524], [32.59016, -8.10975], [32.58956, -8.0953], [32.57436, -8.08713], [32.57613, -8.0699], [32.57118, -8.06104], [32.54205, -8.04445], [32.46678, -7.97859], [32.44991, -7.97069], [32.42392, -7.9706], [32.41619, -7.95039], [32.39779, -7.94058], [32.3923, -7.92451], [32.376, -7.90822], [32.33606, -7.87886], [32.32121, -7.86042], [32.30767, -7.85448], [32.30846, -7.84856], [32.29415, -7.83347], [32.26876, -7.81373], [32.25495, -7.81178], [32.2377, -7.78974], [32.20406, -7.76702], [32.19119, -7.74614], [32.17248, -7.74585], [32.16722, -7.73322], [32.12201, -7.69155], [32.0798, -7.64126], [32.04244, -7.61191], [32.06032, -7.58227]]]}}, {"type": "Feature", "properties": {"shapeID": "72390352B1593050996578", "shapeName": "Tunduma"}, "geometry": {"type": "Polygon", "coordinates": [[[32.87432, -9.37025], [32.79811, -9.32331], [32.78364, -9.31788], [32.76695, -9.32281], [32.75594, -9.28592], [32.73198, -9.27726], [32.7283, -9.27006], [32.72961, -9.23669], [32.78722, -9.26585], [32.79056, -9.25555], [32.85091, -9.30541], [32.84615, -9.32916], [32.87582, -9.33728], [32.87432, -9.37025]]]}}, {"type": "Feature", "properties": {"shapeID": "72390352B54001884070734", "shapeName": "Igunga"}, "geometry": {"type": "Polygon", "coordinates": [[[33.55033, -3.89585], [33.56021, -3.88291], [33.57766, -3.88535], [33.58459, -3.87855], [33.60636, -3.87755], [33.61782, -3.88486], [33.62146, -3.87998], [33.66115, -3.89709], [33.64716, -3.91954], [33.67903, -3.93754], [33.72414, -3.94341], [33.75501, -3.92748], [33.77838, -3.94011], [33.78219, -3.93594], [33.79877, -3.9534], [33.80183, -3.9479], [33.80962, -3.95139], [33.8174, -3.94747], [33.82196, -3.95304], [33.82883, -3.94854], [33.82942, -3.95395], [33.84094, -3.95901], [33.84431, -3.95179], [33.86042, -3.94879], [33.8772, -3.95705], [33.88344, -3.95181], [33.89696, -3.96176], [33.90483, -3.95702], [33.92347, -3.96271], [33.92646, -3.95833], [33.93594, -3.96609], [33.93823, -3.97634], [33.94671, -3.9767], [33.9504, -3.99661], [33.98632, -4.02074], [34.0149, -4.02548], [34.04291, -4.03879], [34.09119, -4.02438], [34.12024, -4.05126], [34.13246, -4.05228], [34.17373, -4.07707], [34.13738, -4.095], [34.10468, -4.14684], [34.09552, -4.24266], [34.08165, -4.29434], [34.0782, -4.33406], [34.05487, -4.39174], [34.02543, -4.42214], [34.00087, -4.43198], [33.97619, -4.45058], [33.9407, -4.51084], [33.93189, -4.57606], [33.91774, -4.59292], [33.91354, -4.60915], [33.92072, -4.63627], [33.92269, -4.7102], [33.92902, -4.71578], [33.93779, -4.7489], [33.93009, -4.76219], [33.92886, -4.81013], [33.78959, -4.80685], [33.76239, -4.79136], [33.7522, -4.7925], [33.74089, -4.8035], [33.72427, -4.80124], [33.71824, -4.8058], [33.71446, -4.80088], [33.68772, -4.82363], [33.66994, -4.82857], [33.66579, -4.83653], [33.65522, -4.83275], [33.62616, -4.84187], [33.61105, -4.83506], [33.58236, -4.83973], [33.53969, -4.83172], [33.51364, -4.83287], [33.49981, -4.84021], [33.48192, -4.83812], [33.47166, -4.83018], [33.4121, -4.85302], [33.38794, -4.86553], [33.38002, -4.87728], [33.3552, -4.87993], [33.39933, -4.75527], [33.41309, -4.75181], [33.41653, -4.74524], [33.41936, -4.692], [33.39954, -4.63372], [33.39903, -4.55204], [33.38898, -4.49793], [33.34788, -4.43242], [33.36784, -4.38385], [33.374, -4.34769], [33.36518, -4.32516], [33.36654, -4.29183], [33.35586, -4.25279], [33.35673, -4.1583], [33.36364, -4.13795], [33.34569, -4.08063], [33.3509, -3.97102], [33.34491, -3.95384], [33.34257, -3.90359], [33.35403, -3.89313], [33.35968, -3.89724], [33.37066, -3.89057], [33.38678, -3.89365], [33.40218, -3.88492], [33.40557, -3.88974], [33.41409, -3.88769], [33.4183, -3.89652], [33.44271, -3.91187], [33.45132, -3.91112], [33.46142, -3.90081], [33.4948, -3.90814], [33.51813, -3.9057], [33.53149, -3.89425], [33.55033, -3.89585]]]}}, {"type": "Feature", "properties": {"shapeID": "72390352B29601163251764", "shapeName": "Kaliua"}, "geometry": {"type": "Polygon", "coordinates": [[[31.46946, -4.45878], [31.49558, -4.42917], [31.49943, -4.41131], [31.59187, -4.42967], [31.62303, -4.42112], [31.65297, -4.38066], [31.67214, -4.32232], [31.65788, -4.30028], [31.6557, -4.27763], [31.67, -4.2751], [31.67925, -4.25502], [31.66942, -4.24224], [31.6828, -4.22281], [31.6825, -4.2126], [31.67682, -4.18611], [31.66922, -4.17589], [31.6683, -4.15356], [31.64322, -4.14586], [31.63466, -4.13468], [31.63849, -4.12384], [31.65375, -4.11461], [31.64869, -4.10025], [31.66017, -4.07284], [31.67384, -4.06744], [31.68295, -4.05312], [31.78448, -4.08792], [31.82776, -4.08902], [31.88241, -4.09974], [31.93919, -4.12436], [32.00006, -4.18632], [32.01022, -4.18631], [32.04031, -4.21119], [32.05586, -4.2133], [32.08111, -4.23592], [32.10201, -4.24502], [32.1458, -4.24414], [32.19796, -4.26193], [32.22274, -4.2603], [32.2278, -4.26634], [32.28579, -4.27502], [32.30809, -4.26786], [32.32544, -4.26908], [32.34572, -4.27824], [32.36579, -4.30515], [32.38358, -4.30916], [32.39995, -4.3243], [32.40558, -4.3212], [32.41402, -4.33267], [32.43587, -4.33645], [32.4402, -4.35207], [32.46106, -4.37522], [32.47604, -4.44322], [32.46846, -4.49889], [32.48362, -4.52965], [32.49463, -4.54], [32.48586, -4.57727], [32.48305, -4.68308], [32.4732, -4.71268], [32.48612, -4.72841], [32.4879, -4.7559], [32.46703, -4.75011], [32.46151, -4.75354], [32.45714, -4.82553], [32.4405, -4.84194], [32.43475, -4.83729], [32.36757, -4.84555], [32.34141, -4.84285], [32.28837, -4.82293], [32.27937, -4.8069], [32.25654, -4.79609], [32.24656, -4.8003], [32.25074, -4.81559], [32.22635, -4.8193], [32.22239, -4.78608], [32.1819, -4.78381], [32.15676, -4.80068], [32.13089, -4.75117], [32.06803, -4.7505], [32.0534, -4.73428], [32.03284, -4.72282], [32.00186, -4.71539], [31.98411, -4.68998], [31.95546, -4.70876], [31.95154, -4.72605], [31.95596, -4.7877], [31.96689, -4.81575], [31.96921, -4.84782], [31.94914, -4.88195], [31.94002, -4.91877], [31.98042, -4.95031], [31.98309, -4.98033], [31.97773, -5.00998], [31.98184, -5.02603], [31.96159, -5.03566], [31.87599, -5.05597], [31.86666, -5.06283], [31.86351, -5.08602], [31.87148, -5.1077], [31.87299, -5.1608], [31.84535, -5.26762], [31.85734, -5.30547], [31.85593, -5.3537], [31.86971, -5.4386], [31.90449, -5.54594], [31.89706, -5.74291], [31.88746, -5.73947], [31.89011, -5.73446], [31.88485, -5.73024], [31.83592, -5.72856], [31.83146, -5.71827], [31.82278, -5.7201], [31.82648, -5.71246], [31.79884, -5.71846], [31.80119, -5.72427], [31.79382, -5.72504], [31.79094, -5.71871], [31.77698, -5.72659], [31.76746, -5.75055], [31.74665, -5.76158], [31.7335, -5.7597], [31.73347, -5.76998], [31.71951, -5.77918], [31.71817, -5.78813], [31.7045, -5.78151], [31.69817, -5.78809], [31.7021, -5.796], [31.68626, -5.8189], [31.67812, -5.81255], [31.66124, -5.82727], [31.63521, -5.82062], [31.62438, -5.8372], [31.61649, -5.83692], [31.61363, -5.82057], [31.59706, -5.81974], [31.59229, -5.83185], [31.58386, -5.83394], [31.56446, -5.80859], [31.55734, -5.81199], [31.5521, -5.80513], [31.5234, -5.81375], [31.51942, -5.82428], [31.51206, -5.82321], [31.51152, -5.82795], [31.49286, -5.81815], [31.48679, -5.8263], [31.49124, -5.83317], [31.47864, -5.82444], [31.41785, -5.82638], [31.38006, -5.7928], [31.34638, -5.79508], [31.31931, -5.78393], [31.30932, -5.78258], [31.29258, -5.80374], [31.27717, -5.80398], [31.25302, -5.78373], [31.24471, -5.74813], [31.23946, -5.7439], [31.22919, -5.75466], [31.2153, -5.75386], [31.20265, -5.73825], [31.1916, -5.74059], [31.1689, -5.76212], [31.14572, -5.76646], [31.14417, -5.75978], [31.15799, -5.74328], [31.15771, -5.72493], [31.15433, -5.71227], [31.14025, -5.69884], [31.15756, -5.68313], [31.15681, -5.67829], [31.13798, -5.67034], [31.14243, -5.65031], [31.13877, -5.64477], [31.12027, -5.63949], [31.10599, -5.61621], [31.06357, -5.59249], [31.04586, -5.57442], [31.03802, -5.55317], [31.07054, -5.51887], [31.06614, -5.49672], [31.08171, -5.47938], [31.10305, -5.46575], [31.14724, -5.45798], [31.18413, -5.43253], [31.18692, -5.37799], [31.18018, -5.25439], [31.18676, -5.25099], [31.20935, -5.25658], [31.22543, -5.24056], [31.25126, -5.24912], [31.26727, -5.27122], [31.2677, -5.29526], [31.30055, -5.30452], [31.32794, -5.32243], [31.35567, -5.32114], [31.37038, -5.33192], [31.37459, -5.31715], [31.37086, -5.30613], [31.3781, -5.30252], [31.38225, -5.31383], [31.39979, -5.30509], [31.41881, -5.3188], [31.42702, -5.31589], [31.40509, -5.29274], [31.38414, -5.25461], [31.35744, -5.25347], [31.35412, -5.23933], [31.34742, -5.23528], [31.30725, -5.25105], [31.29821, -5.26744], [31.30127, -5.27834], [31.2893, -5.2884], [31.27967, -5.27344], [31.28989, -5.26661], [31.29155, -5.25141], [31.27395, -5.25553], [31.25599, -5.24673], [31.25308, -5.22691], [31.24346, -5.21831], [31.23312, -5.22003], [31.20537, -5.20811], [31.20287, -5.19061], [31.22023, -5.17573], [31.22092, -5.16887], [31.21826, -5.15917], [31.20407, -5.14648], [31.21048, -5.1091], [31.24685, -5.05565], [31.24893, -5.0313], [31.26079, -5.01317], [31.23716, -4.9879], [31.23367, -4.95703], [31.23943, -4.94006], [31.26857, -4.92459], [31.31008, -4.91585], [31.31228, -4.89671], [31.35843, -4.84396], [31.36372, -4.82675], [31.37757, -4.81602], [31.37568, -4.80836], [31.39748, -4.80623], [31.39462, -4.78113], [31.40132, -4.76629], [31.39309, -4.76627], [31.39595, -4.7483], [31.38756, -4.72381], [31.40186, -4.71308], [31.40825, -4.69887], [31.42367, -4.69849], [31.43137, -4.70551], [31.45693, -4.69093], [31.48416, -4.64929], [31.49255, -4.62254], [31.48373, -4.60558], [31.49075, -4.58636], [31.48149, -4.58278], [31.47549, -4.55924], [31.47979, -4.54639], [31.47302, -4.54439], [31.47264, -4.53048], [31.4584, -4.51519], [31.46688, -4.47887], [31.45389, -4.4613], [31.46946, -4.45878]]]}}, {"type": "Feature", "properties": {"shapeID": "72390352B4567455644907", "shapeName": "Nzega"}, "geometry": {"type": "Polygon", "coordinates": [[[32.59219, -4.25143], [32.59008, -4.28592], [32.74689, -4.23596], [32.73007, -4.18646], [32.69722, -4.19012], [32.67525, -4.16881], [32.66091, -4.16678], [32.63846, -4.12974], [32.66989, -4.12244], [32.67775, -4.09719], [32.69122, -4.08652], [32.68785, -4.04162], [32.70087, -4.00041], [32.70343, -3.94501], [32.74224, -3.94599], [32.75775, -3.95176], [32.81244, -3.9502], [32.83491, -3.93549], [32.84937, -3.9159], [32.92157, -3.92573], [32.93332, -3.91421], [33.0127, -3.90621], [33.02199, -3.91544], [33.02786, -3.93726], [33.06829, -3.96274], [33.10153, -3.96531], [33.13164, -3.95746], [33.17007, -3.96272], [33.19504, -3.94869], [33.20349, -3.95615], [33.21678, -3.95677], [33.22423, -3.93357], [33.24883, -3.93246], [33.27647, -3.9118], [33.29324, -3.91374], [33.30824, -3.9051], [33.31489, -3.90882], [33.33132, -3.89908], [33.34497, -3.89907], [33.34491, -3.95384], [33.3509, -3.97102], [33.34569, -4.08063], [33.36364, -4.13795], [33.35673, -4.1583], [33.35586, -4.25279], [33.36654, -4.29183], [33.36518, -4.32516], [33.374, -4.34769], [33.36784, -4.38385], [33.34788, -4.43242], [33.38898, -4.49793], [33.39903, -4.55204], [33.39954, -4.63372], [33.41936, -4.692], [33.41653, -4.74524], [33.41309, -4.75181], [33.39933, -4.75527], [33.3552, -4.87993], [33.32604, -4.88237], [33.32472, -4.90074], [33.28911, -4.85526], [33.26412, -4.84379], [33.25723, -4.83383], [33.23765, -4.82924], [33.20222, -4.80583], [33.17399, -4.83385], [33.14402, -4.82684], [33.13635, -4.79567], [33.09105, -4.80479], [33.07481, -4.82225], [33.05815, -4.82276], [33.04736, -4.84014], [33.04888, -4.85352], [33.04092, -4.87139], [33.02884, -4.87206], [33.00735, -4.86287], [33.00044, -4.85501], [33.00144, -4.82092], [32.94306, -4.81357], [32.93281, -4.80688], [32.92257, -4.80914], [32.90974, -4.79936], [32.88892, -4.80136], [32.87277, -4.79008], [32.85128, -4.78723], [32.84837, -4.75999], [32.85421, -4.74963], [32.84054, -4.70963], [32.84864, -4.69444], [32.8498, -4.66553], [32.84054, -4.65013], [32.82218, -4.6424], [32.80734, -4.64319], [32.8166, -4.68596], [32.81396, -4.70503], [32.8013, -4.71262], [32.80133, -4.67274], [32.79103, -4.67045], [32.76375, -4.69394], [32.74161, -4.72517], [32.75692, -4.76831], [32.73743, -4.80044], [32.72882, -4.79764], [32.72708, -4.78979], [32.66744, -4.79102], [32.64721, -4.7486], [32.59288, -4.68494], [32.58044, -4.66145], [32.60349, -4.6073], [32.60029, -4.55997], [32.59178, -4.55343], [32.60854, -4.54259], [32.60728, -4.48777], [32.59596, -4.45851], [32.61141, -4.44043], [32.58938, -4.35093], [32.57135, -4.31172], [32.55417, -4.29636], [32.53549, -4.24894], [32.53755, -4.24168], [32.56128, -4.23024], [32.5581, -4.20214], [32.58055, -4.20282], [32.59219, -4.25143]]]}}, {"type": "Feature", "properties": {"shapeID": "72390352B96655451787370", "shapeName": "Sikonge"}, "geometry": {"type": "Polygon", "coordinates": [[[32.74667, -6.75833], [32.7502, -6.7366], [32.75497, -6.73668], [32.75881, -6.61583], [32.75355, -6.40693], [32.72359, -6.38993], [32.70128, -6.3915], [32.69197, -6.38554], [32.68293, -6.36903], [32.66354, -6.36058], [32.65562, -6.33881], [32.64878, -6.33829], [32.64515, -6.32968], [32.61783, -6.32774], [32.59262, -6.33568], [32.5754, -6.32133], [32.55257, -6.31726], [32.54726, -6.30947], [32.5119, -6.31421], [32.49973, -6.30264], [32.47846, -6.30247], [32.47673, -6.30914], [32.44182, -6.30223], [32.43473, -6.28934], [32.4315, -6.29225], [32.40792, -6.27504], [32.4031, -6.26149], [32.3628, -6.24568], [32.35653, -6.23344], [32.33474, -6.22585], [32.31513, -6.23474], [32.31564, -6.22873], [32.30332, -6.22895], [32.30173, -6.23784], [32.29146, -6.23982], [32.26877, -6.21705], [32.25813, -6.22061], [32.24708, -6.21317], [32.24004, -6.19669], [32.22171, -6.19576], [32.20944, -6.18814], [32.19902, -6.1695], [32.2007, -6.16156], [32.19014, -6.15682], [32.18955, -6.14649], [32.18325, -6.14944], [32.17952, -6.14413], [32.1877, -6.12744], [32.17539, -6.11168], [32.17952, -6.10814], [32.16628, -6.10355], [32.17067, -6.08366], [32.16254, -6.08045], [32.16919, -6.06654], [32.15474, -6.05858], [32.14821, -6.04078], [32.1391, -6.03822], [32.14895, -6.02941], [32.13379, -6.02583], [32.13232, -6.00636], [32.11143, -5.99424], [32.12124, -5.98123], [32.11353, -5.97644], [32.11323, -5.95574], [32.09143, -5.94904], [32.09313, -5.92814], [32.08293, -5.91684], [32.09073, -5.91134], [32.08383, -5.90524], [32.08883, -5.86834], [32.08463, -5.85194], [32.07153, -5.83354], [32.06273, -5.82824], [32.05323, -5.83084], [32.04393, -5.82264], [32.02786, -5.79251], [32.02996, -5.77661], [32.07743, -5.72736], [32.08883, -5.73366], [32.10547, -5.71283], [32.12493, -5.71364], [32.14673, -5.70576], [32.18303, -5.67974], [32.20213, -5.67464], [32.22403, -5.65074], [32.25733, -5.64764], [32.27243, -5.63524], [32.28853, -5.61024], [32.32023, -5.60044], [32.36233, -5.55574], [32.38533, -5.55204], [32.39703, -5.55844], [32.41413, -5.55584], [32.42359, -5.53101], [32.41702, -5.52257], [32.4327, -5.50652], [32.44229, -5.51179], [32.4493, -5.50181], [32.4686, -5.50285], [32.46652, -5.47438], [32.48284, -5.46384], [32.48831, -5.44998], [32.50107, -5.44108], [32.51263, -5.41094], [32.52468, -5.41233], [32.53363, -5.39402], [32.52974, -5.38851], [32.53466, -5.36371], [32.56033, -5.33954], [32.55523, -5.33244], [32.55853, -5.30834], [32.5537, -5.29196], [32.55903, -5.27124], [32.56823, -5.26544], [32.57773, -5.24304], [32.57655, -5.22807], [32.5837, -5.21104], [32.61154, -5.20744], [32.61898, -5.19807], [32.65128, -5.19532], [32.72577, -5.25537], [32.74373, -5.25628], [32.7693, -5.27033], [32.80029, -5.25653], [32.82012, -5.25824], [32.82832, -5.25347], [32.84197, -5.2582], [32.84462, -5.26724], [32.84939, -5.25909], [32.87693, -5.26359], [32.90419, -5.28045], [32.93679, -5.28748], [32.95871, -5.30181], [32.96096, -5.33227], [32.98346, -5.39245], [32.99864, -5.40147], [33.0026, -5.41678], [33.03548, -5.41763], [33.14784, -5.47042], [33.23299, -5.46087], [33.23229, -5.33888], [33.24984, -5.33315], [33.30759, -5.28802], [33.39473, -5.27433], [33.43203, -5.30107], [33.49249, -5.31163], [33.45359, -5.35621], [33.42954, -5.36038], [33.42318, -5.40332], [33.46453, -5.41823], [33.47347, -5.43671], [33.48659, -5.49993], [33.5838, -5.51146], [33.7142, -5.51305], [33.73909, -5.53105], [33.79583, -5.54324], [33.82623, -5.57204], [33.9096, -5.60089], [33.92569, -5.62007], [33.95226, -5.68243], [33.99211, -5.7033], [34.03901, -5.71713], [34.05257, -5.7296], [34.06314, -5.76294], [34.10977, -5.81717], [34.10672, -5.86361], [34.08718, -5.88736], [34.03081, -5.90805], [34.02299, -5.91556], [34.01401, -5.93728], [34.01208, -5.97535], [33.99428, -6.02538], [33.97801, -6.05303], [33.95036, -6.07879], [33.97599, -6.07965], [33.95693, -6.12634], [33.93057, -6.16961], [33.92474, -6.21206], [33.90096, -6.29252], [33.90303, -6.30173], [33.88433, -6.32494], [33.87439, -6.34854], [33.83378, -6.37435], [33.79886, -6.37982], [33.78851, -6.38766], [33.78143, -6.41534], [33.75643, -6.42214], [33.74317, -6.4392], [33.69913, -6.46564], [33.67653, -6.51094], [33.64093, -6.53974], [33.59273, -6.55464], [33.54823, -6.60594], [33.52123, -6.68884], [33.52743, -6.87374], [33.51623, -6.90404], [33.49613, -6.93534], [33.48655, -6.94316], [33.4467, -6.94165], [33.42301, -6.95643], [33.41356, -6.94786], [33.38848, -6.94668], [33.37491, -6.95012], [33.3677, -6.95871], [33.32373, -6.94965], [33.31479, -6.9421], [33.29968, -6.94829], [33.28112, -6.94281], [33.23166, -6.95571], [33.20401, -6.9528], [33.18425, -6.948], [33.17737, -6.93273], [33.15349, -6.91695], [33.11949, -6.91129], [33.07583, -6.86877], [33.02614, -6.86511], [33.01025, -6.87337], [32.99531, -6.86513], [32.98174, -6.86667], [32.94241, -6.89705], [32.91785, -6.89499], [32.91544, -6.90306], [32.90187, -6.90529], [32.88641, -6.93878], [32.8682, -6.94599], [32.84553, -6.92967], [32.82492, -6.93739], [32.81322, -6.93257], [32.78917, -6.94447], [32.78114, -6.97536], [32.74681, -6.97537], [32.74667, -6.75833]]]}}, {"type": "Feature", "properties": {"shapeID": "72390352B61754038708822", "shapeName": "Tabora Urban"}, "geometry": {"type": "Polygon", "coordinates": [[[32.72708, -4.78979], [32.72882, -4.79764], [32.73743, -4.80044], [32.75692, -4.76831], [32.74161, -4.72517], [32.78408, -4.67355], [32.80133, -4.67274], [32.80113, -4.71798], [32.80656, -4.72516], [32.79687, -4.76031], [32.80866, -4.76755], [32.82199, -4.76714], [32.81589, -4.80657], [32.82348, -4.82698], [32.85546, -4.83512], [32.86406, -4.85754], [32.87586, -4.85891], [32.88459, -4.86689], [32.89729, -4.89632], [32.93407, -4.93952], [32.93747, -4.95032], [32.96247, -4.95209], [32.96473, -4.9592], [32.98261, -4.9555], [32.9812, -4.98988], [32.99394, -5.02141], [32.95853, -5.07311], [32.98431, -5.13845], [32.96873, -5.15066], [32.96164, -5.17566], [32.95258, -5.18362], [32.92056, -5.19043], [32.8843, -5.16599], [32.86957, -5.16258], [32.86164, -5.16315], [32.85597, -5.17423], [32.81942, -5.17848], [32.79278, -5.19665], [32.75198, -5.19408], [32.74632, -5.20146], [32.7279, -5.20004], [32.70693, -5.21253], [32.69198, -5.2111], [32.67556, -5.19831], [32.66707, -5.18268], [32.67729, -5.1378], [32.65825, -5.10995], [32.6594, -5.07757], [32.64016, -5.03296], [32.64079, -4.92047], [32.63259, -4.89347], [32.66744, -4.79102], [32.72708, -4.78979]]]}}, {"type": "Feature", "properties": {"shapeID": "72390352B58709749757029", "shapeName": "Urambo"}, "geometry": {"type": "Polygon", "coordinates": [[[32.02506, -5.76259], [32.00821, -5.7635], [32.00308, -5.75646], [31.97829, -5.75454], [31.96849, -5.74328], [31.96005, -5.7517], [31.93508, -5.74456], [31.92191, -5.75087], [31.91115, -5.73714], [31.89706, -5.74291], [31.90449, -5.54594], [31.86971, -5.4386], [31.85593, -5.3537], [31.85734, -5.30547], [31.84535, -5.26762], [31.87299, -5.1608], [31.87148, -5.1077], [31.86351, -5.08602], [31.86666, -5.06283], [31.87599, -5.05597], [31.96159, -5.03566], [31.98184, -5.02603], [31.97773, -5.00998], [31.98309, -4.98033], [31.98042, -4.95031], [31.94002, -4.91877], [31.94914, -4.88195], [31.96766, -4.85702], [31.97006, -4.83597], [31.95596, -4.7877], [31.95154, -4.72605], [31.95546, -4.70876], [31.98411, -4.68998], [32.00186, -4.71539], [32.03284, -4.72282], [32.0534, -4.73428], [32.06803, -4.7505], [32.13089, -4.75117], [32.15676, -4.80068], [32.1819, -4.78381], [32.22239, -4.78608], [32.22635, -4.8193], [32.19673, -4.8617], [32.20244, -4.87516], [32.22339, -4.87957], [32.22177, -4.90452], [32.23051, -4.92933], [32.26588, -4.97778], [32.29767, -4.98177], [32.32473, -4.99735], [32.37019, -5.00557], [32.37702, -5.0119], [32.37549, -5.08417], [32.36519, -5.11902], [32.38211, -5.14379], [32.41901, -5.16663], [32.44257, -5.20441], [32.46432, -5.28219], [32.48831, -5.44998], [32.48284, -5.46384], [32.46652, -5.47438], [32.4686, -5.50285], [32.4493, -5.50181], [32.44229, -5.51179], [32.4327, -5.50652], [32.41813, -5.52044], [32.41766, -5.52802], [32.42359, -5.53101], [32.41413, -5.55584], [32.39703, -5.55844], [32.38533, -5.55204], [32.36233, -5.55574], [32.32023, -5.60044], [32.28853, -5.61024], [32.27243, -5.63524], [32.25733, -5.64764], [32.22403, -5.65074], [32.20213, -5.67464], [32.18303, -5.67974], [32.14673, -5.70576], [32.12493, -5.71364], [32.10547, -5.71283], [32.08883, -5.73366], [32.07743, -5.72736], [32.02996, -5.77661], [32.02506, -5.76259]]]}}, {"type": "Feature", "properties": {"shapeID": "72390352B28683809474818", "shapeName": "Uyui"}, "geometry": {"type": "Polygon", "coordinates": [[[32.41556, -4.29588], [32.41935, -4.27364], [32.4197, -4.25111], [32.407, -4.2111], [32.44586, -4.21147], [32.48689, -4.22728], [32.50216, -4.21484], [32.50224, -4.19201], [32.50713, -4.18554], [32.53661, -4.17365], [32.54779, -4.193], [32.58011, -4.20135], [32.5581, -4.20214], [32.56128, -4.23024], [32.53755, -4.24168], [32.53549, -4.24894], [32.55417, -4.29636], [32.57135, -4.31172], [32.58938, -4.35093], [32.61141, -4.44043], [32.59596, -4.45851], [32.60728, -4.48777], [32.60854, -4.54259], [32.59178, -4.55343], [32.60029, -4.55997], [32.60349, -4.6073], [32.58044, -4.66145], [32.59288, -4.68494], [32.64721, -4.7486], [32.66719, -4.78801], [32.63259, -4.89347], [32.64079, -4.92047], [32.64016, -5.03296], [32.6594, -5.07757], [32.65825, -5.10995], [32.67729, -5.1378], [32.66707, -5.18268], [32.67556, -5.19831], [32.69198, -5.2111], [32.70693, -5.21253], [32.7279, -5.20004], [32.74632, -5.20146], [32.75198, -5.19408], [32.79278, -5.19665], [32.81942, -5.17848], [32.8588, -5.17309], [32.86164, -5.16315], [32.8843, -5.16599], [32.91688, -5.18929], [32.93728, -5.18958], [32.96164, -5.17566], [32.96873, -5.15066], [32.98431, -5.13845], [32.95853, -5.07311], [32.99394, -5.02141], [32.9812, -4.98988], [32.98261, -4.9555], [32.96473, -4.9592], [32.96247, -4.95209], [32.93747, -4.95032], [32.93407, -4.93952], [32.89729, -4.89632], [32.88459, -4.86689], [32.87586, -4.85891], [32.86406, -4.85754], [32.85546, -4.83512], [32.82348, -4.82698], [32.81589, -4.80657], [32.82199, -4.76714], [32.80866, -4.76755], [32.79687, -4.76031], [32.80656, -4.72516], [32.8013, -4.71262], [32.81642, -4.69938], [32.80734, -4.64319], [32.82218, -4.6424], [32.84054, -4.65013], [32.8498, -4.66553], [32.84864, -4.69444], [32.84054, -4.70963], [32.85421, -4.74963], [32.84837, -4.75999], [32.85128, -4.78723], [32.87277, -4.79008], [32.88892, -4.80136], [32.90974, -4.79936], [32.92257, -4.80914], [32.93281, -4.80688], [32.94306, -4.81357], [33.00144, -4.82092], [33.00185, -4.85902], [33.02884, -4.87206], [33.04325, -4.8683], [33.04736, -4.84014], [33.05815, -4.82276], [33.07481, -4.82225], [33.09105, -4.80479], [33.13635, -4.79567], [33.14402, -4.82684], [33.17399, -4.83385], [33.20222, -4.80583], [33.23765, -4.82924], [33.25723, -4.83383], [33.26412, -4.84379], [33.28911, -4.85526], [33.32472, -4.90074], [33.32604, -4.88237], [33.38002, -4.87728], [33.38794, -4.86553], [33.4121, -4.85302], [33.47166, -4.83018], [33.48192, -4.83812], [33.49981, -4.84021], [33.51364, -4.83287], [33.53969, -4.83172], [33.58236, -4.83973], [33.61105, -4.83506], [33.63257, -4.8411], [33.65522, -4.83275], [33.66579, -4.83653], [33.66994, -4.82857], [33.68772, -4.82363], [33.71446, -4.80088], [33.71824, -4.8058], [33.72427, -4.80124], [33.74089, -4.8035], [33.7522, -4.7925], [33.76239, -4.79136], [33.78959, -4.80685], [33.92886, -4.81013], [33.91596, -4.84557], [33.9196, -4.87801], [33.91347, -4.91666], [33.92687, -4.98034], [33.92448, -5.14347], [33.93537, -5.17076], [33.95331, -5.17139], [34.00313, -5.20368], [34.02832, -5.20651], [34.06225, -5.19385], [34.11623, -5.19136], [34.16779, -5.20754], [34.18549, -5.23362], [34.18201, -5.2772], [34.1714, -5.29816], [34.18239, -5.30681], [34.18608, -5.32787], [34.20851, -5.34211], [34.21023, -5.35973], [34.23839, -5.38944], [34.24204, -5.40344], [34.19258, -5.42792], [34.17155, -5.44962], [34.12125, -5.57741], [34.07074, -5.64832], [34.01787, -5.68023], [34.00574, -5.70686], [33.95226, -5.68243], [33.92569, -5.62007], [33.9096, -5.60089], [33.82623, -5.57204], [33.79583, -5.54324], [33.73909, -5.53105], [33.7142, -5.51305], [33.5838, -5.51146], [33.48659, -5.49993], [33.47347, -5.43671], [33.46453, -5.41823], [33.42318, -5.40332], [33.42954, -5.36038], [33.45359, -5.35621], [33.49249, -5.31163], [33.43203, -5.30107], [33.39473, -5.27433], [33.30759, -5.28802], [33.24984, -5.33315], [33.23554, -5.33492], [33.2303, -5.34688], [33.23299, -5.46087], [33.14784, -5.47042], [33.03548, -5.41763], [33.0026, -5.41678], [32.99864, -5.40147], [32.98346, -5.39245], [32.96096, -5.33227], [32.95871, -5.30181], [32.93679, -5.28748], [32.90419, -5.28045], [32.87693, -5.26359], [32.84939, -5.25909], [32.84462, -5.26724], [32.84197, -5.2582], [32.82832, -5.25347], [32.82012, -5.25824], [32.80029, -5.25653], [32.7693, -5.27033], [32.74373, -5.25628], [32.72577, -5.25537], [32.65128, -5.19532], [32.61898, -5.19807], [32.61154, -5.20744], [32.5837, -5.21104], [32.57655, -5.22807], [32.57773, -5.24304], [32.56823, -5.26544], [32.55903, -5.27124], [32.5537, -5.29196], [32.55853, -5.30834], [32.55523, -5.33244], [32.56033, -5.33954], [32.53466, -5.36371], [32.52974, -5.38851], [32.53363, -5.39402], [32.52468, -5.41233], [32.51263, -5.41094], [32.50107, -5.44108], [32.48831, -5.44998], [32.46432, -5.28219], [32.44257, -5.20441], [32.41901, -5.16663], [32.38211, -5.14379], [32.36519, -5.11902], [32.37549, -5.08417], [32.37702, -5.0119], [32.37019, -5.00557], [32.32473, -4.99735], [32.29767, -4.98177], [32.26194, -4.97514], [32.23051, -4.92933], [32.22177, -4.90452], [32.22339, -4.87957], [32.20244, -4.87516], [32.19673, -4.8617], [32.2194, -4.82418], [32.25074, -4.81559], [32.24656, -4.8003], [32.25654, -4.79609], [32.27937, -4.8069], [32.28837, -4.82293], [32.34141, -4.84285], [32.44597, -4.84011], [32.45632, -4.82867], [32.45911, -4.81496], [32.46151, -4.75354], [32.46703, -4.75011], [32.4879, -4.7559], [32.48612, -4.72841], [32.4732, -4.71268], [32.48305, -4.68308], [32.48586, -4.57727], [32.49463, -4.54], [32.48362, -4.52965], [32.46846, -4.49889], [32.47604, -4.44322], [32.4661, -4.41318], [32.46656, -4.3859], [32.4402, -4.35207], [32.43587, -4.33645], [32.41402, -4.33267], [32.40558, -4.3212], [32.40197, -4.323], [32.41556, -4.29588]]]}}, {"type": "Feature", "properties": {"shapeID": "72390352B54290670955979", "shapeName": "Handeni"}, "geometry": {"type": "Polygon", "coordinates": [[[37.83123, -4.99758], [37.84696, -4.97868], [37.86243, -4.98092], [37.88722, -4.97329], [37.89012, -4.97775], [37.89985, -4.97536], [37.90069, -4.96809], [37.90695, -5.01608], [37.93712, -5.03069], [37.95638, -5.05329], [37.99683, -5.06779], [38.00892, -5.09101], [38.06918, -5.1585], [38.18243, -5.12696], [38.18166, -5.13616], [38.22335, -5.16004], [38.34908, -5.19511], [38.37951, -5.19151], [38.39464, -5.21391], [38.44981, -5.20889], [38.47859, -5.24549], [38.51914, -5.232], [38.5371, -5.24326], [38.55085, -5.24083], [38.5597, -5.2495], [38.56771, -5.27837], [38.55697, -5.29569], [38.5791, -5.30242], [38.57605, -5.3114], [38.61327, -5.36056], [38.63423, -5.3701], [38.64148, -5.40995], [38.64961, -5.41534], [38.64847, -5.42075], [38.70297, -5.42353], [38.73162, -5.47484], [38.72871, -5.50883], [38.73437, -5.54233], [38.72565, -5.5891], [38.68896, -5.63769], [38.6431, -5.63667], [38.65443, -5.75222], [38.66446, -5.76307], [38.65718, -5.78216], [38.66478, -5.86178], [38.65977, -5.89836], [38.67207, -5.9338], [38.70388, -5.94548], [38.69929, -5.95864], [38.68901, -5.9611], [38.66993, -5.95164], [38.65506, -5.95434], [38.63153, -5.98474], [38.60795, -5.98539], [38.6041, -5.97715], [38.59627, -5.9813], [38.59203, -5.99442], [38.57907, -5.99905], [38.57301, -6.01029], [38.56173, -6.01571], [38.55167, -6.01049], [38.56075, -6.00639], [38.55773, -6.00107], [38.54387, -5.99676], [38.5175, -6.00782], [38.48259, -5.99949], [38.46429, -6.01974], [38.44807, -6.00813], [38.43041, -6.01451], [38.42308, -6.0111], [38.42393, -6.00562], [38.4147, -6.00606], [38.41247, -5.9861], [38.4061, -5.98668], [38.4032, -5.97822], [38.39289, -5.98263], [38.39671, -5.98831], [38.39126, -5.99352], [38.39103, -5.98761], [38.37898, -5.98147], [38.37561, -5.98889], [38.36541, -5.98309], [38.34165, -5.98715], [38.34304, -5.97266], [38.33099, -5.96431], [38.33655, -5.95318], [38.31859, -5.93452], [38.31059, -5.93382], [38.30827, -5.94043], [38.29923, -5.93116], [38.30294, -5.92803], [38.29453, -5.92374], [38.28849, -5.93618], [38.27858, -5.92124], [38.26526, -5.93056], [38.24504, -5.92838], [38.23878, -5.91823], [38.23182, -5.92214], [38.22427, -5.90358], [38.21781, -5.9005], [38.21904, -5.89405], [38.20644, -5.88974], [38.20305, -5.8962], [38.19814, -5.89405], [38.20859, -5.88544], [38.19967, -5.87437], [38.168, -5.86914], [38.17323, -5.86207], [38.16384, -5.85511], [38.15718, -5.85844], [38.14104, -5.85383], [38.13489, -5.86561], [38.10697, -5.85485], [38.10005, -5.861], [38.08698, -5.84998], [38.08109, -5.85434], [38.07315, -5.84768], [38.05752, -5.86331], [38.0091, -5.85895], [37.99783, -5.87279], [37.98963, -5.8587], [37.97041, -5.84819], [37.95094, -5.84998], [37.94428, -5.84307], [37.9274, -5.84272], [37.9008, -5.7868], [37.87665, -5.75105], [37.86597, -5.75005], [37.82575, -5.71468], [37.77312, -5.65453], [37.74068, -5.63761], [37.69132, -5.62265], [37.69542, -5.60929], [37.73556, -5.60781], [37.77032, -5.61426], [37.90596, -5.61299], [37.94077, -5.61804], [37.981, -5.61101], [38.00147, -5.60055], [38.03771, -5.63096], [38.04043, -5.56512], [38.03061, -5.52124], [38.05732, -5.51624], [38.0804, -5.52073], [38.08117, -5.48226], [38.12141, -5.4491], [38.12518, -5.46744], [38.14466, -5.42895], [38.15311, -5.39812], [38.14554, -5.39687], [38.13015, -5.33981], [38.12228, -5.32841], [38.14806, -5.29776], [38.09043, -5.25067], [38.07783, -5.26182], [38.07039, -5.31511], [38.05222, -5.33288], [38.04161, -5.33543], [38.03029, -5.325], [38.00905, -5.29163], [37.97214, -5.30711], [37.97516, -5.1707], [37.85869, -5.17105], [37.86155, -5.14294], [37.84775, -5.12962], [37.85008, -5.11638], [37.83799, -5.09658], [37.84659, -5.05507], [37.84106, -5.03315], [37.82823, -5.01274], [37.83123, -4.99758]]]}}, {"type": "Feature", "properties": {"shapeID": "72390352B73978463558570", "shapeName": "Handeni Mji"}, "geometry": {"type": "Polygon", "coordinates": [[[38.00905, -5.29163], [38.03029, -5.325], [38.04161, -5.33543], [38.05222, -5.33288], [38.07039, -5.31511], [38.07783, -5.26182], [38.09043, -5.25067], [38.14806, -5.29776], [38.12228, -5.32841], [38.13015, -5.33981], [38.14554, -5.39687], [38.15311, -5.39812], [38.13646, -5.44709], [38.12518, -5.46744], [38.12141, -5.4491], [38.08117, -5.48226], [38.0804, -5.52073], [38.05732, -5.51624], [38.03061, -5.52124], [38.04043, -5.56512], [38.03771, -5.63096], [38.00147, -5.60055], [37.981, -5.61101], [37.94077, -5.61804], [37.90596, -5.61299], [37.77032, -5.61426], [37.73556, -5.60781], [37.69542, -5.60929], [37.72619, -5.54136], [37.7575, -5.50292], [37.82573, -5.50694], [37.85356, -5.52666], [37.87453, -5.52698], [37.88801, -5.53962], [37.93683, -5.53333], [37.93739, -5.50099], [37.95552, -5.4188], [37.95379, -5.3655], [37.97214, -5.30711], [38.00905, -5.29163]]]}}, {"type": "Feature", "properties": {"shapeID": "72390352B98761165374808", "shapeName": "Kilindi"}, "geometry": {"type": "Polygon", "coordinates": [[[37.02699, -5.8861], [37.01895, -5.87666], [37.02728, -5.87236], [37.03657, -5.84744], [37.04672, -5.84034], [37.05007, -5.82782], [37.06125, -5.82371], [37.1019, -5.76904], [37.1163, -5.77152], [37.14746, -5.74123], [37.20441, -5.75186], [37.20541, -5.71469], [37.16526, -5.71603], [37.18395, -5.68305], [37.21825, -5.64976], [37.22354, -5.62771], [37.2334, -5.62324], [37.24157, -5.62678], [37.24405, -5.6138], [37.25656, -5.60294], [37.24905, -5.59807], [37.25551, -5.58462], [37.23746, -5.57066], [37.24978, -5.5378], [37.26791, -5.52548], [37.33002, -5.44929], [37.38667, -5.26173], [37.38667, -5.25292], [37.35897, -5.21641], [37.48989, -5.05906], [37.58429, -5.00493], [37.62913, -5.01332], [37.68557, -5.03919], [37.73535, -5.01626], [37.76529, -5.00926], [37.79409, -5.03073], [37.80474, -5.02059], [37.82461, -5.02028], [37.82686, -5.01199], [37.84106, -5.03315], [37.84659, -5.05507], [37.83799, -5.09658], [37.85008, -5.11638], [37.84775, -5.12962], [37.86155, -5.14294], [37.85869, -5.17105], [37.97516, -5.1707], [37.97202, -5.31202], [37.95379, -5.3655], [37.95552, -5.4188], [37.93739, -5.50099], [37.93683, -5.53333], [37.88801, -5.53962], [37.87453, -5.52698], [37.85356, -5.52666], [37.82573, -5.50694], [37.7575, -5.50292], [37.72619, -5.54136], [37.69103, -5.62031], [37.77312, -5.65453], [37.82575, -5.71468], [37.86597, -5.75005], [37.87665, -5.75105], [37.9008, -5.7868], [37.9274, -5.84272], [37.89906, -5.87206], [37.88062, -5.87377], [37.86525, -5.89188], [37.81913, -5.88402], [37.78794, -5.89596], [37.77668, -5.89348], [37.77512, -5.89854], [37.77028, -5.88665], [37.75443, -5.88855], [37.75581, -5.87384], [37.74479, -5.87265], [37.74307, -5.86587], [37.72884, -5.8756], [37.71951, -5.86359], [37.6888, -5.91327], [37.66522, -5.93469], [37.63506, -5.95022], [37.63232, -5.91324], [37.61113, -5.89758], [37.60826, -5.85617], [37.59736, -5.85554], [37.57644, -5.83665], [37.56418, -5.84172], [37.55336, -5.82129], [37.54054, -5.81147], [37.5344, -5.81881], [37.52634, -5.81642], [37.52485, -5.8227], [37.4929, -5.8147], [37.48784, -5.82468], [37.47973, -5.82031], [37.47629, -5.80607], [37.46599, -5.80807], [37.46079, -5.80036], [37.44799, -5.80012], [37.4169, -5.82813], [37.39593, -5.85968], [37.38935, -5.90281], [37.39447, -5.92852], [37.37163, -5.969], [37.32746, -5.9815], [37.30244, -5.97915], [37.2897, -5.98993], [37.24659, -5.9934], [37.23289, -6.00008], [37.17537, -6.00052], [37.14618, -5.98969], [37.12544, -5.96437], [37.07393, -5.85829], [37.02389, -5.89452], [37.02699, -5.8861]]]}}, {"type": "Feature", "properties": {"shapeID": "72390352B3133588656991", "shapeName": "Korogwe"}, "geometry": {"type": "Polygon", "coordinates": [[[38.00517, -4.5914], [38.0232, -4.59824], [38.03737, -4.59347], [38.04978, -4.61371], [38.08375, -4.61158], [38.10888, -4.59604], [38.11519, -4.58343], [38.16747, -4.63707], [38.20746, -4.72483], [38.23994, -4.77526], [38.25152, -4.82009], [38.29646, -4.88184], [38.30677, -4.92981], [38.31883, -4.95578], [38.32872, -4.9614], [38.34964, -4.956], [38.40066, -4.9599], [38.4304, -4.95353], [38.45779, -4.95484], [38.46325, -4.96457], [38.50612, -4.98338], [38.52946, -4.96024], [38.5378, -4.92656], [38.55913, -4.88567], [38.56876, -4.82407], [38.59409, -4.81185], [38.62624, -4.75111], [38.65151, -4.72545], [38.69045, -4.73611], [38.66712, -4.69269], [38.66678, -4.66009], [38.65751, -4.61498], [38.65974, -4.53574], [38.66129, -4.53042], [38.66729, -4.53145], [38.663, -4.52373], [38.67124, -4.51172], [38.66935, -4.50538], [38.67758, -4.50006], [38.68753, -4.50761], [38.69851, -4.50418], [38.72201, -4.51378], [38.74637, -4.49268], [38.76261, -4.49458], [38.76826, -4.51042], [38.76072, -4.53304], [38.76168, -4.59232], [38.7525, -4.61871], [38.75824, -4.65715], [38.73873, -4.656], [38.72553, -4.66748], [38.75755, -4.71418], [38.73873, -4.71969], [38.73127, -4.72887], [38.73586, -4.7346], [38.72783, -4.76042], [38.70312, -4.81609], [38.69518, -4.87207], [38.62693, -4.98321], [38.61736, -5.00726], [38.60601, -5.01296], [38.58824, -5.04192], [38.57534, -5.07674], [38.58717, -5.16769], [38.60544, -5.20697], [38.61067, -5.23599], [38.6308, -5.26538], [38.62647, -5.28008], [38.62801, -5.33097], [38.63423, -5.3701], [38.61327, -5.36056], [38.57605, -5.3114], [38.5791, -5.30242], [38.55697, -5.29569], [38.56771, -5.27837], [38.5597, -5.2495], [38.55231, -5.24358], [38.56301, -5.23515], [38.56499, -5.22197], [38.55289, -5.20778], [38.54217, -5.20643], [38.54562, -5.19032], [38.53123, -5.19444], [38.53288, -5.19984], [38.52591, -5.19369], [38.53108, -5.185], [38.52426, -5.18897], [38.51534, -5.17075], [38.52785, -5.13696], [38.52576, -5.12759], [38.51474, -5.12871], [38.51818, -5.11657], [38.54545, -5.07153], [38.5528, -5.0464], [38.51669, -5.04856], [38.50922, -5.05849], [38.51194, -5.07003], [38.48905, -5.07822], [38.48335, -5.09242], [38.47506, -5.09632], [38.47164, -5.11179], [38.45741, -5.11489], [38.44797, -5.1272], [38.41529, -5.1197], [38.40403, -5.14154], [38.38804, -5.15366], [38.38613, -5.20069], [38.37951, -5.19151], [38.34908, -5.19511], [38.2382, -5.16573], [38.18166, -5.13616], [38.18243, -5.12696], [38.06918, -5.1585], [38.00892, -5.09101], [37.99683, -5.06779], [37.95638, -5.05329], [37.93712, -5.03069], [37.90695, -5.01608], [37.90433, -4.97037], [37.91072, -4.96512], [37.92417, -4.9674], [37.93214, -4.95922], [37.93359, -4.96522], [37.94383, -4.96088], [37.95625, -4.96605], [37.96681, -4.98251], [37.98016, -4.98892], [37.99987, -4.9917], [37.99453, -4.91664], [37.99969, -4.86568], [37.99398, -4.83348], [37.99748, -4.77737], [37.98147, -4.75161], [37.99361, -4.70801], [37.99856, -4.61133], [38.00517, -4.5914]]]}}, {"type": "Feature", "properties": {"shapeID": "72390352B41893572728253", "shapeName": "Korogwe Township Authority"}, "geometry": {"type": "Polygon", "coordinates": [[[38.54467, -5.23979], [38.5371, -5.24326], [38.51914, -5.232], [38.47859, -5.24549], [38.44981, -5.20889], [38.39464, -5.21391], [38.38613, -5.20069], [38.38804, -5.15366], [38.40403, -5.14154], [38.41529, -5.1197], [38.44797, -5.1272], [38.45741, -5.11489], [38.47164, -5.11179], [38.47506, -5.09632], [38.48335, -5.09242], [38.48905, -5.07822], [38.51194, -5.07003], [38.50922, -5.05849], [38.52266, -5.04542], [38.5528, -5.0464], [38.54545, -5.07153], [38.52969, -5.09136], [38.52764, -5.10704], [38.5204, -5.11122], [38.51474, -5.12871], [38.52576, -5.12759], [38.52785, -5.13696], [38.51534, -5.17075], [38.51856, -5.18305], [38.52426, -5.18897], [38.53108, -5.185], [38.52591, -5.19369], [38.53288, -5.19984], [38.53123, -5.19444], [38.54562, -5.19032], [38.54217, -5.20643], [38.55289, -5.20778], [38.56499, -5.22197], [38.56301, -5.23515], [38.55231, -5.24358], [38.54467, -5.23979]]]}}, {"type": "Feature", "properties": {"shapeID": "72390352B30242417713864", "shapeName": "Lushoto"}, "geometry": {"type": "Polygon", "coordinates": [[[38.12005, -4.53059], [38.23871, -4.36462], [38.40353, -4.10889], [38.7599, -4.35804], [38.75959, -4.49156], [38.73745, -4.49714], [38.73693, -4.50332], [38.72201, -4.51378], [38.69851, -4.50418], [38.68753, -4.50761], [38.67518, -4.50006], [38.663, -4.52373], [38.66729, -4.53145], [38.66129, -4.53042], [38.65974, -4.53574], [38.65751, -4.61498], [38.66678, -4.66009], [38.66712, -4.69269], [38.69045, -4.73611], [38.65151, -4.72545], [38.62624, -4.75111], [38.59409, -4.81185], [38.56876, -4.82407], [38.55913, -4.88567], [38.5378, -4.92656], [38.52946, -4.96024], [38.50612, -4.98338], [38.46325, -4.96457], [38.45779, -4.95484], [38.4304, -4.95353], [38.40066, -4.9599], [38.34964, -4.956], [38.32872, -4.9614], [38.31883, -4.95578], [38.30677, -4.92981], [38.29646, -4.88184], [38.25152, -4.82009], [38.23994, -4.77526], [38.20746, -4.72483], [38.16747, -4.63707], [38.11519, -4.58343], [38.12005, -4.53059]]]}}, {"type": "Feature", "properties": {"shapeID": "72390352B38372573514065", "shapeName": "Mkinga"}, "geometry": {"type": "Polygon", "coordinates": [[[38.69518, -4.87207], [38.70312, -4.81609], [38.72783, -4.76042], [38.73586, -4.7346], [38.73127, -4.72887], [38.73873, -4.71969], [38.75755, -4.71418], [38.72553, -4.66748], [38.73873, -4.656], [38.75824, -4.65715], [38.7525, -4.61871], [38.76168, -4.59232], [38.76072, -4.53304], [38.76826, -4.51042], [38.75959, -4.49156], [38.7599, -4.35804], [39.19538, -4.66106], [39.19183, -4.67622], [39.1775, -4.68698], [39.18773, -4.71473], [39.16948, -4.73494], [39.16675, -4.74819], [39.17619, -4.76128], [39.16522, -4.78428], [39.18083, -4.80853], [39.1878, -4.80227], [39.19818, -4.81344], [39.20936, -4.80338], [39.20112, -4.79252], [39.21451, -4.79007], [39.22006, -4.80663], [39.21697, -4.82042], [39.20746, -4.82509], [39.19993, -4.81693], [39.20143, -4.82691], [39.19464, -4.8292], [39.19144, -4.84023], [39.1921, -4.84525], [39.20123, -4.83746], [39.20153, -4.85545], [39.20686, -4.83949], [39.21417, -4.84412], [39.1761, -4.93751], [39.17837, -4.91036], [39.17405, -4.89824], [39.18256, -4.88607], [39.17757, -4.88295], [39.17851, -4.87474], [39.18978, -4.86329], [39.17494, -4.86672], [39.17803, -4.85247], [39.16438, -4.82826], [39.15457, -4.82972], [39.14756, -4.82395], [39.15969, -4.84904], [39.14648, -4.88035], [39.14006, -4.88302], [39.146, -4.89699], [39.13566, -4.91785], [39.1151, -4.91274], [39.11034, -4.89812], [39.1173, -4.8898], [39.11171, -4.88707], [39.09513, -4.89902], [39.10357, -4.90437], [39.10054, -4.91667], [39.09638, -4.91221], [39.09126, -4.92235], [39.10199, -4.92873], [39.11166, -4.92258], [39.13822, -4.94504], [39.14225, -4.96171], [39.12927, -4.97809], [39.10216, -4.9632], [39.09159, -4.97677], [39.0872, -4.96685], [39.0208, -4.96165], [39.00312, -4.98132], [38.98052, -4.98722], [38.95928, -5.01966], [38.92988, -5.01577], [38.9124, -5.03402], [38.86093, -5.03477], [38.82652, -5.01961], [38.77702, -5.00888], [38.74905, -4.99232], [38.71901, -4.9985], [38.7076, -4.97291], [38.70215, -4.93257], [38.6613, -4.93241], [38.69518, -4.87207]]]}}, {"type": "Feature", "properties": {"shapeID": "72390352B38576032693201", "shapeName": "Muheza"}, "geometry": {"type": "Polygon", "coordinates": [[[38.64847, -5.42075], [38.64961, -5.41534], [38.64148, -5.40995], [38.62801, -5.33097], [38.62647, -5.28008], [38.6308, -5.26538], [38.61067, -5.23599], [38.60544, -5.20697], [38.58717, -5.16769], [38.57534, -5.07674], [38.60042, -5.02122], [38.61736, -5.00726], [38.62693, -4.98321], [38.6613, -4.93241], [38.70215, -4.93257], [38.7076, -4.97291], [38.71901, -4.9985], [38.74905, -4.99232], [38.77702, -5.00888], [38.82652, -5.01961], [38.86093, -5.03477], [38.89005, -5.03669], [38.89487, -5.0323], [38.89844, -5.03611], [38.90257, -5.0833], [38.91854, -5.08715], [38.9227, -5.11877], [38.93473, -5.12793], [38.93502, -5.14523], [38.95099, -5.16619], [38.95848, -5.19032], [38.95299, -5.2053], [38.96131, -5.21878], [38.95848, -5.22726], [38.93668, -5.23774], [38.93435, -5.25072], [38.91372, -5.2632], [38.92287, -5.2845], [38.94001, -5.29282], [38.99109, -5.26437], [39.07243, -5.25706], [39.04246, -5.34971], [38.99533, -5.34339], [38.90534, -5.28724], [38.88575, -5.26925], [38.85802, -5.26333], [38.83399, -5.26633], [38.82807, -5.26915], [38.82816, -5.29032], [38.81526, -5.31927], [38.7821, -5.34463], [38.74989, -5.38829], [38.70228, -5.41177], [38.70448, -5.4256], [38.64847, -5.42075]]]}}, {"type": "Feature", "properties": {"shapeID": "72390352B29030119078393", "shapeName": "Pangani"}, "geometry": {"type": "Polygon", "coordinates": [[[38.79085, -5.96677], [38.75925, -5.95323], [38.73037, -5.95323], [38.68501, -5.93946], [38.66705, -5.92603], [38.65977, -5.89836], [38.66478, -5.86178], [38.65718, -5.78216], [38.66446, -5.76307], [38.65443, -5.75222], [38.6431, -5.63667], [38.68896, -5.63769], [38.71102, -5.61279], [38.73097, -5.5721], [38.73162, -5.47484], [38.70448, -5.4256], [38.70228, -5.41177], [38.74989, -5.38829], [38.7821, -5.34463], [38.81526, -5.31927], [38.82816, -5.29032], [38.82807, -5.26915], [38.85802, -5.26333], [38.89103, -5.27209], [38.90534, -5.28724], [38.99533, -5.34339], [39.04246, -5.34971], [39.01722, -5.40838], [39.00953, -5.40466], [38.9923, -5.41059], [38.98142, -5.42887], [38.98755, -5.44235], [38.99934, -5.44641], [38.99465, -5.4799], [38.97067, -5.52829], [38.96749, -5.5514], [38.94965, -5.56742], [38.93289, -5.61317], [38.91613, -5.62685], [38.9144, -5.63763], [38.89957, -5.64071], [38.90548, -5.64724], [38.89826, -5.66168], [38.89104, -5.71764], [38.82153, -5.83679], [38.81522, -5.86567], [38.81612, -5.93427], [38.79085, -5.96677]]]}}, {"type": "Feature", "properties": {"shapeID": "72390352B10610893489740", "shapeName": "Tanga Urban"}, "geometry": {"type": "Polygon", "coordinates": [[[38.9124, -5.03402], [38.92988, -5.01577], [38.95928, -5.01966], [38.98052, -4.98722], [39.00312, -4.98132], [39.0208, -4.96165], [39.0872, -4.96685], [39.09029, -4.97642], [39.09391, -4.97209], [39.10094, -4.97593], [39.10769, -4.98593], [39.118, -4.98293], [39.13503, -4.99936], [39.12771, -5.02478], [39.10613, -5.01866], [39.08671, -5.02466], [39.08083, -5.01914], [39.06429, -5.03976], [39.05026, -5.04336], [39.05842, -5.04911], [39.08983, -5.0406], [39.08323, -5.05271], [39.07628, -5.05343], [39.06729, -5.06182], [39.06526, -5.06849], [39.08563, -5.06017], [39.10218, -5.06584], [39.12286, -5.05188], [39.13344, -5.10556], [39.12672, -5.10307], [39.11999, -5.11131], [39.12471, -5.11488], [39.104, -5.13146], [39.10065, -5.14932], [39.0919, -5.15568], [39.09765, -5.16599], [39.09237, -5.1709], [39.09549, -5.18049], [39.06431, -5.20979], [39.06215, -5.22227], [39.08877, -5.2231], [39.07045, -5.25896], [38.99109, -5.26437], [38.94001, -5.29282], [38.92287, -5.2845], [38.91372, -5.2632], [38.93435, -5.25072], [38.93668, -5.23774], [38.95848, -5.22726], [38.96131, -5.21878], [38.95299, -5.2053], [38.95848, -5.19032], [38.95099, -5.16619], [38.93502, -5.14523], [38.93473, -5.12793], [38.9227, -5.11877], [38.91854, -5.08715], [38.90257, -5.0833], [38.89844, -5.03611], [38.9124, -5.03402]]]}}]}